<?xml version="1.0" encoding="UTF-8" ?>
	<!-- This is a WordPress eXtended RSS file generated by WordPress as an export of your site. -->
	<!-- It contains information about your site's posts, pages, comments, categories, and other content. -->
	<!-- You may use this file to transfer that content from one site to another. -->
	<!-- This file is not intended to serve as a complete backup of your site. -->

	<!-- To import this information into a WordPress site follow these steps: -->
	<!-- 1. Log in to that site as an administrator. -->
	<!-- 2. Go to Tools: Import in the WordPress admin panel. -->
	<!-- 3. Install the "WordPress" importer from the list. -->
	<!-- 4. Activate & Run Importer. -->
	<!-- 5. Upload this file using the form provided on that page. -->
	<!-- 6. You will first be asked to map the authors in this export file to users -->
	<!--    on the site. For each author, you may choose to map to an -->
	<!--    existing user on the site or to create a new user. -->
	<!-- 7. WordPress will then import each of the posts, pages, comments, categories, etc. -->
	<!--    contained in this file into your site. -->

	<!-- generator="WordPress/6.5.5" created="2024-10-25 09:04" -->
<rss version="2.0"
	xmlns:excerpt="http://wordpress.org/export/1.2/excerpt/"
	xmlns:content="http://purl.org/rss/1.0/modules/content/"
	xmlns:wfw="http://wellformedweb.org/CommentAPI/"
	xmlns:dc="http://purl.org/dc/elements/1.1/"
	xmlns:wp="http://wordpress.org/export/1.2/"
>

<channel>
	<title>Accessories gutenberg</title>
	<link>https://dummy.xtemos.com/woodmart2/accessories-gutenberg</link>
	<description></description>
	<pubDate>Fri, 25 Oct 2024 09:04:25 +0000</pubDate>
	<language>en-US</language>
	<wp:wxr_version>1.2</wp:wxr_version>
	<wp:base_site_url>https://dummy.xtemos.com/woodmart2/</wp:base_site_url>
	<wp:base_blog_url>https://dummy.xtemos.com/woodmart2/accessories-gutenberg</wp:base_blog_url>

		<wp:author><wp:author_id>2</wp:author_id><wp:author_login><![CDATA[zakhar]]></wp:author_login><wp:author_email><![CDATA[zak@asda.as]]></wp:author_email><wp:author_display_name><![CDATA[Mr. Mackay]]></wp:author_display_name><wp:author_first_name><![CDATA[sds]]></wp:author_first_name><wp:author_last_name><![CDATA[scssc]]></wp:author_last_name></wp:author>

					<wp:term>
			<wp:term_id>0</wp:term_id>
			<wp:term_taxonomy><![CDATA[]]></wp:term_taxonomy>
			<wp:term_slug><![CDATA[]]></wp:term_slug>
			<wp:term_parent><![CDATA[]]></wp:term_parent>
					</wp:term>
		
	<generator>https://wordpress.org/?v=6.5.5</generator>

					<item>
					<title><![CDATA[w-accessories-product-iphone-xr-10-1.jpg]]></title>
					<link>https://dummy.xtemos.com/woodmart2/accessories-gutenberg/?attachment_id=111</link>
					<pubDate>Fri, 12 Jul 2024 11:15:52 +0000</pubDate>
					<dc:creator><![CDATA[zakhar]]></dc:creator>
					<guid isPermaLink="false">http://dummy.xtemos.com/woodmart2/accessories-gutenberg/wp-content/uploads/sites/26/2024/07/w-accessories-product-iphone-xr-10-1.jpg</guid>
															<wp:post_id>111</wp:post_id>
					<wp:post_date><![CDATA[2024-07-12 11:15:52]]></wp:post_date>
					<wp:post_date_gmt><![CDATA[2024-07-12 11:15:52]]></wp:post_date_gmt>
					<wp:post_modified><![CDATA[2024-07-12 11:15:52]]></wp:post_modified>
					<wp:post_modified_gmt><![CDATA[2024-07-12 11:15:52]]></wp:post_modified_gmt>
					<wp:comment_status><![CDATA[open]]></wp:comment_status>
					<wp:post_name><![CDATA[w-accessories-product-iphone-xr-10-1-jpg]]></wp:post_name>
					<wp:status><![CDATA[inherit]]></wp:status>
					<wp:post_parent>69</wp:post_parent>
					<wp:menu_order>0</wp:menu_order>
					<wp:post_type><![CDATA[attachment]]></wp:post_type>
											<wp:attachment_url><![CDATA[http://dummy.xtemos.com/woodmart2/accessories-gutenberg/wp-content/uploads/sites/26/2024/07/w-accessories-product-iphone-xr-10-1.jpg]]></wp:attachment_url>
																					<wp:postmeta>
							<wp:meta_key><![CDATA[_wp_attached_file]]></wp:meta_key>
							<wp:meta_value><![CDATA[2024/07/w-accessories-product-iphone-xr-10-1.jpg]]></wp:meta_value>
						</wp:postmeta>
												<wp:postmeta>
							<wp:meta_key><![CDATA[_wc_attachment_source]]></wp:meta_key>
							<wp:meta_value><![CDATA[http://dummy.xtemos.com/woodmart2/accessories-elementor/wp-content/uploads/sites/6/2022/09/w-accessories-product-iphone-xr-10-1.jpg]]></wp:meta_value>
						</wp:postmeta>
										</item>
								<item>
					<title><![CDATA[w-accessories-product-iphone-xr-10-2.jpg]]></title>
					<link>https://dummy.xtemos.com/woodmart2/accessories-gutenberg/?attachment_id=112</link>
					<pubDate>Fri, 12 Jul 2024 11:15:52 +0000</pubDate>
					<dc:creator><![CDATA[zakhar]]></dc:creator>
					<guid isPermaLink="false">http://dummy.xtemos.com/woodmart2/accessories-gutenberg/wp-content/uploads/sites/26/2024/07/w-accessories-product-iphone-xr-10-2.jpg</guid>
															<wp:post_id>112</wp:post_id>
					<wp:post_date><![CDATA[2024-07-12 11:15:52]]></wp:post_date>
					<wp:post_date_gmt><![CDATA[2024-07-12 11:15:52]]></wp:post_date_gmt>
					<wp:post_modified><![CDATA[2024-07-12 11:15:52]]></wp:post_modified>
					<wp:post_modified_gmt><![CDATA[2024-07-12 11:15:52]]></wp:post_modified_gmt>
					<wp:comment_status><![CDATA[open]]></wp:comment_status>
					<wp:post_name><![CDATA[w-accessories-product-iphone-xr-10-2-jpg]]></wp:post_name>
					<wp:status><![CDATA[inherit]]></wp:status>
					<wp:post_parent>69</wp:post_parent>
					<wp:menu_order>0</wp:menu_order>
					<wp:post_type><![CDATA[attachment]]></wp:post_type>
											<wp:attachment_url><![CDATA[http://dummy.xtemos.com/woodmart2/accessories-gutenberg/wp-content/uploads/sites/26/2024/07/w-accessories-product-iphone-xr-10-2.jpg]]></wp:attachment_url>
																					<wp:postmeta>
							<wp:meta_key><![CDATA[_wp_attached_file]]></wp:meta_key>
							<wp:meta_value><![CDATA[2024/07/w-accessories-product-iphone-xr-10-2.jpg]]></wp:meta_value>
						</wp:postmeta>
												<wp:postmeta>
							<wp:meta_key><![CDATA[_wc_attachment_source]]></wp:meta_key>
							<wp:meta_value><![CDATA[http://dummy.xtemos.com/woodmart2/accessories-elementor/wp-content/uploads/sites/6/2022/09/w-accessories-product-iphone-xr-10-2.jpg]]></wp:meta_value>
						</wp:postmeta>
										</item>
								<item>
					<title><![CDATA[w-accessories-product-iphone-xr-10-3.jpg]]></title>
					<link>https://dummy.xtemos.com/woodmart2/accessories-gutenberg/?attachment_id=113</link>
					<pubDate>Fri, 12 Jul 2024 11:15:52 +0000</pubDate>
					<dc:creator><![CDATA[zakhar]]></dc:creator>
					<guid isPermaLink="false">http://dummy.xtemos.com/woodmart2/accessories-gutenberg/wp-content/uploads/sites/26/2024/07/w-accessories-product-iphone-xr-10-3.jpg</guid>
															<wp:post_id>113</wp:post_id>
					<wp:post_date><![CDATA[2024-07-12 11:15:52]]></wp:post_date>
					<wp:post_date_gmt><![CDATA[2024-07-12 11:15:52]]></wp:post_date_gmt>
					<wp:post_modified><![CDATA[2024-07-12 11:15:52]]></wp:post_modified>
					<wp:post_modified_gmt><![CDATA[2024-07-12 11:15:52]]></wp:post_modified_gmt>
					<wp:comment_status><![CDATA[open]]></wp:comment_status>
					<wp:post_name><![CDATA[w-accessories-product-iphone-xr-10-3-jpg]]></wp:post_name>
					<wp:status><![CDATA[inherit]]></wp:status>
					<wp:post_parent>69</wp:post_parent>
					<wp:menu_order>0</wp:menu_order>
					<wp:post_type><![CDATA[attachment]]></wp:post_type>
											<wp:attachment_url><![CDATA[http://dummy.xtemos.com/woodmart2/accessories-gutenberg/wp-content/uploads/sites/26/2024/07/w-accessories-product-iphone-xr-10-3.jpg]]></wp:attachment_url>
																					<wp:postmeta>
							<wp:meta_key><![CDATA[_wp_attached_file]]></wp:meta_key>
							<wp:meta_value><![CDATA[2024/07/w-accessories-product-iphone-xr-10-3.jpg]]></wp:meta_value>
						</wp:postmeta>
												<wp:postmeta>
							<wp:meta_key><![CDATA[_wc_attachment_source]]></wp:meta_key>
							<wp:meta_value><![CDATA[http://dummy.xtemos.com/woodmart2/accessories-elementor/wp-content/uploads/sites/6/2022/09/w-accessories-product-iphone-xr-10-3.jpg]]></wp:meta_value>
						</wp:postmeta>
										</item>
								<item>
					<title><![CDATA[blue-case-back.jpg]]></title>
					<link>https://dummy.xtemos.com/woodmart2/accessories-gutenberg/?attachment_id=114</link>
					<pubDate>Fri, 12 Jul 2024 11:15:52 +0000</pubDate>
					<dc:creator><![CDATA[zakhar]]></dc:creator>
					<guid isPermaLink="false">http://dummy.xtemos.com/woodmart2/accessories-gutenberg/wp-content/uploads/sites/26/2024/07/blue-case-back.jpg</guid>
															<wp:post_id>114</wp:post_id>
					<wp:post_date><![CDATA[2024-07-12 11:15:52]]></wp:post_date>
					<wp:post_date_gmt><![CDATA[2024-07-12 11:15:52]]></wp:post_date_gmt>
					<wp:post_modified><![CDATA[2024-07-12 11:15:52]]></wp:post_modified>
					<wp:post_modified_gmt><![CDATA[2024-07-12 11:15:52]]></wp:post_modified_gmt>
					<wp:comment_status><![CDATA[open]]></wp:comment_status>
					<wp:post_name><![CDATA[blue-case-back-jpg]]></wp:post_name>
					<wp:status><![CDATA[inherit]]></wp:status>
					<wp:post_parent>70</wp:post_parent>
					<wp:menu_order>0</wp:menu_order>
					<wp:post_type><![CDATA[attachment]]></wp:post_type>
											<wp:attachment_url><![CDATA[http://dummy.xtemos.com/woodmart2/accessories-gutenberg/wp-content/uploads/sites/26/2024/07/blue-case-back.jpg]]></wp:attachment_url>
																					<wp:postmeta>
							<wp:meta_key><![CDATA[_wp_attached_file]]></wp:meta_key>
							<wp:meta_value><![CDATA[2024/07/blue-case-back.jpg]]></wp:meta_value>
						</wp:postmeta>
												<wp:postmeta>
							<wp:meta_key><![CDATA[_wc_attachment_source]]></wp:meta_key>
							<wp:meta_value><![CDATA[http://dummy.xtemos.com/woodmart2/accessories-elementor/wp-content/uploads/sites/6/2022/09/blue-case-back.jpg]]></wp:meta_value>
						</wp:postmeta>
										</item>
								<item>
					<title><![CDATA[blue-case-side.jpg]]></title>
					<link>https://dummy.xtemos.com/woodmart2/accessories-gutenberg/?attachment_id=115</link>
					<pubDate>Fri, 12 Jul 2024 11:15:52 +0000</pubDate>
					<dc:creator><![CDATA[zakhar]]></dc:creator>
					<guid isPermaLink="false">http://dummy.xtemos.com/woodmart2/accessories-gutenberg/wp-content/uploads/sites/26/2024/07/blue-case-side.jpg</guid>
															<wp:post_id>115</wp:post_id>
					<wp:post_date><![CDATA[2024-07-12 11:15:52]]></wp:post_date>
					<wp:post_date_gmt><![CDATA[2024-07-12 11:15:52]]></wp:post_date_gmt>
					<wp:post_modified><![CDATA[2024-07-12 11:15:52]]></wp:post_modified>
					<wp:post_modified_gmt><![CDATA[2024-07-12 11:15:52]]></wp:post_modified_gmt>
					<wp:comment_status><![CDATA[open]]></wp:comment_status>
					<wp:post_name><![CDATA[blue-case-side-jpg]]></wp:post_name>
					<wp:status><![CDATA[inherit]]></wp:status>
					<wp:post_parent>70</wp:post_parent>
					<wp:menu_order>0</wp:menu_order>
					<wp:post_type><![CDATA[attachment]]></wp:post_type>
											<wp:attachment_url><![CDATA[http://dummy.xtemos.com/woodmart2/accessories-gutenberg/wp-content/uploads/sites/26/2024/07/blue-case-side.jpg]]></wp:attachment_url>
																					<wp:postmeta>
							<wp:meta_key><![CDATA[_wp_attached_file]]></wp:meta_key>
							<wp:meta_value><![CDATA[2024/07/blue-case-side.jpg]]></wp:meta_value>
						</wp:postmeta>
												<wp:postmeta>
							<wp:meta_key><![CDATA[_wc_attachment_source]]></wp:meta_key>
							<wp:meta_value><![CDATA[http://dummy.xtemos.com/woodmart2/accessories-elementor/wp-content/uploads/sites/6/2022/09/blue-case-side.jpg]]></wp:meta_value>
						</wp:postmeta>
										</item>
								<item>
					<title><![CDATA[blue-case-front.jpg]]></title>
					<link>https://dummy.xtemos.com/woodmart2/accessories-gutenberg/?attachment_id=116</link>
					<pubDate>Fri, 12 Jul 2024 11:15:53 +0000</pubDate>
					<dc:creator><![CDATA[zakhar]]></dc:creator>
					<guid isPermaLink="false">http://dummy.xtemos.com/woodmart2/accessories-gutenberg/wp-content/uploads/sites/26/2024/07/blue-case-front.jpg</guid>
															<wp:post_id>116</wp:post_id>
					<wp:post_date><![CDATA[2024-07-12 11:15:53]]></wp:post_date>
					<wp:post_date_gmt><![CDATA[2024-07-12 11:15:53]]></wp:post_date_gmt>
					<wp:post_modified><![CDATA[2024-07-12 11:15:53]]></wp:post_modified>
					<wp:post_modified_gmt><![CDATA[2024-07-12 11:15:53]]></wp:post_modified_gmt>
					<wp:comment_status><![CDATA[open]]></wp:comment_status>
					<wp:post_name><![CDATA[blue-case-front-jpg]]></wp:post_name>
					<wp:status><![CDATA[inherit]]></wp:status>
					<wp:post_parent>70</wp:post_parent>
					<wp:menu_order>0</wp:menu_order>
					<wp:post_type><![CDATA[attachment]]></wp:post_type>
											<wp:attachment_url><![CDATA[http://dummy.xtemos.com/woodmart2/accessories-gutenberg/wp-content/uploads/sites/26/2024/07/blue-case-front.jpg]]></wp:attachment_url>
																					<wp:postmeta>
							<wp:meta_key><![CDATA[_wp_attached_file]]></wp:meta_key>
							<wp:meta_value><![CDATA[2024/07/blue-case-front.jpg]]></wp:meta_value>
						</wp:postmeta>
												<wp:postmeta>
							<wp:meta_key><![CDATA[_wc_attachment_source]]></wp:meta_key>
							<wp:meta_value><![CDATA[http://dummy.xtemos.com/woodmart2/accessories-elementor/wp-content/uploads/sites/6/2022/09/blue-case-front.jpg]]></wp:meta_value>
						</wp:postmeta>
										</item>
								<item>
					<title><![CDATA[dark-case-back.jpg]]></title>
					<link>https://dummy.xtemos.com/woodmart2/accessories-gutenberg/?attachment_id=117</link>
					<pubDate>Fri, 12 Jul 2024 11:15:53 +0000</pubDate>
					<dc:creator><![CDATA[zakhar]]></dc:creator>
					<guid isPermaLink="false">http://dummy.xtemos.com/woodmart2/accessories-gutenberg/wp-content/uploads/sites/26/2024/07/dark-case-back.jpg</guid>
															<wp:post_id>117</wp:post_id>
					<wp:post_date><![CDATA[2024-07-12 11:15:53]]></wp:post_date>
					<wp:post_date_gmt><![CDATA[2024-07-12 11:15:53]]></wp:post_date_gmt>
					<wp:post_modified><![CDATA[2024-07-12 11:15:53]]></wp:post_modified>
					<wp:post_modified_gmt><![CDATA[2024-07-12 11:15:53]]></wp:post_modified_gmt>
					<wp:comment_status><![CDATA[open]]></wp:comment_status>
					<wp:post_name><![CDATA[dark-case-back-jpg]]></wp:post_name>
					<wp:status><![CDATA[inherit]]></wp:status>
					<wp:post_parent>71</wp:post_parent>
					<wp:menu_order>0</wp:menu_order>
					<wp:post_type><![CDATA[attachment]]></wp:post_type>
											<wp:attachment_url><![CDATA[http://dummy.xtemos.com/woodmart2/accessories-gutenberg/wp-content/uploads/sites/26/2024/07/dark-case-back.jpg]]></wp:attachment_url>
																					<wp:postmeta>
							<wp:meta_key><![CDATA[_wp_attached_file]]></wp:meta_key>
							<wp:meta_value><![CDATA[2024/07/dark-case-back.jpg]]></wp:meta_value>
						</wp:postmeta>
												<wp:postmeta>
							<wp:meta_key><![CDATA[_wc_attachment_source]]></wp:meta_key>
							<wp:meta_value><![CDATA[http://dummy.xtemos.com/woodmart2/accessories-elementor/wp-content/uploads/sites/6/2022/09/dark-case-back.jpg]]></wp:meta_value>
						</wp:postmeta>
										</item>
								<item>
					<title><![CDATA[dark-case-side.jpg]]></title>
					<link>https://dummy.xtemos.com/woodmart2/accessories-gutenberg/?attachment_id=118</link>
					<pubDate>Fri, 12 Jul 2024 11:15:53 +0000</pubDate>
					<dc:creator><![CDATA[zakhar]]></dc:creator>
					<guid isPermaLink="false">http://dummy.xtemos.com/woodmart2/accessories-gutenberg/wp-content/uploads/sites/26/2024/07/dark-case-side.jpg</guid>
															<wp:post_id>118</wp:post_id>
					<wp:post_date><![CDATA[2024-07-12 11:15:53]]></wp:post_date>
					<wp:post_date_gmt><![CDATA[2024-07-12 11:15:53]]></wp:post_date_gmt>
					<wp:post_modified><![CDATA[2024-07-12 11:15:53]]></wp:post_modified>
					<wp:post_modified_gmt><![CDATA[2024-07-12 11:15:53]]></wp:post_modified_gmt>
					<wp:comment_status><![CDATA[open]]></wp:comment_status>
					<wp:post_name><![CDATA[dark-case-side-jpg]]></wp:post_name>
					<wp:status><![CDATA[inherit]]></wp:status>
					<wp:post_parent>71</wp:post_parent>
					<wp:menu_order>0</wp:menu_order>
					<wp:post_type><![CDATA[attachment]]></wp:post_type>
											<wp:attachment_url><![CDATA[http://dummy.xtemos.com/woodmart2/accessories-gutenberg/wp-content/uploads/sites/26/2024/07/dark-case-side.jpg]]></wp:attachment_url>
																					<wp:postmeta>
							<wp:meta_key><![CDATA[_wp_attached_file]]></wp:meta_key>
							<wp:meta_value><![CDATA[2024/07/dark-case-side.jpg]]></wp:meta_value>
						</wp:postmeta>
												<wp:postmeta>
							<wp:meta_key><![CDATA[_wc_attachment_source]]></wp:meta_key>
							<wp:meta_value><![CDATA[http://dummy.xtemos.com/woodmart2/accessories-elementor/wp-content/uploads/sites/6/2022/09/dark-case-side.jpg]]></wp:meta_value>
						</wp:postmeta>
										</item>
								<item>
					<title><![CDATA[dark-case-front.jpg]]></title>
					<link>https://dummy.xtemos.com/woodmart2/accessories-gutenberg/?attachment_id=119</link>
					<pubDate>Fri, 12 Jul 2024 11:15:53 +0000</pubDate>
					<dc:creator><![CDATA[zakhar]]></dc:creator>
					<guid isPermaLink="false">http://dummy.xtemos.com/woodmart2/accessories-gutenberg/wp-content/uploads/sites/26/2024/07/dark-case-front.jpg</guid>
															<wp:post_id>119</wp:post_id>
					<wp:post_date><![CDATA[2024-07-12 11:15:53]]></wp:post_date>
					<wp:post_date_gmt><![CDATA[2024-07-12 11:15:53]]></wp:post_date_gmt>
					<wp:post_modified><![CDATA[2024-07-12 11:15:53]]></wp:post_modified>
					<wp:post_modified_gmt><![CDATA[2024-07-12 11:15:53]]></wp:post_modified_gmt>
					<wp:comment_status><![CDATA[open]]></wp:comment_status>
					<wp:post_name><![CDATA[dark-case-front-jpg]]></wp:post_name>
					<wp:status><![CDATA[inherit]]></wp:status>
					<wp:post_parent>71</wp:post_parent>
					<wp:menu_order>0</wp:menu_order>
					<wp:post_type><![CDATA[attachment]]></wp:post_type>
											<wp:attachment_url><![CDATA[http://dummy.xtemos.com/woodmart2/accessories-gutenberg/wp-content/uploads/sites/26/2024/07/dark-case-front.jpg]]></wp:attachment_url>
																					<wp:postmeta>
							<wp:meta_key><![CDATA[_wp_attached_file]]></wp:meta_key>
							<wp:meta_value><![CDATA[2024/07/dark-case-front.jpg]]></wp:meta_value>
						</wp:postmeta>
												<wp:postmeta>
							<wp:meta_key><![CDATA[_wc_attachment_source]]></wp:meta_key>
							<wp:meta_value><![CDATA[http://dummy.xtemos.com/woodmart2/accessories-elementor/wp-content/uploads/sites/6/2022/09/dark-case-front.jpg]]></wp:meta_value>
						</wp:postmeta>
										</item>
								<item>
					<title><![CDATA[green-case-back.jpg]]></title>
					<link>https://dummy.xtemos.com/woodmart2/accessories-gutenberg/?attachment_id=120</link>
					<pubDate>Fri, 12 Jul 2024 11:15:53 +0000</pubDate>
					<dc:creator><![CDATA[zakhar]]></dc:creator>
					<guid isPermaLink="false">http://dummy.xtemos.com/woodmart2/accessories-gutenberg/wp-content/uploads/sites/26/2024/07/green-case-back.jpg</guid>
															<wp:post_id>120</wp:post_id>
					<wp:post_date><![CDATA[2024-07-12 11:15:53]]></wp:post_date>
					<wp:post_date_gmt><![CDATA[2024-07-12 11:15:53]]></wp:post_date_gmt>
					<wp:post_modified><![CDATA[2024-07-12 11:15:53]]></wp:post_modified>
					<wp:post_modified_gmt><![CDATA[2024-07-12 11:15:53]]></wp:post_modified_gmt>
					<wp:comment_status><![CDATA[open]]></wp:comment_status>
					<wp:post_name><![CDATA[green-case-back-jpg]]></wp:post_name>
					<wp:status><![CDATA[inherit]]></wp:status>
					<wp:post_parent>72</wp:post_parent>
					<wp:menu_order>0</wp:menu_order>
					<wp:post_type><![CDATA[attachment]]></wp:post_type>
											<wp:attachment_url><![CDATA[http://dummy.xtemos.com/woodmart2/accessories-gutenberg/wp-content/uploads/sites/26/2024/07/green-case-back.jpg]]></wp:attachment_url>
																					<wp:postmeta>
							<wp:meta_key><![CDATA[_wp_attached_file]]></wp:meta_key>
							<wp:meta_value><![CDATA[2024/07/green-case-back.jpg]]></wp:meta_value>
						</wp:postmeta>
												<wp:postmeta>
							<wp:meta_key><![CDATA[_wc_attachment_source]]></wp:meta_key>
							<wp:meta_value><![CDATA[http://dummy.xtemos.com/woodmart2/accessories-elementor/wp-content/uploads/sites/6/2022/09/green-case-back.jpg]]></wp:meta_value>
						</wp:postmeta>
										</item>
								<item>
					<title><![CDATA[green-case-side.jpg]]></title>
					<link>https://dummy.xtemos.com/woodmart2/accessories-gutenberg/?attachment_id=121</link>
					<pubDate>Fri, 12 Jul 2024 11:15:53 +0000</pubDate>
					<dc:creator><![CDATA[zakhar]]></dc:creator>
					<guid isPermaLink="false">http://dummy.xtemos.com/woodmart2/accessories-gutenberg/wp-content/uploads/sites/26/2024/07/green-case-side.jpg</guid>
															<wp:post_id>121</wp:post_id>
					<wp:post_date><![CDATA[2024-07-12 11:15:53]]></wp:post_date>
					<wp:post_date_gmt><![CDATA[2024-07-12 11:15:53]]></wp:post_date_gmt>
					<wp:post_modified><![CDATA[2024-07-12 11:15:53]]></wp:post_modified>
					<wp:post_modified_gmt><![CDATA[2024-07-12 11:15:53]]></wp:post_modified_gmt>
					<wp:comment_status><![CDATA[open]]></wp:comment_status>
					<wp:post_name><![CDATA[green-case-side-jpg]]></wp:post_name>
					<wp:status><![CDATA[inherit]]></wp:status>
					<wp:post_parent>72</wp:post_parent>
					<wp:menu_order>0</wp:menu_order>
					<wp:post_type><![CDATA[attachment]]></wp:post_type>
											<wp:attachment_url><![CDATA[http://dummy.xtemos.com/woodmart2/accessories-gutenberg/wp-content/uploads/sites/26/2024/07/green-case-side.jpg]]></wp:attachment_url>
																					<wp:postmeta>
							<wp:meta_key><![CDATA[_wp_attached_file]]></wp:meta_key>
							<wp:meta_value><![CDATA[2024/07/green-case-side.jpg]]></wp:meta_value>
						</wp:postmeta>
												<wp:postmeta>
							<wp:meta_key><![CDATA[_wc_attachment_source]]></wp:meta_key>
							<wp:meta_value><![CDATA[http://dummy.xtemos.com/woodmart2/accessories-elementor/wp-content/uploads/sites/6/2022/09/green-case-side.jpg]]></wp:meta_value>
						</wp:postmeta>
										</item>
								<item>
					<title><![CDATA[green-case-front.jpg]]></title>
					<link>https://dummy.xtemos.com/woodmart2/accessories-gutenberg/?attachment_id=122</link>
					<pubDate>Fri, 12 Jul 2024 11:15:53 +0000</pubDate>
					<dc:creator><![CDATA[zakhar]]></dc:creator>
					<guid isPermaLink="false">http://dummy.xtemos.com/woodmart2/accessories-gutenberg/wp-content/uploads/sites/26/2024/07/green-case-front.jpg</guid>
															<wp:post_id>122</wp:post_id>
					<wp:post_date><![CDATA[2024-07-12 11:15:53]]></wp:post_date>
					<wp:post_date_gmt><![CDATA[2024-07-12 11:15:53]]></wp:post_date_gmt>
					<wp:post_modified><![CDATA[2024-07-12 11:15:53]]></wp:post_modified>
					<wp:post_modified_gmt><![CDATA[2024-07-12 11:15:53]]></wp:post_modified_gmt>
					<wp:comment_status><![CDATA[open]]></wp:comment_status>
					<wp:post_name><![CDATA[green-case-front-jpg]]></wp:post_name>
					<wp:status><![CDATA[inherit]]></wp:status>
					<wp:post_parent>72</wp:post_parent>
					<wp:menu_order>0</wp:menu_order>
					<wp:post_type><![CDATA[attachment]]></wp:post_type>
											<wp:attachment_url><![CDATA[http://dummy.xtemos.com/woodmart2/accessories-gutenberg/wp-content/uploads/sites/26/2024/07/green-case-front.jpg]]></wp:attachment_url>
																					<wp:postmeta>
							<wp:meta_key><![CDATA[_wp_attached_file]]></wp:meta_key>
							<wp:meta_value><![CDATA[2024/07/green-case-front.jpg]]></wp:meta_value>
						</wp:postmeta>
												<wp:postmeta>
							<wp:meta_key><![CDATA[_wc_attachment_source]]></wp:meta_key>
							<wp:meta_value><![CDATA[http://dummy.xtemos.com/woodmart2/accessories-elementor/wp-content/uploads/sites/6/2022/09/green-case-front.jpg]]></wp:meta_value>
						</wp:postmeta>
										</item>
								<item>
					<title><![CDATA[yellow-case-back.jpg]]></title>
					<link>https://dummy.xtemos.com/woodmart2/accessories-gutenberg/?attachment_id=123</link>
					<pubDate>Fri, 12 Jul 2024 11:15:54 +0000</pubDate>
					<dc:creator><![CDATA[zakhar]]></dc:creator>
					<guid isPermaLink="false">http://dummy.xtemos.com/woodmart2/accessories-gutenberg/wp-content/uploads/sites/26/2024/07/yellow-case-back.jpg</guid>
															<wp:post_id>123</wp:post_id>
					<wp:post_date><![CDATA[2024-07-12 11:15:54]]></wp:post_date>
					<wp:post_date_gmt><![CDATA[2024-07-12 11:15:54]]></wp:post_date_gmt>
					<wp:post_modified><![CDATA[2024-07-12 11:15:54]]></wp:post_modified>
					<wp:post_modified_gmt><![CDATA[2024-07-12 11:15:54]]></wp:post_modified_gmt>
					<wp:comment_status><![CDATA[open]]></wp:comment_status>
					<wp:post_name><![CDATA[yellow-case-back-jpg]]></wp:post_name>
					<wp:status><![CDATA[inherit]]></wp:status>
					<wp:post_parent>73</wp:post_parent>
					<wp:menu_order>0</wp:menu_order>
					<wp:post_type><![CDATA[attachment]]></wp:post_type>
											<wp:attachment_url><![CDATA[http://dummy.xtemos.com/woodmart2/accessories-gutenberg/wp-content/uploads/sites/26/2024/07/yellow-case-back.jpg]]></wp:attachment_url>
																					<wp:postmeta>
							<wp:meta_key><![CDATA[_wp_attached_file]]></wp:meta_key>
							<wp:meta_value><![CDATA[2024/07/yellow-case-back.jpg]]></wp:meta_value>
						</wp:postmeta>
												<wp:postmeta>
							<wp:meta_key><![CDATA[_wc_attachment_source]]></wp:meta_key>
							<wp:meta_value><![CDATA[http://dummy.xtemos.com/woodmart2/accessories-elementor/wp-content/uploads/sites/6/2022/09/yellow-case-back.jpg]]></wp:meta_value>
						</wp:postmeta>
										</item>
								<item>
					<title><![CDATA[yellow-case-side.jpg]]></title>
					<link>https://dummy.xtemos.com/woodmart2/accessories-gutenberg/?attachment_id=124</link>
					<pubDate>Fri, 12 Jul 2024 11:15:54 +0000</pubDate>
					<dc:creator><![CDATA[zakhar]]></dc:creator>
					<guid isPermaLink="false">http://dummy.xtemos.com/woodmart2/accessories-gutenberg/wp-content/uploads/sites/26/2024/07/yellow-case-side.jpg</guid>
															<wp:post_id>124</wp:post_id>
					<wp:post_date><![CDATA[2024-07-12 11:15:54]]></wp:post_date>
					<wp:post_date_gmt><![CDATA[2024-07-12 11:15:54]]></wp:post_date_gmt>
					<wp:post_modified><![CDATA[2024-07-12 11:15:54]]></wp:post_modified>
					<wp:post_modified_gmt><![CDATA[2024-07-12 11:15:54]]></wp:post_modified_gmt>
					<wp:comment_status><![CDATA[open]]></wp:comment_status>
					<wp:post_name><![CDATA[yellow-case-side-jpg]]></wp:post_name>
					<wp:status><![CDATA[inherit]]></wp:status>
					<wp:post_parent>73</wp:post_parent>
					<wp:menu_order>0</wp:menu_order>
					<wp:post_type><![CDATA[attachment]]></wp:post_type>
											<wp:attachment_url><![CDATA[http://dummy.xtemos.com/woodmart2/accessories-gutenberg/wp-content/uploads/sites/26/2024/07/yellow-case-side.jpg]]></wp:attachment_url>
																					<wp:postmeta>
							<wp:meta_key><![CDATA[_wp_attached_file]]></wp:meta_key>
							<wp:meta_value><![CDATA[2024/07/yellow-case-side.jpg]]></wp:meta_value>
						</wp:postmeta>
												<wp:postmeta>
							<wp:meta_key><![CDATA[_wc_attachment_source]]></wp:meta_key>
							<wp:meta_value><![CDATA[http://dummy.xtemos.com/woodmart2/accessories-elementor/wp-content/uploads/sites/6/2022/09/yellow-case-side.jpg]]></wp:meta_value>
						</wp:postmeta>
										</item>
								<item>
					<title><![CDATA[yellow-case-front.jpg]]></title>
					<link>https://dummy.xtemos.com/woodmart2/accessories-gutenberg/?attachment_id=125</link>
					<pubDate>Fri, 12 Jul 2024 11:15:54 +0000</pubDate>
					<dc:creator><![CDATA[zakhar]]></dc:creator>
					<guid isPermaLink="false">http://dummy.xtemos.com/woodmart2/accessories-gutenberg/wp-content/uploads/sites/26/2024/07/yellow-case-front.jpg</guid>
															<wp:post_id>125</wp:post_id>
					<wp:post_date><![CDATA[2024-07-12 11:15:54]]></wp:post_date>
					<wp:post_date_gmt><![CDATA[2024-07-12 11:15:54]]></wp:post_date_gmt>
					<wp:post_modified><![CDATA[2024-07-12 11:15:54]]></wp:post_modified>
					<wp:post_modified_gmt><![CDATA[2024-07-12 11:15:54]]></wp:post_modified_gmt>
					<wp:comment_status><![CDATA[open]]></wp:comment_status>
					<wp:post_name><![CDATA[yellow-case-front-jpg]]></wp:post_name>
					<wp:status><![CDATA[inherit]]></wp:status>
					<wp:post_parent>73</wp:post_parent>
					<wp:menu_order>0</wp:menu_order>
					<wp:post_type><![CDATA[attachment]]></wp:post_type>
											<wp:attachment_url><![CDATA[http://dummy.xtemos.com/woodmart2/accessories-gutenberg/wp-content/uploads/sites/26/2024/07/yellow-case-front.jpg]]></wp:attachment_url>
																					<wp:postmeta>
							<wp:meta_key><![CDATA[_wp_attached_file]]></wp:meta_key>
							<wp:meta_value><![CDATA[2024/07/yellow-case-front.jpg]]></wp:meta_value>
						</wp:postmeta>
												<wp:postmeta>
							<wp:meta_key><![CDATA[_wc_attachment_source]]></wp:meta_key>
							<wp:meta_value><![CDATA[http://dummy.xtemos.com/woodmart2/accessories-elementor/wp-content/uploads/sites/6/2022/09/yellow-case-front.jpg]]></wp:meta_value>
						</wp:postmeta>
										</item>
								<item>
					<title><![CDATA[w-accessories-product-iphone-12-violet-1.jpg]]></title>
					<link>https://dummy.xtemos.com/woodmart2/accessories-gutenberg/?attachment_id=126</link>
					<pubDate>Fri, 12 Jul 2024 11:15:54 +0000</pubDate>
					<dc:creator><![CDATA[zakhar]]></dc:creator>
					<guid isPermaLink="false">http://dummy.xtemos.com/woodmart2/accessories-gutenberg/wp-content/uploads/sites/26/2024/07/w-accessories-product-iphone-12-violet-1.jpg</guid>
															<wp:post_id>126</wp:post_id>
					<wp:post_date><![CDATA[2024-07-12 11:15:54]]></wp:post_date>
					<wp:post_date_gmt><![CDATA[2024-07-12 11:15:54]]></wp:post_date_gmt>
					<wp:post_modified><![CDATA[2024-07-12 11:15:54]]></wp:post_modified>
					<wp:post_modified_gmt><![CDATA[2024-07-12 11:15:54]]></wp:post_modified_gmt>
					<wp:comment_status><![CDATA[open]]></wp:comment_status>
					<wp:post_name><![CDATA[w-accessories-product-iphone-12-violet-1-jpg]]></wp:post_name>
					<wp:status><![CDATA[inherit]]></wp:status>
					<wp:post_parent>74</wp:post_parent>
					<wp:menu_order>0</wp:menu_order>
					<wp:post_type><![CDATA[attachment]]></wp:post_type>
											<wp:attachment_url><![CDATA[http://dummy.xtemos.com/woodmart2/accessories-gutenberg/wp-content/uploads/sites/26/2024/07/w-accessories-product-iphone-12-violet-1.jpg]]></wp:attachment_url>
																					<wp:postmeta>
							<wp:meta_key><![CDATA[_wp_attached_file]]></wp:meta_key>
							<wp:meta_value><![CDATA[2024/07/w-accessories-product-iphone-12-violet-1.jpg]]></wp:meta_value>
						</wp:postmeta>
												<wp:postmeta>
							<wp:meta_key><![CDATA[_wc_attachment_source]]></wp:meta_key>
							<wp:meta_value><![CDATA[http://dummy.xtemos.com/woodmart2/accessories-elementor/wp-content/uploads/sites/6/2022/09/w-accessories-product-iphone-12-violet-1.jpg]]></wp:meta_value>
						</wp:postmeta>
										</item>
								<item>
					<title><![CDATA[w-accessories-product-iphone-12-violet-3.jpg]]></title>
					<link>https://dummy.xtemos.com/woodmart2/accessories-gutenberg/?attachment_id=127</link>
					<pubDate>Fri, 12 Jul 2024 11:15:54 +0000</pubDate>
					<dc:creator><![CDATA[zakhar]]></dc:creator>
					<guid isPermaLink="false">http://dummy.xtemos.com/woodmart2/accessories-gutenberg/wp-content/uploads/sites/26/2024/07/w-accessories-product-iphone-12-violet-3.jpg</guid>
															<wp:post_id>127</wp:post_id>
					<wp:post_date><![CDATA[2024-07-12 11:15:54]]></wp:post_date>
					<wp:post_date_gmt><![CDATA[2024-07-12 11:15:54]]></wp:post_date_gmt>
					<wp:post_modified><![CDATA[2024-07-12 11:15:54]]></wp:post_modified>
					<wp:post_modified_gmt><![CDATA[2024-07-12 11:15:54]]></wp:post_modified_gmt>
					<wp:comment_status><![CDATA[open]]></wp:comment_status>
					<wp:post_name><![CDATA[w-accessories-product-iphone-12-violet-3-jpg]]></wp:post_name>
					<wp:status><![CDATA[inherit]]></wp:status>
					<wp:post_parent>74</wp:post_parent>
					<wp:menu_order>0</wp:menu_order>
					<wp:post_type><![CDATA[attachment]]></wp:post_type>
											<wp:attachment_url><![CDATA[http://dummy.xtemos.com/woodmart2/accessories-gutenberg/wp-content/uploads/sites/26/2024/07/w-accessories-product-iphone-12-violet-3.jpg]]></wp:attachment_url>
																					<wp:postmeta>
							<wp:meta_key><![CDATA[_wp_attached_file]]></wp:meta_key>
							<wp:meta_value><![CDATA[2024/07/w-accessories-product-iphone-12-violet-3.jpg]]></wp:meta_value>
						</wp:postmeta>
												<wp:postmeta>
							<wp:meta_key><![CDATA[_wc_attachment_source]]></wp:meta_key>
							<wp:meta_value><![CDATA[http://dummy.xtemos.com/woodmart2/accessories-elementor/wp-content/uploads/sites/6/2022/09/w-accessories-product-iphone-12-violet-3.jpg]]></wp:meta_value>
						</wp:postmeta>
										</item>
								<item>
					<title><![CDATA[w-accessories-product-iphone-12-violet-2.jpg]]></title>
					<link>https://dummy.xtemos.com/woodmart2/accessories-gutenberg/?attachment_id=128</link>
					<pubDate>Fri, 12 Jul 2024 11:15:55 +0000</pubDate>
					<dc:creator><![CDATA[zakhar]]></dc:creator>
					<guid isPermaLink="false">http://dummy.xtemos.com/woodmart2/accessories-gutenberg/wp-content/uploads/sites/26/2024/07/w-accessories-product-iphone-12-violet-2.jpg</guid>
															<wp:post_id>128</wp:post_id>
					<wp:post_date><![CDATA[2024-07-12 11:15:55]]></wp:post_date>
					<wp:post_date_gmt><![CDATA[2024-07-12 11:15:55]]></wp:post_date_gmt>
					<wp:post_modified><![CDATA[2024-07-12 11:15:55]]></wp:post_modified>
					<wp:post_modified_gmt><![CDATA[2024-07-12 11:15:55]]></wp:post_modified_gmt>
					<wp:comment_status><![CDATA[open]]></wp:comment_status>
					<wp:post_name><![CDATA[w-accessories-product-iphone-12-violet-2-jpg]]></wp:post_name>
					<wp:status><![CDATA[inherit]]></wp:status>
					<wp:post_parent>74</wp:post_parent>
					<wp:menu_order>0</wp:menu_order>
					<wp:post_type><![CDATA[attachment]]></wp:post_type>
											<wp:attachment_url><![CDATA[http://dummy.xtemos.com/woodmart2/accessories-gutenberg/wp-content/uploads/sites/26/2024/07/w-accessories-product-iphone-12-violet-2.jpg]]></wp:attachment_url>
																					<wp:postmeta>
							<wp:meta_key><![CDATA[_wp_attached_file]]></wp:meta_key>
							<wp:meta_value><![CDATA[2024/07/w-accessories-product-iphone-12-violet-2.jpg]]></wp:meta_value>
						</wp:postmeta>
												<wp:postmeta>
							<wp:meta_key><![CDATA[_wc_attachment_source]]></wp:meta_key>
							<wp:meta_value><![CDATA[http://dummy.xtemos.com/woodmart2/accessories-elementor/wp-content/uploads/sites/6/2022/09/w-accessories-product-iphone-12-violet-2.jpg]]></wp:meta_value>
						</wp:postmeta>
										</item>
								<item>
					<title><![CDATA[w-accessories-product-iphone-11-pro-7-1.jpg]]></title>
					<link>https://dummy.xtemos.com/woodmart2/accessories-gutenberg/?attachment_id=130</link>
					<pubDate>Fri, 12 Jul 2024 11:15:55 +0000</pubDate>
					<dc:creator><![CDATA[zakhar]]></dc:creator>
					<guid isPermaLink="false">http://dummy.xtemos.com/woodmart2/accessories-gutenberg/wp-content/uploads/sites/26/2024/07/w-accessories-product-iphone-11-pro-7-1.jpg</guid>
															<wp:post_id>130</wp:post_id>
					<wp:post_date><![CDATA[2024-07-12 11:15:55]]></wp:post_date>
					<wp:post_date_gmt><![CDATA[2024-07-12 11:15:55]]></wp:post_date_gmt>
					<wp:post_modified><![CDATA[2024-07-12 11:15:55]]></wp:post_modified>
					<wp:post_modified_gmt><![CDATA[2024-07-12 11:15:55]]></wp:post_modified_gmt>
					<wp:comment_status><![CDATA[open]]></wp:comment_status>
					<wp:post_name><![CDATA[w-accessories-product-iphone-11-pro-7-1-jpg]]></wp:post_name>
					<wp:status><![CDATA[inherit]]></wp:status>
					<wp:post_parent>75</wp:post_parent>
					<wp:menu_order>0</wp:menu_order>
					<wp:post_type><![CDATA[attachment]]></wp:post_type>
											<wp:attachment_url><![CDATA[http://dummy.xtemos.com/woodmart2/accessories-gutenberg/wp-content/uploads/sites/26/2024/07/w-accessories-product-iphone-11-pro-7-1.jpg]]></wp:attachment_url>
																					<wp:postmeta>
							<wp:meta_key><![CDATA[_wp_attached_file]]></wp:meta_key>
							<wp:meta_value><![CDATA[2024/07/w-accessories-product-iphone-11-pro-7-1.jpg]]></wp:meta_value>
						</wp:postmeta>
												<wp:postmeta>
							<wp:meta_key><![CDATA[_wc_attachment_source]]></wp:meta_key>
							<wp:meta_value><![CDATA[http://dummy.xtemos.com/woodmart2/accessories-elementor/wp-content/uploads/sites/6/2022/09/w-accessories-product-iphone-11-pro-7-1.jpg]]></wp:meta_value>
						</wp:postmeta>
										</item>
								<item>
					<title><![CDATA[w-accessories-product-iphone-11-pro-7-2.jpg]]></title>
					<link>https://dummy.xtemos.com/woodmart2/accessories-gutenberg/?attachment_id=131</link>
					<pubDate>Fri, 12 Jul 2024 11:15:55 +0000</pubDate>
					<dc:creator><![CDATA[zakhar]]></dc:creator>
					<guid isPermaLink="false">http://dummy.xtemos.com/woodmart2/accessories-gutenberg/wp-content/uploads/sites/26/2024/07/w-accessories-product-iphone-11-pro-7-2.jpg</guid>
															<wp:post_id>131</wp:post_id>
					<wp:post_date><![CDATA[2024-07-12 11:15:55]]></wp:post_date>
					<wp:post_date_gmt><![CDATA[2024-07-12 11:15:55]]></wp:post_date_gmt>
					<wp:post_modified><![CDATA[2024-07-12 11:15:55]]></wp:post_modified>
					<wp:post_modified_gmt><![CDATA[2024-07-12 11:15:55]]></wp:post_modified_gmt>
					<wp:comment_status><![CDATA[open]]></wp:comment_status>
					<wp:post_name><![CDATA[w-accessories-product-iphone-11-pro-7-2-jpg]]></wp:post_name>
					<wp:status><![CDATA[inherit]]></wp:status>
					<wp:post_parent>75</wp:post_parent>
					<wp:menu_order>0</wp:menu_order>
					<wp:post_type><![CDATA[attachment]]></wp:post_type>
											<wp:attachment_url><![CDATA[http://dummy.xtemos.com/woodmart2/accessories-gutenberg/wp-content/uploads/sites/26/2024/07/w-accessories-product-iphone-11-pro-7-2.jpg]]></wp:attachment_url>
																					<wp:postmeta>
							<wp:meta_key><![CDATA[_wp_attached_file]]></wp:meta_key>
							<wp:meta_value><![CDATA[2024/07/w-accessories-product-iphone-11-pro-7-2.jpg]]></wp:meta_value>
						</wp:postmeta>
												<wp:postmeta>
							<wp:meta_key><![CDATA[_wc_attachment_source]]></wp:meta_key>
							<wp:meta_value><![CDATA[http://dummy.xtemos.com/woodmart2/accessories-elementor/wp-content/uploads/sites/6/2022/09/w-accessories-product-iphone-11-pro-7-2.jpg]]></wp:meta_value>
						</wp:postmeta>
										</item>
								<item>
					<title><![CDATA[w-accessories-product-iphone-11-pro-7.jpg]]></title>
					<link>https://dummy.xtemos.com/woodmart2/accessories-gutenberg/?attachment_id=129</link>
					<pubDate>Fri, 12 Jul 2024 11:15:55 +0000</pubDate>
					<dc:creator><![CDATA[zakhar]]></dc:creator>
					<guid isPermaLink="false">http://dummy.xtemos.com/woodmart2/accessories-gutenberg/wp-content/uploads/sites/26/2024/07/w-accessories-product-iphone-11-pro-7.jpg</guid>
															<wp:post_id>129</wp:post_id>
					<wp:post_date><![CDATA[2024-07-12 11:15:55]]></wp:post_date>
					<wp:post_date_gmt><![CDATA[2024-07-12 11:15:55]]></wp:post_date_gmt>
					<wp:post_modified><![CDATA[2024-07-12 11:15:55]]></wp:post_modified>
					<wp:post_modified_gmt><![CDATA[2024-07-12 11:15:55]]></wp:post_modified_gmt>
					<wp:comment_status><![CDATA[open]]></wp:comment_status>
					<wp:post_name><![CDATA[w-accessories-product-iphone-11-pro-7-jpg]]></wp:post_name>
					<wp:status><![CDATA[inherit]]></wp:status>
					<wp:post_parent>75</wp:post_parent>
					<wp:menu_order>0</wp:menu_order>
					<wp:post_type><![CDATA[attachment]]></wp:post_type>
											<wp:attachment_url><![CDATA[http://dummy.xtemos.com/woodmart2/accessories-gutenberg/wp-content/uploads/sites/26/2024/07/w-accessories-product-iphone-11-pro-7.jpg]]></wp:attachment_url>
																					<wp:postmeta>
							<wp:meta_key><![CDATA[_wp_attached_file]]></wp:meta_key>
							<wp:meta_value><![CDATA[2024/07/w-accessories-product-iphone-11-pro-7.jpg]]></wp:meta_value>
						</wp:postmeta>
												<wp:postmeta>
							<wp:meta_key><![CDATA[_wc_attachment_source]]></wp:meta_key>
							<wp:meta_value><![CDATA[http://dummy.xtemos.com/woodmart2/accessories-elementor/wp-content/uploads/sites/6/2022/09/w-accessories-product-iphone-11-pro-7.jpg]]></wp:meta_value>
						</wp:postmeta>
										</item>
								<item>
					<title><![CDATA[w-accessories-product-12-pro-4.jpg]]></title>
					<link>https://dummy.xtemos.com/woodmart2/accessories-gutenberg/?attachment_id=132</link>
					<pubDate>Fri, 12 Jul 2024 11:15:55 +0000</pubDate>
					<dc:creator><![CDATA[zakhar]]></dc:creator>
					<guid isPermaLink="false">http://dummy.xtemos.com/woodmart2/accessories-gutenberg/wp-content/uploads/sites/26/2024/07/w-accessories-product-12-pro-4.jpg</guid>
															<wp:post_id>132</wp:post_id>
					<wp:post_date><![CDATA[2024-07-12 11:15:55]]></wp:post_date>
					<wp:post_date_gmt><![CDATA[2024-07-12 11:15:55]]></wp:post_date_gmt>
					<wp:post_modified><![CDATA[2024-07-12 11:15:55]]></wp:post_modified>
					<wp:post_modified_gmt><![CDATA[2024-07-12 11:15:55]]></wp:post_modified_gmt>
					<wp:comment_status><![CDATA[open]]></wp:comment_status>
					<wp:post_name><![CDATA[w-accessories-product-12-pro-4-jpg]]></wp:post_name>
					<wp:status><![CDATA[inherit]]></wp:status>
					<wp:post_parent>76</wp:post_parent>
					<wp:menu_order>0</wp:menu_order>
					<wp:post_type><![CDATA[attachment]]></wp:post_type>
											<wp:attachment_url><![CDATA[http://dummy.xtemos.com/woodmart2/accessories-gutenberg/wp-content/uploads/sites/26/2024/07/w-accessories-product-12-pro-4.jpg]]></wp:attachment_url>
																					<wp:postmeta>
							<wp:meta_key><![CDATA[_wp_attached_file]]></wp:meta_key>
							<wp:meta_value><![CDATA[2024/07/w-accessories-product-12-pro-4.jpg]]></wp:meta_value>
						</wp:postmeta>
												<wp:postmeta>
							<wp:meta_key><![CDATA[_wc_attachment_source]]></wp:meta_key>
							<wp:meta_value><![CDATA[http://dummy.xtemos.com/woodmart2/accessories-elementor/wp-content/uploads/sites/6/2022/09/w-accessories-product-12-pro-4.jpg]]></wp:meta_value>
						</wp:postmeta>
										</item>
								<item>
					<title><![CDATA[w-accessories-product-12-pro-4-2.jpg]]></title>
					<link>https://dummy.xtemos.com/woodmart2/accessories-gutenberg/?attachment_id=133</link>
					<pubDate>Fri, 12 Jul 2024 11:15:56 +0000</pubDate>
					<dc:creator><![CDATA[zakhar]]></dc:creator>
					<guid isPermaLink="false">http://dummy.xtemos.com/woodmart2/accessories-gutenberg/wp-content/uploads/sites/26/2024/07/w-accessories-product-12-pro-4-2.jpg</guid>
															<wp:post_id>133</wp:post_id>
					<wp:post_date><![CDATA[2024-07-12 11:15:56]]></wp:post_date>
					<wp:post_date_gmt><![CDATA[2024-07-12 11:15:56]]></wp:post_date_gmt>
					<wp:post_modified><![CDATA[2024-07-12 11:15:56]]></wp:post_modified>
					<wp:post_modified_gmt><![CDATA[2024-07-12 11:15:56]]></wp:post_modified_gmt>
					<wp:comment_status><![CDATA[open]]></wp:comment_status>
					<wp:post_name><![CDATA[w-accessories-product-12-pro-4-2-jpg]]></wp:post_name>
					<wp:status><![CDATA[inherit]]></wp:status>
					<wp:post_parent>76</wp:post_parent>
					<wp:menu_order>0</wp:menu_order>
					<wp:post_type><![CDATA[attachment]]></wp:post_type>
											<wp:attachment_url><![CDATA[http://dummy.xtemos.com/woodmart2/accessories-gutenberg/wp-content/uploads/sites/26/2024/07/w-accessories-product-12-pro-4-2.jpg]]></wp:attachment_url>
																					<wp:postmeta>
							<wp:meta_key><![CDATA[_wp_attached_file]]></wp:meta_key>
							<wp:meta_value><![CDATA[2024/07/w-accessories-product-12-pro-4-2.jpg]]></wp:meta_value>
						</wp:postmeta>
												<wp:postmeta>
							<wp:meta_key><![CDATA[_wc_attachment_source]]></wp:meta_key>
							<wp:meta_value><![CDATA[http://dummy.xtemos.com/woodmart2/accessories-elementor/wp-content/uploads/sites/6/2022/09/w-accessories-product-12-pro-4-2.jpg]]></wp:meta_value>
						</wp:postmeta>
										</item>
								<item>
					<title><![CDATA[w-accessories-product-12-pro-4-1.jpg]]></title>
					<link>https://dummy.xtemos.com/woodmart2/accessories-gutenberg/?attachment_id=134</link>
					<pubDate>Fri, 12 Jul 2024 11:15:56 +0000</pubDate>
					<dc:creator><![CDATA[zakhar]]></dc:creator>
					<guid isPermaLink="false">http://dummy.xtemos.com/woodmart2/accessories-gutenberg/wp-content/uploads/sites/26/2024/07/w-accessories-product-12-pro-4-1.jpg</guid>
															<wp:post_id>134</wp:post_id>
					<wp:post_date><![CDATA[2024-07-12 11:15:56]]></wp:post_date>
					<wp:post_date_gmt><![CDATA[2024-07-12 11:15:56]]></wp:post_date_gmt>
					<wp:post_modified><![CDATA[2024-07-12 11:15:56]]></wp:post_modified>
					<wp:post_modified_gmt><![CDATA[2024-07-12 11:15:56]]></wp:post_modified_gmt>
					<wp:comment_status><![CDATA[open]]></wp:comment_status>
					<wp:post_name><![CDATA[w-accessories-product-12-pro-4-1-jpg]]></wp:post_name>
					<wp:status><![CDATA[inherit]]></wp:status>
					<wp:post_parent>76</wp:post_parent>
					<wp:menu_order>0</wp:menu_order>
					<wp:post_type><![CDATA[attachment]]></wp:post_type>
											<wp:attachment_url><![CDATA[http://dummy.xtemos.com/woodmart2/accessories-gutenberg/wp-content/uploads/sites/26/2024/07/w-accessories-product-12-pro-4-1.jpg]]></wp:attachment_url>
																					<wp:postmeta>
							<wp:meta_key><![CDATA[_wp_attached_file]]></wp:meta_key>
							<wp:meta_value><![CDATA[2024/07/w-accessories-product-12-pro-4-1.jpg]]></wp:meta_value>
						</wp:postmeta>
												<wp:postmeta>
							<wp:meta_key><![CDATA[_wc_attachment_source]]></wp:meta_key>
							<wp:meta_value><![CDATA[http://dummy.xtemos.com/woodmart2/accessories-elementor/wp-content/uploads/sites/6/2022/09/w-accessories-product-12-pro-4-1.jpg]]></wp:meta_value>
						</wp:postmeta>
										</item>
								<item>
					<title><![CDATA[w-accessories-product-14-2.jpg]]></title>
					<link>https://dummy.xtemos.com/woodmart2/accessories-gutenberg/?attachment_id=135</link>
					<pubDate>Fri, 12 Jul 2024 11:15:56 +0000</pubDate>
					<dc:creator><![CDATA[zakhar]]></dc:creator>
					<guid isPermaLink="false">http://dummy.xtemos.com/woodmart2/accessories-gutenberg/wp-content/uploads/sites/26/2024/07/w-accessories-product-14-2.jpg</guid>
															<wp:post_id>135</wp:post_id>
					<wp:post_date><![CDATA[2024-07-12 11:15:56]]></wp:post_date>
					<wp:post_date_gmt><![CDATA[2024-07-12 11:15:56]]></wp:post_date_gmt>
					<wp:post_modified><![CDATA[2024-07-12 11:15:56]]></wp:post_modified>
					<wp:post_modified_gmt><![CDATA[2024-07-12 11:15:56]]></wp:post_modified_gmt>
					<wp:comment_status><![CDATA[open]]></wp:comment_status>
					<wp:post_name><![CDATA[w-accessories-product-14-2-jpg]]></wp:post_name>
					<wp:status><![CDATA[inherit]]></wp:status>
					<wp:post_parent>77</wp:post_parent>
					<wp:menu_order>0</wp:menu_order>
					<wp:post_type><![CDATA[attachment]]></wp:post_type>
											<wp:attachment_url><![CDATA[http://dummy.xtemos.com/woodmart2/accessories-gutenberg/wp-content/uploads/sites/26/2024/07/w-accessories-product-14-2.jpg]]></wp:attachment_url>
																					<wp:postmeta>
							<wp:meta_key><![CDATA[_wp_attached_file]]></wp:meta_key>
							<wp:meta_value><![CDATA[2024/07/w-accessories-product-14-2.jpg]]></wp:meta_value>
						</wp:postmeta>
												<wp:postmeta>
							<wp:meta_key><![CDATA[_wc_attachment_source]]></wp:meta_key>
							<wp:meta_value><![CDATA[http://dummy.xtemos.com/woodmart2/accessories-elementor/wp-content/uploads/sites/6/2022/09/w-accessories-product-14-2.jpg]]></wp:meta_value>
						</wp:postmeta>
										</item>
								<item>
					<title><![CDATA[w-accessories-product-14-3.jpg]]></title>
					<link>https://dummy.xtemos.com/woodmart2/accessories-gutenberg/?attachment_id=136</link>
					<pubDate>Fri, 12 Jul 2024 11:15:56 +0000</pubDate>
					<dc:creator><![CDATA[zakhar]]></dc:creator>
					<guid isPermaLink="false">http://dummy.xtemos.com/woodmart2/accessories-gutenberg/wp-content/uploads/sites/26/2024/07/w-accessories-product-14-3.jpg</guid>
															<wp:post_id>136</wp:post_id>
					<wp:post_date><![CDATA[2024-07-12 11:15:56]]></wp:post_date>
					<wp:post_date_gmt><![CDATA[2024-07-12 11:15:56]]></wp:post_date_gmt>
					<wp:post_modified><![CDATA[2024-07-12 11:15:56]]></wp:post_modified>
					<wp:post_modified_gmt><![CDATA[2024-07-12 11:15:56]]></wp:post_modified_gmt>
					<wp:comment_status><![CDATA[open]]></wp:comment_status>
					<wp:post_name><![CDATA[w-accessories-product-14-3-jpg]]></wp:post_name>
					<wp:status><![CDATA[inherit]]></wp:status>
					<wp:post_parent>77</wp:post_parent>
					<wp:menu_order>0</wp:menu_order>
					<wp:post_type><![CDATA[attachment]]></wp:post_type>
											<wp:attachment_url><![CDATA[http://dummy.xtemos.com/woodmart2/accessories-gutenberg/wp-content/uploads/sites/26/2024/07/w-accessories-product-14-3.jpg]]></wp:attachment_url>
																					<wp:postmeta>
							<wp:meta_key><![CDATA[_wp_attached_file]]></wp:meta_key>
							<wp:meta_value><![CDATA[2024/07/w-accessories-product-14-3.jpg]]></wp:meta_value>
						</wp:postmeta>
												<wp:postmeta>
							<wp:meta_key><![CDATA[_wc_attachment_source]]></wp:meta_key>
							<wp:meta_value><![CDATA[http://dummy.xtemos.com/woodmart2/accessories-elementor/wp-content/uploads/sites/6/2022/09/w-accessories-product-14-3.jpg]]></wp:meta_value>
						</wp:postmeta>
										</item>
								<item>
					<title><![CDATA[w-accessories-product-14-4-1.jpg]]></title>
					<link>https://dummy.xtemos.com/woodmart2/accessories-gutenberg/?attachment_id=137</link>
					<pubDate>Fri, 12 Jul 2024 11:15:56 +0000</pubDate>
					<dc:creator><![CDATA[zakhar]]></dc:creator>
					<guid isPermaLink="false">http://dummy.xtemos.com/woodmart2/accessories-gutenberg/wp-content/uploads/sites/26/2024/07/w-accessories-product-14-4-1.jpg</guid>
															<wp:post_id>137</wp:post_id>
					<wp:post_date><![CDATA[2024-07-12 11:15:56]]></wp:post_date>
					<wp:post_date_gmt><![CDATA[2024-07-12 11:15:56]]></wp:post_date_gmt>
					<wp:post_modified><![CDATA[2024-07-12 11:15:56]]></wp:post_modified>
					<wp:post_modified_gmt><![CDATA[2024-07-12 11:15:56]]></wp:post_modified_gmt>
					<wp:comment_status><![CDATA[open]]></wp:comment_status>
					<wp:post_name><![CDATA[w-accessories-product-14-4-1-jpg]]></wp:post_name>
					<wp:status><![CDATA[inherit]]></wp:status>
					<wp:post_parent>77</wp:post_parent>
					<wp:menu_order>0</wp:menu_order>
					<wp:post_type><![CDATA[attachment]]></wp:post_type>
											<wp:attachment_url><![CDATA[http://dummy.xtemos.com/woodmart2/accessories-gutenberg/wp-content/uploads/sites/26/2024/07/w-accessories-product-14-4-1.jpg]]></wp:attachment_url>
																					<wp:postmeta>
							<wp:meta_key><![CDATA[_wp_attached_file]]></wp:meta_key>
							<wp:meta_value><![CDATA[2024/07/w-accessories-product-14-4-1.jpg]]></wp:meta_value>
						</wp:postmeta>
												<wp:postmeta>
							<wp:meta_key><![CDATA[_wc_attachment_source]]></wp:meta_key>
							<wp:meta_value><![CDATA[http://dummy.xtemos.com/woodmart2/accessories-elementor/wp-content/uploads/sites/6/2022/09/w-accessories-product-14-4-1.jpg]]></wp:meta_value>
						</wp:postmeta>
										</item>
								<item>
					<title><![CDATA[accessories-product-olive-strap-1.jpg]]></title>
					<link>https://dummy.xtemos.com/woodmart2/accessories-gutenberg/?attachment_id=138</link>
					<pubDate>Fri, 12 Jul 2024 11:15:56 +0000</pubDate>
					<dc:creator><![CDATA[zakhar]]></dc:creator>
					<guid isPermaLink="false">http://dummy.xtemos.com/woodmart2/accessories-gutenberg/wp-content/uploads/sites/26/2024/07/accessories-product-olive-strap-1.jpg</guid>
															<wp:post_id>138</wp:post_id>
					<wp:post_date><![CDATA[2024-07-12 11:15:56]]></wp:post_date>
					<wp:post_date_gmt><![CDATA[2024-07-12 11:15:56]]></wp:post_date_gmt>
					<wp:post_modified><![CDATA[2024-07-12 11:15:56]]></wp:post_modified>
					<wp:post_modified_gmt><![CDATA[2024-07-12 11:15:56]]></wp:post_modified_gmt>
					<wp:comment_status><![CDATA[open]]></wp:comment_status>
					<wp:post_name><![CDATA[accessories-product-olive-strap-1-jpg]]></wp:post_name>
					<wp:status><![CDATA[inherit]]></wp:status>
					<wp:post_parent>78</wp:post_parent>
					<wp:menu_order>0</wp:menu_order>
					<wp:post_type><![CDATA[attachment]]></wp:post_type>
											<wp:attachment_url><![CDATA[http://dummy.xtemos.com/woodmart2/accessories-gutenberg/wp-content/uploads/sites/26/2024/07/accessories-product-olive-strap-1.jpg]]></wp:attachment_url>
																					<wp:postmeta>
							<wp:meta_key><![CDATA[_wp_attached_file]]></wp:meta_key>
							<wp:meta_value><![CDATA[2024/07/accessories-product-olive-strap-1.jpg]]></wp:meta_value>
						</wp:postmeta>
												<wp:postmeta>
							<wp:meta_key><![CDATA[_wc_attachment_source]]></wp:meta_key>
							<wp:meta_value><![CDATA[http://dummy.xtemos.com/woodmart2/accessories-elementor/wp-content/uploads/sites/6/2022/09/accessories-product-olive-strap-1.jpg]]></wp:meta_value>
						</wp:postmeta>
										</item>
								<item>
					<title><![CDATA[accessories-product-olive-strap-3.jpg]]></title>
					<link>https://dummy.xtemos.com/woodmart2/accessories-gutenberg/?attachment_id=139</link>
					<pubDate>Fri, 12 Jul 2024 11:15:57 +0000</pubDate>
					<dc:creator><![CDATA[zakhar]]></dc:creator>
					<guid isPermaLink="false">http://dummy.xtemos.com/woodmart2/accessories-gutenberg/wp-content/uploads/sites/26/2024/07/accessories-product-olive-strap-3.jpg</guid>
															<wp:post_id>139</wp:post_id>
					<wp:post_date><![CDATA[2024-07-12 11:15:57]]></wp:post_date>
					<wp:post_date_gmt><![CDATA[2024-07-12 11:15:57]]></wp:post_date_gmt>
					<wp:post_modified><![CDATA[2024-07-12 11:15:57]]></wp:post_modified>
					<wp:post_modified_gmt><![CDATA[2024-07-12 11:15:57]]></wp:post_modified_gmt>
					<wp:comment_status><![CDATA[open]]></wp:comment_status>
					<wp:post_name><![CDATA[accessories-product-olive-strap-3-jpg]]></wp:post_name>
					<wp:status><![CDATA[inherit]]></wp:status>
					<wp:post_parent>78</wp:post_parent>
					<wp:menu_order>0</wp:menu_order>
					<wp:post_type><![CDATA[attachment]]></wp:post_type>
											<wp:attachment_url><![CDATA[http://dummy.xtemos.com/woodmart2/accessories-gutenberg/wp-content/uploads/sites/26/2024/07/accessories-product-olive-strap-3.jpg]]></wp:attachment_url>
																					<wp:postmeta>
							<wp:meta_key><![CDATA[_wp_attached_file]]></wp:meta_key>
							<wp:meta_value><![CDATA[2024/07/accessories-product-olive-strap-3.jpg]]></wp:meta_value>
						</wp:postmeta>
												<wp:postmeta>
							<wp:meta_key><![CDATA[_wc_attachment_source]]></wp:meta_key>
							<wp:meta_value><![CDATA[http://dummy.xtemos.com/woodmart2/accessories-elementor/wp-content/uploads/sites/6/2022/09/accessories-product-olive-strap-3.jpg]]></wp:meta_value>
						</wp:postmeta>
										</item>
								<item>
					<title><![CDATA[accessories-product-olive-strap-2.jpg]]></title>
					<link>https://dummy.xtemos.com/woodmart2/accessories-gutenberg/?attachment_id=140</link>
					<pubDate>Fri, 12 Jul 2024 11:15:57 +0000</pubDate>
					<dc:creator><![CDATA[zakhar]]></dc:creator>
					<guid isPermaLink="false">http://dummy.xtemos.com/woodmart2/accessories-gutenberg/wp-content/uploads/sites/26/2024/07/accessories-product-olive-strap-2.jpg</guid>
															<wp:post_id>140</wp:post_id>
					<wp:post_date><![CDATA[2024-07-12 11:15:57]]></wp:post_date>
					<wp:post_date_gmt><![CDATA[2024-07-12 11:15:57]]></wp:post_date_gmt>
					<wp:post_modified><![CDATA[2024-07-12 11:15:57]]></wp:post_modified>
					<wp:post_modified_gmt><![CDATA[2024-07-12 11:15:57]]></wp:post_modified_gmt>
					<wp:comment_status><![CDATA[open]]></wp:comment_status>
					<wp:post_name><![CDATA[accessories-product-olive-strap-2-jpg]]></wp:post_name>
					<wp:status><![CDATA[inherit]]></wp:status>
					<wp:post_parent>78</wp:post_parent>
					<wp:menu_order>0</wp:menu_order>
					<wp:post_type><![CDATA[attachment]]></wp:post_type>
											<wp:attachment_url><![CDATA[http://dummy.xtemos.com/woodmart2/accessories-gutenberg/wp-content/uploads/sites/26/2024/07/accessories-product-olive-strap-2.jpg]]></wp:attachment_url>
																					<wp:postmeta>
							<wp:meta_key><![CDATA[_wp_attached_file]]></wp:meta_key>
							<wp:meta_value><![CDATA[2024/07/accessories-product-olive-strap-2.jpg]]></wp:meta_value>
						</wp:postmeta>
												<wp:postmeta>
							<wp:meta_key><![CDATA[_wc_attachment_source]]></wp:meta_key>
							<wp:meta_value><![CDATA[http://dummy.xtemos.com/woodmart2/accessories-elementor/wp-content/uploads/sites/6/2022/09/accessories-product-olive-strap-2.jpg]]></wp:meta_value>
						</wp:postmeta>
										</item>
								<item>
					<title><![CDATA[accessories-product-blue-airpods-1-1.jpg]]></title>
					<link>https://dummy.xtemos.com/woodmart2/accessories-gutenberg/?attachment_id=141</link>
					<pubDate>Fri, 12 Jul 2024 11:15:57 +0000</pubDate>
					<dc:creator><![CDATA[zakhar]]></dc:creator>
					<guid isPermaLink="false">http://dummy.xtemos.com/woodmart2/accessories-gutenberg/wp-content/uploads/sites/26/2024/07/accessories-product-blue-airpods-1-1.jpg</guid>
															<wp:post_id>141</wp:post_id>
					<wp:post_date><![CDATA[2024-07-12 11:15:57]]></wp:post_date>
					<wp:post_date_gmt><![CDATA[2024-07-12 11:15:57]]></wp:post_date_gmt>
					<wp:post_modified><![CDATA[2024-07-12 11:15:57]]></wp:post_modified>
					<wp:post_modified_gmt><![CDATA[2024-07-12 11:15:57]]></wp:post_modified_gmt>
					<wp:comment_status><![CDATA[open]]></wp:comment_status>
					<wp:post_name><![CDATA[accessories-product-blue-airpods-1-1-jpg]]></wp:post_name>
					<wp:status><![CDATA[inherit]]></wp:status>
					<wp:post_parent>79</wp:post_parent>
					<wp:menu_order>0</wp:menu_order>
					<wp:post_type><![CDATA[attachment]]></wp:post_type>
											<wp:attachment_url><![CDATA[http://dummy.xtemos.com/woodmart2/accessories-gutenberg/wp-content/uploads/sites/26/2024/07/accessories-product-blue-airpods-1-1.jpg]]></wp:attachment_url>
																					<wp:postmeta>
							<wp:meta_key><![CDATA[_wp_attached_file]]></wp:meta_key>
							<wp:meta_value><![CDATA[2024/07/accessories-product-blue-airpods-1-1.jpg]]></wp:meta_value>
						</wp:postmeta>
												<wp:postmeta>
							<wp:meta_key><![CDATA[_wc_attachment_source]]></wp:meta_key>
							<wp:meta_value><![CDATA[http://dummy.xtemos.com/woodmart2/accessories-elementor/wp-content/uploads/sites/6/2022/09/accessories-product-blue-airpods-1-1.jpg]]></wp:meta_value>
						</wp:postmeta>
										</item>
								<item>
					<title><![CDATA[accessories-product-blue-airpods-2-1.jpg]]></title>
					<link>https://dummy.xtemos.com/woodmart2/accessories-gutenberg/?attachment_id=142</link>
					<pubDate>Fri, 12 Jul 2024 11:15:57 +0000</pubDate>
					<dc:creator><![CDATA[zakhar]]></dc:creator>
					<guid isPermaLink="false">http://dummy.xtemos.com/woodmart2/accessories-gutenberg/wp-content/uploads/sites/26/2024/07/accessories-product-blue-airpods-2-1.jpg</guid>
															<wp:post_id>142</wp:post_id>
					<wp:post_date><![CDATA[2024-07-12 11:15:57]]></wp:post_date>
					<wp:post_date_gmt><![CDATA[2024-07-12 11:15:57]]></wp:post_date_gmt>
					<wp:post_modified><![CDATA[2024-07-12 11:15:57]]></wp:post_modified>
					<wp:post_modified_gmt><![CDATA[2024-07-12 11:15:57]]></wp:post_modified_gmt>
					<wp:comment_status><![CDATA[open]]></wp:comment_status>
					<wp:post_name><![CDATA[accessories-product-blue-airpods-2-1-jpg]]></wp:post_name>
					<wp:status><![CDATA[inherit]]></wp:status>
					<wp:post_parent>79</wp:post_parent>
					<wp:menu_order>0</wp:menu_order>
					<wp:post_type><![CDATA[attachment]]></wp:post_type>
											<wp:attachment_url><![CDATA[http://dummy.xtemos.com/woodmart2/accessories-gutenberg/wp-content/uploads/sites/26/2024/07/accessories-product-blue-airpods-2-1.jpg]]></wp:attachment_url>
																					<wp:postmeta>
							<wp:meta_key><![CDATA[_wp_attached_file]]></wp:meta_key>
							<wp:meta_value><![CDATA[2024/07/accessories-product-blue-airpods-2-1.jpg]]></wp:meta_value>
						</wp:postmeta>
												<wp:postmeta>
							<wp:meta_key><![CDATA[_wc_attachment_source]]></wp:meta_key>
							<wp:meta_value><![CDATA[http://dummy.xtemos.com/woodmart2/accessories-elementor/wp-content/uploads/sites/6/2022/09/accessories-product-blue-airpods-2-1.jpg]]></wp:meta_value>
						</wp:postmeta>
										</item>
								<item>
					<title><![CDATA[accessories-product-blue-airpods-3-1.jpg]]></title>
					<link>https://dummy.xtemos.com/woodmart2/accessories-gutenberg/?attachment_id=143</link>
					<pubDate>Fri, 12 Jul 2024 11:15:57 +0000</pubDate>
					<dc:creator><![CDATA[zakhar]]></dc:creator>
					<guid isPermaLink="false">http://dummy.xtemos.com/woodmart2/accessories-gutenberg/wp-content/uploads/sites/26/2024/07/accessories-product-blue-airpods-3-1.jpg</guid>
															<wp:post_id>143</wp:post_id>
					<wp:post_date><![CDATA[2024-07-12 11:15:57]]></wp:post_date>
					<wp:post_date_gmt><![CDATA[2024-07-12 11:15:57]]></wp:post_date_gmt>
					<wp:post_modified><![CDATA[2024-07-12 11:15:57]]></wp:post_modified>
					<wp:post_modified_gmt><![CDATA[2024-07-12 11:15:57]]></wp:post_modified_gmt>
					<wp:comment_status><![CDATA[open]]></wp:comment_status>
					<wp:post_name><![CDATA[accessories-product-blue-airpods-3-1-jpg]]></wp:post_name>
					<wp:status><![CDATA[inherit]]></wp:status>
					<wp:post_parent>79</wp:post_parent>
					<wp:menu_order>0</wp:menu_order>
					<wp:post_type><![CDATA[attachment]]></wp:post_type>
											<wp:attachment_url><![CDATA[http://dummy.xtemos.com/woodmart2/accessories-gutenberg/wp-content/uploads/sites/26/2024/07/accessories-product-blue-airpods-3-1.jpg]]></wp:attachment_url>
																					<wp:postmeta>
							<wp:meta_key><![CDATA[_wp_attached_file]]></wp:meta_key>
							<wp:meta_value><![CDATA[2024/07/accessories-product-blue-airpods-3-1.jpg]]></wp:meta_value>
						</wp:postmeta>
												<wp:postmeta>
							<wp:meta_key><![CDATA[_wc_attachment_source]]></wp:meta_key>
							<wp:meta_value><![CDATA[http://dummy.xtemos.com/woodmart2/accessories-elementor/wp-content/uploads/sites/6/2022/09/accessories-product-blue-airpods-3-1.jpg]]></wp:meta_value>
						</wp:postmeta>
										</item>
								<item>
					<title><![CDATA[cables-lightning-12.jpg]]></title>
					<link>https://dummy.xtemos.com/woodmart2/accessories-gutenberg/?attachment_id=144</link>
					<pubDate>Fri, 12 Jul 2024 11:15:57 +0000</pubDate>
					<dc:creator><![CDATA[zakhar]]></dc:creator>
					<guid isPermaLink="false">http://dummy.xtemos.com/woodmart2/accessories-gutenberg/wp-content/uploads/sites/26/2024/07/cables-lightning-12.jpg</guid>
															<wp:post_id>144</wp:post_id>
					<wp:post_date><![CDATA[2024-07-12 11:15:57]]></wp:post_date>
					<wp:post_date_gmt><![CDATA[2024-07-12 11:15:57]]></wp:post_date_gmt>
					<wp:post_modified><![CDATA[2024-07-12 11:15:57]]></wp:post_modified>
					<wp:post_modified_gmt><![CDATA[2024-07-12 11:15:57]]></wp:post_modified_gmt>
					<wp:comment_status><![CDATA[open]]></wp:comment_status>
					<wp:post_name><![CDATA[cables-lightning-12-jpg]]></wp:post_name>
					<wp:status><![CDATA[inherit]]></wp:status>
					<wp:post_parent>80</wp:post_parent>
					<wp:menu_order>0</wp:menu_order>
					<wp:post_type><![CDATA[attachment]]></wp:post_type>
											<wp:attachment_url><![CDATA[http://dummy.xtemos.com/woodmart2/accessories-gutenberg/wp-content/uploads/sites/26/2024/07/cables-lightning-12.jpg]]></wp:attachment_url>
																					<wp:postmeta>
							<wp:meta_key><![CDATA[_wp_attached_file]]></wp:meta_key>
							<wp:meta_value><![CDATA[2024/07/cables-lightning-12.jpg]]></wp:meta_value>
						</wp:postmeta>
												<wp:postmeta>
							<wp:meta_key><![CDATA[_wc_attachment_source]]></wp:meta_key>
							<wp:meta_value><![CDATA[http://dummy.xtemos.com/woodmart2/accessories-elementor/wp-content/uploads/sites/6/2022/09/cables-lightning-12.jpg]]></wp:meta_value>
						</wp:postmeta>
										</item>
								<item>
					<title><![CDATA[cables-lightning-12-1.jpg]]></title>
					<link>https://dummy.xtemos.com/woodmart2/accessories-gutenberg/?attachment_id=145</link>
					<pubDate>Fri, 12 Jul 2024 11:15:58 +0000</pubDate>
					<dc:creator><![CDATA[zakhar]]></dc:creator>
					<guid isPermaLink="false">http://dummy.xtemos.com/woodmart2/accessories-gutenberg/wp-content/uploads/sites/26/2024/07/cables-lightning-12-1.jpg</guid>
															<wp:post_id>145</wp:post_id>
					<wp:post_date><![CDATA[2024-07-12 11:15:58]]></wp:post_date>
					<wp:post_date_gmt><![CDATA[2024-07-12 11:15:58]]></wp:post_date_gmt>
					<wp:post_modified><![CDATA[2024-07-12 11:15:58]]></wp:post_modified>
					<wp:post_modified_gmt><![CDATA[2024-07-12 11:15:58]]></wp:post_modified_gmt>
					<wp:comment_status><![CDATA[open]]></wp:comment_status>
					<wp:post_name><![CDATA[cables-lightning-12-1-jpg]]></wp:post_name>
					<wp:status><![CDATA[inherit]]></wp:status>
					<wp:post_parent>80</wp:post_parent>
					<wp:menu_order>0</wp:menu_order>
					<wp:post_type><![CDATA[attachment]]></wp:post_type>
											<wp:attachment_url><![CDATA[http://dummy.xtemos.com/woodmart2/accessories-gutenberg/wp-content/uploads/sites/26/2024/07/cables-lightning-12-1.jpg]]></wp:attachment_url>
																					<wp:postmeta>
							<wp:meta_key><![CDATA[_wp_attached_file]]></wp:meta_key>
							<wp:meta_value><![CDATA[2024/07/cables-lightning-12-1.jpg]]></wp:meta_value>
						</wp:postmeta>
												<wp:postmeta>
							<wp:meta_key><![CDATA[_wc_attachment_source]]></wp:meta_key>
							<wp:meta_value><![CDATA[http://dummy.xtemos.com/woodmart2/accessories-elementor/wp-content/uploads/sites/6/2022/09/cables-lightning-12-1.jpg]]></wp:meta_value>
						</wp:postmeta>
										</item>
								<item>
					<title><![CDATA[cables-lightning-12-2.jpg]]></title>
					<link>https://dummy.xtemos.com/woodmart2/accessories-gutenberg/?attachment_id=146</link>
					<pubDate>Fri, 12 Jul 2024 11:15:58 +0000</pubDate>
					<dc:creator><![CDATA[zakhar]]></dc:creator>
					<guid isPermaLink="false">http://dummy.xtemos.com/woodmart2/accessories-gutenberg/wp-content/uploads/sites/26/2024/07/cables-lightning-12-2.jpg</guid>
															<wp:post_id>146</wp:post_id>
					<wp:post_date><![CDATA[2024-07-12 11:15:58]]></wp:post_date>
					<wp:post_date_gmt><![CDATA[2024-07-12 11:15:58]]></wp:post_date_gmt>
					<wp:post_modified><![CDATA[2024-07-12 11:15:58]]></wp:post_modified>
					<wp:post_modified_gmt><![CDATA[2024-07-12 11:15:58]]></wp:post_modified_gmt>
					<wp:comment_status><![CDATA[open]]></wp:comment_status>
					<wp:post_name><![CDATA[cables-lightning-12-2-jpg]]></wp:post_name>
					<wp:status><![CDATA[inherit]]></wp:status>
					<wp:post_parent>80</wp:post_parent>
					<wp:menu_order>0</wp:menu_order>
					<wp:post_type><![CDATA[attachment]]></wp:post_type>
											<wp:attachment_url><![CDATA[http://dummy.xtemos.com/woodmart2/accessories-gutenberg/wp-content/uploads/sites/26/2024/07/cables-lightning-12-2.jpg]]></wp:attachment_url>
																					<wp:postmeta>
							<wp:meta_key><![CDATA[_wp_attached_file]]></wp:meta_key>
							<wp:meta_value><![CDATA[2024/07/cables-lightning-12-2.jpg]]></wp:meta_value>
						</wp:postmeta>
												<wp:postmeta>
							<wp:meta_key><![CDATA[_wc_attachment_source]]></wp:meta_key>
							<wp:meta_value><![CDATA[http://dummy.xtemos.com/woodmart2/accessories-elementor/wp-content/uploads/sites/6/2022/09/cables-lightning-12-2.jpg]]></wp:meta_value>
						</wp:postmeta>
										</item>
								<item>
					<title><![CDATA[charge-station-wireless-charge-3.jpg]]></title>
					<link>https://dummy.xtemos.com/woodmart2/accessories-gutenberg/?attachment_id=147</link>
					<pubDate>Fri, 12 Jul 2024 11:15:58 +0000</pubDate>
					<dc:creator><![CDATA[zakhar]]></dc:creator>
					<guid isPermaLink="false">http://dummy.xtemos.com/woodmart2/accessories-gutenberg/wp-content/uploads/sites/26/2024/07/charge-station-wireless-charge-3.jpg</guid>
															<wp:post_id>147</wp:post_id>
					<wp:post_date><![CDATA[2024-07-12 11:15:58]]></wp:post_date>
					<wp:post_date_gmt><![CDATA[2024-07-12 11:15:58]]></wp:post_date_gmt>
					<wp:post_modified><![CDATA[2024-07-12 11:15:58]]></wp:post_modified>
					<wp:post_modified_gmt><![CDATA[2024-07-12 11:15:58]]></wp:post_modified_gmt>
					<wp:comment_status><![CDATA[open]]></wp:comment_status>
					<wp:post_name><![CDATA[charge-station-wireless-charge-3-jpg]]></wp:post_name>
					<wp:status><![CDATA[inherit]]></wp:status>
					<wp:post_parent>81</wp:post_parent>
					<wp:menu_order>0</wp:menu_order>
					<wp:post_type><![CDATA[attachment]]></wp:post_type>
											<wp:attachment_url><![CDATA[http://dummy.xtemos.com/woodmart2/accessories-gutenberg/wp-content/uploads/sites/26/2024/07/charge-station-wireless-charge-3.jpg]]></wp:attachment_url>
																					<wp:postmeta>
							<wp:meta_key><![CDATA[_wp_attached_file]]></wp:meta_key>
							<wp:meta_value><![CDATA[2024/07/charge-station-wireless-charge-3.jpg]]></wp:meta_value>
						</wp:postmeta>
												<wp:postmeta>
							<wp:meta_key><![CDATA[_wc_attachment_source]]></wp:meta_key>
							<wp:meta_value><![CDATA[http://dummy.xtemos.com/woodmart2/accessories-elementor/wp-content/uploads/sites/6/2022/09/charge-station-wireless-charge-3.jpg]]></wp:meta_value>
						</wp:postmeta>
										</item>
								<item>
					<title><![CDATA[charge-station-wireless-charge-3-1.jpg]]></title>
					<link>https://dummy.xtemos.com/woodmart2/accessories-gutenberg/?attachment_id=148</link>
					<pubDate>Fri, 12 Jul 2024 11:15:58 +0000</pubDate>
					<dc:creator><![CDATA[zakhar]]></dc:creator>
					<guid isPermaLink="false">http://dummy.xtemos.com/woodmart2/accessories-gutenberg/wp-content/uploads/sites/26/2024/07/charge-station-wireless-charge-3-1.jpg</guid>
															<wp:post_id>148</wp:post_id>
					<wp:post_date><![CDATA[2024-07-12 11:15:58]]></wp:post_date>
					<wp:post_date_gmt><![CDATA[2024-07-12 11:15:58]]></wp:post_date_gmt>
					<wp:post_modified><![CDATA[2024-07-12 11:15:58]]></wp:post_modified>
					<wp:post_modified_gmt><![CDATA[2024-07-12 11:15:58]]></wp:post_modified_gmt>
					<wp:comment_status><![CDATA[open]]></wp:comment_status>
					<wp:post_name><![CDATA[charge-station-wireless-charge-3-1-jpg]]></wp:post_name>
					<wp:status><![CDATA[inherit]]></wp:status>
					<wp:post_parent>81</wp:post_parent>
					<wp:menu_order>0</wp:menu_order>
					<wp:post_type><![CDATA[attachment]]></wp:post_type>
											<wp:attachment_url><![CDATA[http://dummy.xtemos.com/woodmart2/accessories-gutenberg/wp-content/uploads/sites/26/2024/07/charge-station-wireless-charge-3-1.jpg]]></wp:attachment_url>
																					<wp:postmeta>
							<wp:meta_key><![CDATA[_wp_attached_file]]></wp:meta_key>
							<wp:meta_value><![CDATA[2024/07/charge-station-wireless-charge-3-1.jpg]]></wp:meta_value>
						</wp:postmeta>
												<wp:postmeta>
							<wp:meta_key><![CDATA[_wc_attachment_source]]></wp:meta_key>
							<wp:meta_value><![CDATA[http://dummy.xtemos.com/woodmart2/accessories-elementor/wp-content/uploads/sites/6/2022/09/charge-station-wireless-charge-3-1.jpg]]></wp:meta_value>
						</wp:postmeta>
										</item>
								<item>
					<title><![CDATA[charge-station-wireless-charge-3-2.jpg]]></title>
					<link>https://dummy.xtemos.com/woodmart2/accessories-gutenberg/?attachment_id=149</link>
					<pubDate>Fri, 12 Jul 2024 11:15:58 +0000</pubDate>
					<dc:creator><![CDATA[zakhar]]></dc:creator>
					<guid isPermaLink="false">http://dummy.xtemos.com/woodmart2/accessories-gutenberg/wp-content/uploads/sites/26/2024/07/charge-station-wireless-charge-3-2.jpg</guid>
															<wp:post_id>149</wp:post_id>
					<wp:post_date><![CDATA[2024-07-12 11:15:58]]></wp:post_date>
					<wp:post_date_gmt><![CDATA[2024-07-12 11:15:58]]></wp:post_date_gmt>
					<wp:post_modified><![CDATA[2024-07-12 11:15:58]]></wp:post_modified>
					<wp:post_modified_gmt><![CDATA[2024-07-12 11:15:58]]></wp:post_modified_gmt>
					<wp:comment_status><![CDATA[open]]></wp:comment_status>
					<wp:post_name><![CDATA[charge-station-wireless-charge-3-2-jpg]]></wp:post_name>
					<wp:status><![CDATA[inherit]]></wp:status>
					<wp:post_parent>81</wp:post_parent>
					<wp:menu_order>0</wp:menu_order>
					<wp:post_type><![CDATA[attachment]]></wp:post_type>
											<wp:attachment_url><![CDATA[http://dummy.xtemos.com/woodmart2/accessories-gutenberg/wp-content/uploads/sites/26/2024/07/charge-station-wireless-charge-3-2.jpg]]></wp:attachment_url>
																					<wp:postmeta>
							<wp:meta_key><![CDATA[_wp_attached_file]]></wp:meta_key>
							<wp:meta_value><![CDATA[2024/07/charge-station-wireless-charge-3-2.jpg]]></wp:meta_value>
						</wp:postmeta>
												<wp:postmeta>
							<wp:meta_key><![CDATA[_wc_attachment_source]]></wp:meta_key>
							<wp:meta_value><![CDATA[http://dummy.xtemos.com/woodmart2/accessories-elementor/wp-content/uploads/sites/6/2022/09/charge-station-wireless-charge-3-2.jpg]]></wp:meta_value>
						</wp:postmeta>
										</item>
								<item>
					<title><![CDATA[straps-leather-3.jpg]]></title>
					<link>https://dummy.xtemos.com/woodmart2/accessories-gutenberg/?attachment_id=150</link>
					<pubDate>Fri, 12 Jul 2024 11:15:59 +0000</pubDate>
					<dc:creator><![CDATA[zakhar]]></dc:creator>
					<guid isPermaLink="false">http://dummy.xtemos.com/woodmart2/accessories-gutenberg/wp-content/uploads/sites/26/2024/07/straps-leather-3.jpg</guid>
															<wp:post_id>150</wp:post_id>
					<wp:post_date><![CDATA[2024-07-12 11:15:59]]></wp:post_date>
					<wp:post_date_gmt><![CDATA[2024-07-12 11:15:59]]></wp:post_date_gmt>
					<wp:post_modified><![CDATA[2024-07-12 11:15:59]]></wp:post_modified>
					<wp:post_modified_gmt><![CDATA[2024-07-12 11:15:59]]></wp:post_modified_gmt>
					<wp:comment_status><![CDATA[open]]></wp:comment_status>
					<wp:post_name><![CDATA[straps-leather-3-jpg]]></wp:post_name>
					<wp:status><![CDATA[inherit]]></wp:status>
					<wp:post_parent>82</wp:post_parent>
					<wp:menu_order>0</wp:menu_order>
					<wp:post_type><![CDATA[attachment]]></wp:post_type>
											<wp:attachment_url><![CDATA[http://dummy.xtemos.com/woodmart2/accessories-gutenberg/wp-content/uploads/sites/26/2024/07/straps-leather-3.jpg]]></wp:attachment_url>
																					<wp:postmeta>
							<wp:meta_key><![CDATA[_wp_attached_file]]></wp:meta_key>
							<wp:meta_value><![CDATA[2024/07/straps-leather-3.jpg]]></wp:meta_value>
						</wp:postmeta>
												<wp:postmeta>
							<wp:meta_key><![CDATA[_wc_attachment_source]]></wp:meta_key>
							<wp:meta_value><![CDATA[http://dummy.xtemos.com/woodmart2/accessories-elementor/wp-content/uploads/sites/6/2022/09/straps-leather-3.jpg]]></wp:meta_value>
						</wp:postmeta>
										</item>
								<item>
					<title><![CDATA[straps-metal-12.jpg]]></title>
					<link>https://dummy.xtemos.com/woodmart2/accessories-gutenberg/?attachment_id=151</link>
					<pubDate>Fri, 12 Jul 2024 11:15:59 +0000</pubDate>
					<dc:creator><![CDATA[zakhar]]></dc:creator>
					<guid isPermaLink="false">http://dummy.xtemos.com/woodmart2/accessories-gutenberg/wp-content/uploads/sites/26/2024/07/straps-metal-12.jpg</guid>
															<wp:post_id>151</wp:post_id>
					<wp:post_date><![CDATA[2024-07-12 11:15:59]]></wp:post_date>
					<wp:post_date_gmt><![CDATA[2024-07-12 11:15:59]]></wp:post_date_gmt>
					<wp:post_modified><![CDATA[2024-07-12 11:15:59]]></wp:post_modified>
					<wp:post_modified_gmt><![CDATA[2024-07-12 11:15:59]]></wp:post_modified_gmt>
					<wp:comment_status><![CDATA[open]]></wp:comment_status>
					<wp:post_name><![CDATA[straps-metal-12-jpg]]></wp:post_name>
					<wp:status><![CDATA[inherit]]></wp:status>
					<wp:post_parent>83</wp:post_parent>
					<wp:menu_order>0</wp:menu_order>
					<wp:post_type><![CDATA[attachment]]></wp:post_type>
											<wp:attachment_url><![CDATA[http://dummy.xtemos.com/woodmart2/accessories-gutenberg/wp-content/uploads/sites/26/2024/07/straps-metal-12.jpg]]></wp:attachment_url>
																					<wp:postmeta>
							<wp:meta_key><![CDATA[_wp_attached_file]]></wp:meta_key>
							<wp:meta_value><![CDATA[2024/07/straps-metal-12.jpg]]></wp:meta_value>
						</wp:postmeta>
												<wp:postmeta>
							<wp:meta_key><![CDATA[_wc_attachment_source]]></wp:meta_key>
							<wp:meta_value><![CDATA[http://dummy.xtemos.com/woodmart2/accessories-elementor/wp-content/uploads/sites/6/2022/09/straps-metal-12.jpg]]></wp:meta_value>
						</wp:postmeta>
										</item>
								<item>
					<title><![CDATA[straps-metal-13.jpg]]></title>
					<link>https://dummy.xtemos.com/woodmart2/accessories-gutenberg/?attachment_id=152</link>
					<pubDate>Fri, 12 Jul 2024 11:15:59 +0000</pubDate>
					<dc:creator><![CDATA[zakhar]]></dc:creator>
					<guid isPermaLink="false">http://dummy.xtemos.com/woodmart2/accessories-gutenberg/wp-content/uploads/sites/26/2024/07/straps-metal-13.jpg</guid>
															<wp:post_id>152</wp:post_id>
					<wp:post_date><![CDATA[2024-07-12 11:15:59]]></wp:post_date>
					<wp:post_date_gmt><![CDATA[2024-07-12 11:15:59]]></wp:post_date_gmt>
					<wp:post_modified><![CDATA[2024-07-12 11:15:59]]></wp:post_modified>
					<wp:post_modified_gmt><![CDATA[2024-07-12 11:15:59]]></wp:post_modified_gmt>
					<wp:comment_status><![CDATA[open]]></wp:comment_status>
					<wp:post_name><![CDATA[straps-metal-13-jpg]]></wp:post_name>
					<wp:status><![CDATA[inherit]]></wp:status>
					<wp:post_parent>84</wp:post_parent>
					<wp:menu_order>0</wp:menu_order>
					<wp:post_type><![CDATA[attachment]]></wp:post_type>
											<wp:attachment_url><![CDATA[http://dummy.xtemos.com/woodmart2/accessories-gutenberg/wp-content/uploads/sites/26/2024/07/straps-metal-13.jpg]]></wp:attachment_url>
																					<wp:postmeta>
							<wp:meta_key><![CDATA[_wp_attached_file]]></wp:meta_key>
							<wp:meta_value><![CDATA[2024/07/straps-metal-13.jpg]]></wp:meta_value>
						</wp:postmeta>
												<wp:postmeta>
							<wp:meta_key><![CDATA[_wc_attachment_source]]></wp:meta_key>
							<wp:meta_value><![CDATA[http://dummy.xtemos.com/woodmart2/accessories-elementor/wp-content/uploads/sites/6/2022/09/straps-metal-13.jpg]]></wp:meta_value>
						</wp:postmeta>
										</item>
								<item>
					<title><![CDATA[straps-silicone-4.jpg]]></title>
					<link>https://dummy.xtemos.com/woodmart2/accessories-gutenberg/?attachment_id=153</link>
					<pubDate>Fri, 12 Jul 2024 11:16:00 +0000</pubDate>
					<dc:creator><![CDATA[zakhar]]></dc:creator>
					<guid isPermaLink="false">http://dummy.xtemos.com/woodmart2/accessories-gutenberg/wp-content/uploads/sites/26/2024/07/straps-silicone-4.jpg</guid>
															<wp:post_id>153</wp:post_id>
					<wp:post_date><![CDATA[2024-07-12 11:16:00]]></wp:post_date>
					<wp:post_date_gmt><![CDATA[2024-07-12 11:16:00]]></wp:post_date_gmt>
					<wp:post_modified><![CDATA[2024-07-12 11:16:00]]></wp:post_modified>
					<wp:post_modified_gmt><![CDATA[2024-07-12 11:16:00]]></wp:post_modified_gmt>
					<wp:comment_status><![CDATA[open]]></wp:comment_status>
					<wp:post_name><![CDATA[straps-silicone-4-jpg]]></wp:post_name>
					<wp:status><![CDATA[inherit]]></wp:status>
					<wp:post_parent>85</wp:post_parent>
					<wp:menu_order>0</wp:menu_order>
					<wp:post_type><![CDATA[attachment]]></wp:post_type>
											<wp:attachment_url><![CDATA[http://dummy.xtemos.com/woodmart2/accessories-gutenberg/wp-content/uploads/sites/26/2024/07/straps-silicone-4.jpg]]></wp:attachment_url>
																					<wp:postmeta>
							<wp:meta_key><![CDATA[_wp_attached_file]]></wp:meta_key>
							<wp:meta_value><![CDATA[2024/07/straps-silicone-4.jpg]]></wp:meta_value>
						</wp:postmeta>
												<wp:postmeta>
							<wp:meta_key><![CDATA[_wc_attachment_source]]></wp:meta_key>
							<wp:meta_value><![CDATA[http://dummy.xtemos.com/woodmart2/accessories-elementor/wp-content/uploads/sites/6/2022/09/straps-silicone-4.jpg]]></wp:meta_value>
						</wp:postmeta>
										</item>
								<item>
					<title><![CDATA[w-accessories-product-17.jpg]]></title>
					<link>https://dummy.xtemos.com/woodmart2/accessories-gutenberg/?attachment_id=154</link>
					<pubDate>Fri, 12 Jul 2024 11:16:00 +0000</pubDate>
					<dc:creator><![CDATA[zakhar]]></dc:creator>
					<guid isPermaLink="false">http://dummy.xtemos.com/woodmart2/accessories-gutenberg/wp-content/uploads/sites/26/2024/07/w-accessories-product-17.jpg</guid>
															<wp:post_id>154</wp:post_id>
					<wp:post_date><![CDATA[2024-07-12 11:16:00]]></wp:post_date>
					<wp:post_date_gmt><![CDATA[2024-07-12 11:16:00]]></wp:post_date_gmt>
					<wp:post_modified><![CDATA[2024-07-12 11:16:00]]></wp:post_modified>
					<wp:post_modified_gmt><![CDATA[2024-07-12 11:16:00]]></wp:post_modified_gmt>
					<wp:comment_status><![CDATA[open]]></wp:comment_status>
					<wp:post_name><![CDATA[w-accessories-product-17-jpg]]></wp:post_name>
					<wp:status><![CDATA[inherit]]></wp:status>
					<wp:post_parent>86</wp:post_parent>
					<wp:menu_order>0</wp:menu_order>
					<wp:post_type><![CDATA[attachment]]></wp:post_type>
											<wp:attachment_url><![CDATA[http://dummy.xtemos.com/woodmart2/accessories-gutenberg/wp-content/uploads/sites/26/2024/07/w-accessories-product-17.jpg]]></wp:attachment_url>
																					<wp:postmeta>
							<wp:meta_key><![CDATA[_wp_attached_file]]></wp:meta_key>
							<wp:meta_value><![CDATA[2024/07/w-accessories-product-17.jpg]]></wp:meta_value>
						</wp:postmeta>
												<wp:postmeta>
							<wp:meta_key><![CDATA[_wc_attachment_source]]></wp:meta_key>
							<wp:meta_value><![CDATA[http://dummy.xtemos.com/woodmart2/accessories-elementor/wp-content/uploads/sites/6/2022/09/w-accessories-product-17.jpg]]></wp:meta_value>
						</wp:postmeta>
										</item>
								<item>
					<title><![CDATA[w-accessories-product-15.jpg]]></title>
					<link>https://dummy.xtemos.com/woodmart2/accessories-gutenberg/?attachment_id=155</link>
					<pubDate>Fri, 12 Jul 2024 11:16:00 +0000</pubDate>
					<dc:creator><![CDATA[zakhar]]></dc:creator>
					<guid isPermaLink="false">http://dummy.xtemos.com/woodmart2/accessories-gutenberg/wp-content/uploads/sites/26/2024/07/w-accessories-product-15.jpg</guid>
															<wp:post_id>155</wp:post_id>
					<wp:post_date><![CDATA[2024-07-12 11:16:00]]></wp:post_date>
					<wp:post_date_gmt><![CDATA[2024-07-12 11:16:00]]></wp:post_date_gmt>
					<wp:post_modified><![CDATA[2024-07-12 11:16:00]]></wp:post_modified>
					<wp:post_modified_gmt><![CDATA[2024-07-12 11:16:00]]></wp:post_modified_gmt>
					<wp:comment_status><![CDATA[open]]></wp:comment_status>
					<wp:post_name><![CDATA[w-accessories-product-15-jpg]]></wp:post_name>
					<wp:status><![CDATA[inherit]]></wp:status>
					<wp:post_parent>87</wp:post_parent>
					<wp:menu_order>0</wp:menu_order>
					<wp:post_type><![CDATA[attachment]]></wp:post_type>
											<wp:attachment_url><![CDATA[http://dummy.xtemos.com/woodmart2/accessories-gutenberg/wp-content/uploads/sites/26/2024/07/w-accessories-product-15.jpg]]></wp:attachment_url>
																					<wp:postmeta>
							<wp:meta_key><![CDATA[_wp_attached_file]]></wp:meta_key>
							<wp:meta_value><![CDATA[2024/07/w-accessories-product-15.jpg]]></wp:meta_value>
						</wp:postmeta>
												<wp:postmeta>
							<wp:meta_key><![CDATA[_wc_attachment_source]]></wp:meta_key>
							<wp:meta_value><![CDATA[http://dummy.xtemos.com/woodmart2/accessories-elementor/wp-content/uploads/sites/6/2022/09/w-accessories-product-15.jpg]]></wp:meta_value>
						</wp:postmeta>
										</item>
								<item>
					<title><![CDATA[straps-canvas-6.jpg]]></title>
					<link>https://dummy.xtemos.com/woodmart2/accessories-gutenberg/?attachment_id=156</link>
					<pubDate>Fri, 12 Jul 2024 11:16:01 +0000</pubDate>
					<dc:creator><![CDATA[zakhar]]></dc:creator>
					<guid isPermaLink="false">http://dummy.xtemos.com/woodmart2/accessories-gutenberg/wp-content/uploads/sites/26/2024/07/straps-canvas-6.jpg</guid>
															<wp:post_id>156</wp:post_id>
					<wp:post_date><![CDATA[2024-07-12 11:16:01]]></wp:post_date>
					<wp:post_date_gmt><![CDATA[2024-07-12 11:16:01]]></wp:post_date_gmt>
					<wp:post_modified><![CDATA[2024-07-12 11:16:01]]></wp:post_modified>
					<wp:post_modified_gmt><![CDATA[2024-07-12 11:16:01]]></wp:post_modified_gmt>
					<wp:comment_status><![CDATA[open]]></wp:comment_status>
					<wp:post_name><![CDATA[straps-canvas-6-jpg]]></wp:post_name>
					<wp:status><![CDATA[inherit]]></wp:status>
					<wp:post_parent>88</wp:post_parent>
					<wp:menu_order>0</wp:menu_order>
					<wp:post_type><![CDATA[attachment]]></wp:post_type>
											<wp:attachment_url><![CDATA[http://dummy.xtemos.com/woodmart2/accessories-gutenberg/wp-content/uploads/sites/26/2024/07/straps-canvas-6.jpg]]></wp:attachment_url>
																					<wp:postmeta>
							<wp:meta_key><![CDATA[_wp_attached_file]]></wp:meta_key>
							<wp:meta_value><![CDATA[2024/07/straps-canvas-6.jpg]]></wp:meta_value>
						</wp:postmeta>
												<wp:postmeta>
							<wp:meta_key><![CDATA[_wc_attachment_source]]></wp:meta_key>
							<wp:meta_value><![CDATA[http://dummy.xtemos.com/woodmart2/accessories-elementor/wp-content/uploads/sites/6/2022/09/straps-canvas-6.jpg]]></wp:meta_value>
						</wp:postmeta>
										</item>
								<item>
					<title><![CDATA[straps-canvas-1.jpg]]></title>
					<link>https://dummy.xtemos.com/woodmart2/accessories-gutenberg/?attachment_id=157</link>
					<pubDate>Fri, 12 Jul 2024 11:16:01 +0000</pubDate>
					<dc:creator><![CDATA[zakhar]]></dc:creator>
					<guid isPermaLink="false">http://dummy.xtemos.com/woodmart2/accessories-gutenberg/wp-content/uploads/sites/26/2024/07/straps-canvas-1.jpg</guid>
															<wp:post_id>157</wp:post_id>
					<wp:post_date><![CDATA[2024-07-12 11:16:01]]></wp:post_date>
					<wp:post_date_gmt><![CDATA[2024-07-12 11:16:01]]></wp:post_date_gmt>
					<wp:post_modified><![CDATA[2024-07-12 11:16:01]]></wp:post_modified>
					<wp:post_modified_gmt><![CDATA[2024-07-12 11:16:01]]></wp:post_modified_gmt>
					<wp:comment_status><![CDATA[open]]></wp:comment_status>
					<wp:post_name><![CDATA[straps-canvas-1-jpg]]></wp:post_name>
					<wp:status><![CDATA[inherit]]></wp:status>
					<wp:post_parent>89</wp:post_parent>
					<wp:menu_order>0</wp:menu_order>
					<wp:post_type><![CDATA[attachment]]></wp:post_type>
											<wp:attachment_url><![CDATA[http://dummy.xtemos.com/woodmart2/accessories-gutenberg/wp-content/uploads/sites/26/2024/07/straps-canvas-1.jpg]]></wp:attachment_url>
																					<wp:postmeta>
							<wp:meta_key><![CDATA[_wp_attached_file]]></wp:meta_key>
							<wp:meta_value><![CDATA[2024/07/straps-canvas-1.jpg]]></wp:meta_value>
						</wp:postmeta>
												<wp:postmeta>
							<wp:meta_key><![CDATA[_wc_attachment_source]]></wp:meta_key>
							<wp:meta_value><![CDATA[http://dummy.xtemos.com/woodmart2/accessories-elementor/wp-content/uploads/sites/6/2022/09/straps-canvas-1.jpg]]></wp:meta_value>
						</wp:postmeta>
										</item>
								<item>
					<title><![CDATA[straps-canvas-2.jpg]]></title>
					<link>https://dummy.xtemos.com/woodmart2/accessories-gutenberg/?attachment_id=158</link>
					<pubDate>Fri, 12 Jul 2024 11:16:01 +0000</pubDate>
					<dc:creator><![CDATA[zakhar]]></dc:creator>
					<guid isPermaLink="false">http://dummy.xtemos.com/woodmart2/accessories-gutenberg/wp-content/uploads/sites/26/2024/07/straps-canvas-2.jpg</guid>
															<wp:post_id>158</wp:post_id>
					<wp:post_date><![CDATA[2024-07-12 11:16:01]]></wp:post_date>
					<wp:post_date_gmt><![CDATA[2024-07-12 11:16:01]]></wp:post_date_gmt>
					<wp:post_modified><![CDATA[2024-07-12 11:16:01]]></wp:post_modified>
					<wp:post_modified_gmt><![CDATA[2024-07-12 11:16:01]]></wp:post_modified_gmt>
					<wp:comment_status><![CDATA[open]]></wp:comment_status>
					<wp:post_name><![CDATA[straps-canvas-2-jpg]]></wp:post_name>
					<wp:status><![CDATA[inherit]]></wp:status>
					<wp:post_parent>90</wp:post_parent>
					<wp:menu_order>0</wp:menu_order>
					<wp:post_type><![CDATA[attachment]]></wp:post_type>
											<wp:attachment_url><![CDATA[http://dummy.xtemos.com/woodmart2/accessories-gutenberg/wp-content/uploads/sites/26/2024/07/straps-canvas-2.jpg]]></wp:attachment_url>
																					<wp:postmeta>
							<wp:meta_key><![CDATA[_wp_attached_file]]></wp:meta_key>
							<wp:meta_value><![CDATA[2024/07/straps-canvas-2.jpg]]></wp:meta_value>
						</wp:postmeta>
												<wp:postmeta>
							<wp:meta_key><![CDATA[_wc_attachment_source]]></wp:meta_key>
							<wp:meta_value><![CDATA[http://dummy.xtemos.com/woodmart2/accessories-elementor/wp-content/uploads/sites/6/2022/09/straps-canvas-2.jpg]]></wp:meta_value>
						</wp:postmeta>
										</item>
								<item>
					<title><![CDATA[straps-canvas-4.jpg]]></title>
					<link>https://dummy.xtemos.com/woodmart2/accessories-gutenberg/?attachment_id=159</link>
					<pubDate>Fri, 12 Jul 2024 11:16:02 +0000</pubDate>
					<dc:creator><![CDATA[zakhar]]></dc:creator>
					<guid isPermaLink="false">http://dummy.xtemos.com/woodmart2/accessories-gutenberg/wp-content/uploads/sites/26/2024/07/straps-canvas-4.jpg</guid>
															<wp:post_id>159</wp:post_id>
					<wp:post_date><![CDATA[2024-07-12 11:16:02]]></wp:post_date>
					<wp:post_date_gmt><![CDATA[2024-07-12 11:16:02]]></wp:post_date_gmt>
					<wp:post_modified><![CDATA[2024-07-12 11:16:02]]></wp:post_modified>
					<wp:post_modified_gmt><![CDATA[2024-07-12 11:16:02]]></wp:post_modified_gmt>
					<wp:comment_status><![CDATA[open]]></wp:comment_status>
					<wp:post_name><![CDATA[straps-canvas-4-jpg]]></wp:post_name>
					<wp:status><![CDATA[inherit]]></wp:status>
					<wp:post_parent>91</wp:post_parent>
					<wp:menu_order>0</wp:menu_order>
					<wp:post_type><![CDATA[attachment]]></wp:post_type>
											<wp:attachment_url><![CDATA[http://dummy.xtemos.com/woodmart2/accessories-gutenberg/wp-content/uploads/sites/26/2024/07/straps-canvas-4.jpg]]></wp:attachment_url>
																					<wp:postmeta>
							<wp:meta_key><![CDATA[_wp_attached_file]]></wp:meta_key>
							<wp:meta_value><![CDATA[2024/07/straps-canvas-4.jpg]]></wp:meta_value>
						</wp:postmeta>
												<wp:postmeta>
							<wp:meta_key><![CDATA[_wc_attachment_source]]></wp:meta_key>
							<wp:meta_value><![CDATA[http://dummy.xtemos.com/woodmart2/accessories-elementor/wp-content/uploads/sites/6/2022/09/straps-canvas-4.jpg]]></wp:meta_value>
						</wp:postmeta>
										</item>
				</channel>
</rss>
	