<?xml version="1.0" encoding="UTF-8" ?>
	<!-- This is a WordPress eXtended RSS file generated by WordPress as an export of your site. -->
	<!-- It contains information about your site's posts, pages, comments, categories, and other content. -->
	<!-- You may use this file to transfer that content from one site to another. -->
	<!-- This file is not intended to serve as a complete backup of your site. -->

	<!-- To import this information into a WordPress site follow these steps: -->
	<!-- 1. Log in to that site as an administrator. -->
	<!-- 2. Go to Tools: Import in the WordPress admin panel. -->
	<!-- 3. Install the "WordPress" importer from the list. -->
	<!-- 4. Activate & Run Importer. -->
	<!-- 5. Upload this file using the form provided on that page. -->
	<!-- 6. You will first be asked to map the authors in this export file to users -->
	<!--    on the site. For each author, you may choose to map to an -->
	<!--    existing user on the site or to create a new user. -->
	<!-- 7. WordPress will then import each of the posts, pages, comments, categories, etc. -->
	<!--    contained in this file into your site. -->

	<!-- generator="WordPress/6.5.5" created="2024-10-25 07:57" -->
<rss version="2.0"
	xmlns:excerpt="http://wordpress.org/export/1.2/excerpt/"
	xmlns:content="http://purl.org/rss/1.0/modules/content/"
	xmlns:wfw="http://wellformedweb.org/CommentAPI/"
	xmlns:dc="http://purl.org/dc/elements/1.1/"
	xmlns:wp="http://wordpress.org/export/1.2/"
>

<channel>
	<title>Gutenberg base</title>
	<link>https://dummy.xtemos.com/woodmart2/gutenberg</link>
	<description></description>
	<pubDate>Fri, 25 Oct 2024 07:57:57 +0000</pubDate>
	<language>en-US</language>
	<wp:wxr_version>1.2</wp:wxr_version>
	<wp:base_site_url>https://dummy.xtemos.com/woodmart2/</wp:base_site_url>
	<wp:base_blog_url>https://dummy.xtemos.com/woodmart2/gutenberg</wp:base_blog_url>

		<wp:author><wp:author_id>491</wp:author_id><wp:author_login><![CDATA[maksimkliakhin]]></wp:author_login><wp:author_email><![CDATA[m.kliakhin@gmail.com]]></wp:author_email><wp:author_display_name><![CDATA[Ethan Smith]]></wp:author_display_name><wp:author_first_name><![CDATA[Ethan]]></wp:author_first_name><wp:author_last_name><![CDATA[Smith]]></wp:author_last_name></wp:author>

					<wp:term>
			<wp:term_id>0</wp:term_id>
			<wp:term_taxonomy><![CDATA[]]></wp:term_taxonomy>
			<wp:term_slug><![CDATA[]]></wp:term_slug>
			<wp:term_parent><![CDATA[]]></wp:term_parent>
					</wp:term>
		
	<generator>https://wordpress.org/?v=6.5.5</generator>

					<item>
					<title><![CDATA[About us 2]]></title>
					<link>https://dummy.xtemos.com/woodmart2/gutenberg/about-us-4/</link>
					<pubDate>Mon, 05 Aug 2024 06:21:59 +0000</pubDate>
					<dc:creator><![CDATA[maksimkliakhin]]></dc:creator>
					<guid isPermaLink="false">https://dummy.xtemos.com/woodmart2/gutenberg/?page_id=27483</guid>
											<content:encoded><![CDATA[<!-- wp:wd/section {"blockId":"fd9b3dc3-04cd-4310-a01f-bdc676f1277e","bgColorCode":"#f9f9f9","paddingTop":"200","paddingRight":"10","paddingBottom":"100","paddingLeft":"10","marginTop":"-40","marginBottom":"100","paddingTopTablet":"140","paddingRightTablet":"15","paddingBottomTablet":"60","paddingLeftTablet":"15","marginBottomTablet":"60","marginBottomMobile":"40"} -->
<div id="wd-fd9b3dc3" class="wp-block-wd-section"><!-- wp:wd/row {"blockId":"9d2d8f82-4d63-405e-90cd-be6343b0e37a","columnsGap":100,"columnsGapMobile":60} -->
<div id="wd-9d2d8f82" class="wp-block-wd-row"><!-- wp:wd/column {"blockId":"2ba807b2-e46f-45fa-a88e-01f1cc77e887","adjacentCount":2} -->
<div id="wd-2ba807b2" class="wp-block-wd-column"><!-- wp:wd/container {"blockId":"aa497bf9-53fe-4e72-af20-d39fbf31e5f5","direction":"row","align":"center","wrap":"wrap","colGap":"25","rowGap":"","wrapMobile":"wrap"} -->
<div id="wd-aa497bf9" class="wp-block-wd-container wd-dir-row wd-align-is-lg-center"><!-- wp:wd/image {"blockId":"05fa67f8-3b30-4abb-9146-bbb9a3129939","image":{"id":27487,"url":"https://dummy.xtemos.com/woodmart2/gutenberg/wp-content/uploads/sites/24/2024/08/about-us-4-avatar.png"},"imageData":{"url":"https://dummy.xtemos.com/woodmart2/gutenberg/wp-content/uploads/sites/24/2024/08/about-us-4-avatar.png","width":100,"height":100},"displayWidth":"","customWidth":"","displayWidthTablet":"custom","customWidthTablet":"60"} -->
<div id="wd-05fa67f8" class="wp-block-wd-image wd-block-image wd-custom-width"><img class="wp-image-27487" src="https://dummy.xtemos.com/woodmart2/gutenberg/wp-content/uploads/sites/24/2024/08/about-us-4-avatar.png" /></div>
<!-- /wp:wd/image -->

<!-- wp:wd/paragraph {"blockId":"4a75c69e-5092-4796-95b3-b83e9bda5046","markFontVariant":"600","markFontWeight":"600","markColorCode":"#333333","tpFontSizeTablet":"14"} -->
<p id="wd-4a75c69e" class="wp-block-wd-paragraph">By <span class="wd-highlight">Albert Flores</span></p>
<!-- /wp:wd/paragraph -->

<!-- wp:wd/icon {"blockId":"6db18eff-7771-4cd4-a0d0-32a91526c4ca","image":{"id":27486,"url":"https://dummy.xtemos.com/woodmart2/gutenberg/wp-content/uploads/sites/24/2024/08/about-us-4-autog-black.svg"},"width":"86","widthTablet":"60"} -->
<div id="wd-6db18eff" class="wp-block-wd-icon"><img class="wp-image-27486" src="https://dummy.xtemos.com/woodmart2/gutenberg/wp-content/uploads/sites/24/2024/08/about-us-4-autog-black.svg" /></div>
<!-- /wp:wd/icon --></div>
<!-- /wp:wd/container -->

<!-- wp:wd/title {"blockId":"e19b4269-81dc-4180-bdd0-d2851f40af9b","content":"Far far away, behind the word mountains, live texts","tpFontSize":"36","tpFontSizeTablet":"22","tpFontSizeMobile":"24"} -->
<h2 id="wd-e19b4269" class="wp-block-wd-title title">Far far away, behind the word mountains, live texts</h2>
<!-- /wp:wd/title --></div>
<!-- /wp:wd/column -->

<!-- wp:wd/column {"blockId":"ebcd2fc3-4d73-42c1-a41d-d06169b4eb6c","adjacentCount":2,"blocksGap":30,"paddingLeftMobile":"0"} -->
<div id="wd-ebcd2fc3" class="wp-block-wd-column"><!-- wp:wd/infobox {"blockId":"fa6542c6-d546-47a2-a41a-c010d4287d33","iconPositionHorizontal":"start","displayWidth":"custom","customWidth":"330"} -->
<div id="wd-fa6542c6" class="wp-block-wd-infobox wd-hover-parent wd-icon-start wd-custom-width"><!-- wp:wd/icon {"blockId":"06cc9743-2617-48a8-bec4-9505bd6e98ab","image":{"id":27489,"url":"https://dummy.xtemos.com/woodmart2/gutenberg/wp-content/uploads/sites/24/2024/08/about-us-4-happy-clients.svg"},"width":"82","height":"82","paddingTop":"18","paddingRight":"18","paddingBottom":"18","paddingLeft":"18","paddingLock":true,"borderType":"solid","borderColorCode":"#e6e6e6","borderWidth":"2","borderWidthTop":"2","borderWidthRight":"2","borderWidthBottom":"2","borderWidthLeft":"2","borderWidthLock":true,"borderRadius":"41","borderRadiusTop":"41","borderRadiusRight":"41","borderRadiusBottom":"41","borderRadiusLeft":"41"} -->
<div id="wd-06cc9743" class="wp-block-wd-icon"><img class="wp-image-27489" src="https://dummy.xtemos.com/woodmart2/gutenberg/wp-content/uploads/sites/24/2024/08/about-us-4-happy-clients.svg" /></div>
<!-- /wp:wd/icon -->

<!-- wp:wd/container {"blockId":"afdcc9f8-3ae9-42a2-8d03-e2d47799d376","displayWidth":"","customWidth":"","metadata":{"name":"Infobox content"}} -->
<div id="wd-afdcc9f8" class="wp-block-wd-container wd-dir-col"><!-- wp:wd/title {"blockId":"acc62d41-be48-4bfb-8651-35fb585a52e1","content":"Happy clients","tpFontSize":"18"} -->
<h2 id="wd-acc62d41" class="wp-block-wd-title title">Happy clients</h2>
<!-- /wp:wd/title -->

<!-- wp:wd/paragraph {"blockId":"ef4cfd3f-586a-43c9-af85-e87b4a137a61"} -->
<p id="wd-ef4cfd3f" class="wp-block-wd-paragraph">A wonderful serenity has taken possession of my entire soul.</p>
<!-- /wp:wd/paragraph --></div>
<!-- /wp:wd/container --></div>
<!-- /wp:wd/infobox -->

<!-- wp:wd/infobox {"blockId":"e997c817-72b7-40bd-abe6-fe09fd47bd45","iconPositionHorizontal":"start","displayWidth":"custom","customWidth":"377"} -->
<div id="wd-e997c817" class="wp-block-wd-infobox wd-hover-parent wd-icon-start wd-custom-width"><!-- wp:wd/icon {"blockId":"f535cc25-119b-4e5b-a9e8-5a429fab4e0d","image":{"id":27488,"url":"https://dummy.xtemos.com/woodmart2/gutenberg/wp-content/uploads/sites/24/2024/08/about-us-4-finished-works.svg"},"width":"82","height":"82","paddingTop":"18","paddingRight":"18","paddingBottom":"18","paddingLeft":"18","paddingLock":true,"borderType":"solid","borderColorCode":"#e6e6e6","borderWidth":"2","borderWidthTop":"2","borderWidthRight":"2","borderWidthBottom":"2","borderWidthLeft":"2","borderWidthLock":true,"borderRadius":"41","borderRadiusTop":"41","borderRadiusRight":"41","borderRadiusBottom":"41","borderRadiusLeft":"41"} -->
<div id="wd-f535cc25" class="wp-block-wd-icon"><img class="wp-image-27488" src="https://dummy.xtemos.com/woodmart2/gutenberg/wp-content/uploads/sites/24/2024/08/about-us-4-finished-works.svg" /></div>
<!-- /wp:wd/icon -->

<!-- wp:wd/container {"blockId":"8f68bde4-16ac-444b-bc84-e205fd26135c","displayWidth":"","customWidth":"","metadata":{"name":"Infobox content"}} -->
<div id="wd-8f68bde4" class="wp-block-wd-container wd-dir-col"><!-- wp:wd/title {"blockId":"c7c2fa20-649a-42df-9cf2-86adeaec54a2","content":"Finished works","tpFontSize":"18"} -->
<h2 id="wd-c7c2fa20" class="wp-block-wd-title title">Finished works</h2>
<!-- /wp:wd/title -->

<!-- wp:wd/paragraph {"blockId":"699e17c1-d5a5-4c03-8091-59b92dcfa55a"} -->
<p id="wd-699e17c1" class="wp-block-wd-paragraph">Hierarchies of information, weight, emphasis process agreed.</p>
<!-- /wp:wd/paragraph --></div>
<!-- /wp:wd/container --></div>
<!-- /wp:wd/infobox --></div>
<!-- /wp:wd/column --></div>
<!-- /wp:wd/row --></div>
<!-- /wp:wd/section -->

<!-- wp:wd/row {"blockId":"8b53458a-d423-498b-9f1e-14e8dd5dadd5","columnsGap":40,"marginBottom":"80","columnsGapTablet":40,"marginBottomTablet":"60","marginBottomMobile":"40"} -->
<div id="wd-8b53458a" class="wp-block-wd-row"><!-- wp:wd/column {"blockId":"a8836107-f44a-4b30-979b-9bcee414350b","adjacentCount":3,"adjacentCountTablet":1,"colWidthTablet":100,"flexOrderTablet":"1"} -->
<div id="wd-a8836107" class="wp-block-wd-column"><!-- wp:wd/row {"blockId":"94778f73-fdd7-48a8-a036-4ee346495a79"} -->
<div id="wd-94778f73" class="wp-block-wd-row"><!-- wp:wd/column {"blockId":"c00feaf5-54f7-4bf7-ba3c-946a38f0bbf6","adjacentCount":2} -->
<div id="wd-c00feaf5" class="wp-block-wd-column"><!-- wp:wd/team-member {"blockId":"780c14a0-2e9b-4c3a-aa56-ae422805e144","alignment":"center","design":"1"} -->
<div id="wd-780c14a0" class="wp-block-wd-team-member wd-align wd-design-1"><!-- wp:wd/image {"blockId":"691852b1-c578-46a9-a150-9de2b49c7e4e","image":{"id":27499,"url":"https://dummy.xtemos.com/woodmart2/gutenberg/wp-content/uploads/sites/24/2024/08/about-us-4-team-member-1.jpg"},"imageData":{"url":"https://dummy.xtemos.com/woodmart2/gutenberg/wp-content/uploads/sites/24/2024/08/about-us-4-team-member-1.jpg","width":400,"height":643}} -->
<div id="wd-691852b1" class="wp-block-wd-image wd-block-image"><img class="wp-image-27499" src="https://dummy.xtemos.com/woodmart2/gutenberg/wp-content/uploads/sites/24/2024/08/about-us-4-team-member-1.jpg" /></div>
<!-- /wp:wd/image -->

<!-- wp:wd/container {"blockId":"cbe544c6-cb32-488e-8a81-f528c6fd6d61"} -->
<div id="wd-cbe544c6" class="wp-block-wd-container wd-dir-col"><!-- wp:wd/title {"blockId":"6a96c3f6-d53a-4270-a434-66c868ae4fd3","content":"Kristin Watson","tpFontSize":"18"} -->
<h2 id="wd-6a96c3f6" class="wp-block-wd-title title">Kristin Watson</h2>
<!-- /wp:wd/title -->

<!-- wp:wd/paragraph {"blockId":"80fae6ae-4020-469b-ae00-9eb69128d3fb","colorCode":"#a5a5a5","tpFontSize":"14"} -->
<p id="wd-80fae6ae" class="wp-block-wd-paragraph">CEO / Founder</p>
<!-- /wp:wd/paragraph -->

<!-- wp:wd/social-buttons {"blockId":"d8faaa5a-9b23-47ae-9156-988da0e353c0","type":"follow","style":"colored","size":"small","social_links_source":"custom","pinterest_link":"","youtube_link":"","linkedin_link":"#","tg_link":"#"} /--></div>
<!-- /wp:wd/container --></div>
<!-- /wp:wd/team-member --></div>
<!-- /wp:wd/column -->

<!-- wp:wd/column {"blockId":"b13a0953-db86-485f-9677-6b2482cab14b","adjacentCount":2} -->
<div id="wd-b13a0953" class="wp-block-wd-column"><!-- wp:wd/team-member {"blockId":"6ab6081a-af5f-4219-a234-ddbdb38884e3","alignment":"center","design":"1"} -->
<div id="wd-6ab6081a" class="wp-block-wd-team-member wd-align wd-design-1"><!-- wp:wd/image {"blockId":"32d0b458-a42f-44a1-8496-cf47b1b0aaf6","image":{"id":27500,"url":"https://dummy.xtemos.com/woodmart2/gutenberg/wp-content/uploads/sites/24/2024/08/about-us-4-team-member-2.jpg"},"imageData":{"url":"https://dummy.xtemos.com/woodmart2/gutenberg/wp-content/uploads/sites/24/2024/08/about-us-4-team-member-2.jpg","width":400,"height":643}} -->
<div id="wd-32d0b458" class="wp-block-wd-image wd-block-image"><img class="wp-image-27500" src="https://dummy.xtemos.com/woodmart2/gutenberg/wp-content/uploads/sites/24/2024/08/about-us-4-team-member-2.jpg" /></div>
<!-- /wp:wd/image -->

<!-- wp:wd/container {"blockId":"91796f55-6436-416a-ad4d-5c956ea9a517"} -->
<div id="wd-91796f55" class="wp-block-wd-container wd-dir-col"><!-- wp:wd/title {"blockId":"48f0436c-2a06-4388-b190-562ed39ebb1a","content":"Dianne Russell","tpFontSize":"18"} -->
<h2 id="wd-48f0436c" class="wp-block-wd-title title">Dianne Russell</h2>
<!-- /wp:wd/title -->

<!-- wp:wd/paragraph {"blockId":"494c3723-f563-45c2-8f6c-c12577ebe785","colorCode":"#a5a5a5","tpFontSize":"14"} -->
<p id="wd-494c3723" class="wp-block-wd-paragraph">CEO / Founder</p>
<!-- /wp:wd/paragraph -->

<!-- wp:wd/social-buttons {"blockId":"0fd719f6-03e9-4dbf-9a98-1917576b3666","type":"follow","style":"colored","size":"small","social_links_source":"custom","pinterest_link":"","youtube_link":"","linkedin_link":"#","tg_link":"#"} /--></div>
<!-- /wp:wd/container --></div>
<!-- /wp:wd/team-member --></div>
<!-- /wp:wd/column --></div>
<!-- /wp:wd/row --></div>
<!-- /wp:wd/column -->

<!-- wp:wd/column {"blockId":"d330ffd7-947e-47ae-a44f-b38992587218","adjacentCount":3,"blocksGap":10,"paddingTop":"40","adjacentCountTablet":1,"colWidthTablet":100,"paddingTopTablet":"0"} -->
<div id="wd-d330ffd7" class="wp-block-wd-column"><!-- wp:wd/icon {"blockId":"db5739a8-34b6-4cd5-a94b-00c5a7abd323","image":{"id":27505,"url":"https://dummy.xtemos.com/woodmart2/gutenberg/wp-content/uploads/sites/24/2024/08/about-us-4-design.svg"},"width":"50","marginBottom":"10"} -->
<div id="wd-db5739a8" class="wp-block-wd-icon"><img class="wp-image-27505" src="https://dummy.xtemos.com/woodmart2/gutenberg/wp-content/uploads/sites/24/2024/08/about-us-4-design.svg" /></div>
<!-- /wp:wd/icon -->

<!-- wp:wd/title {"blockId":"fed8c956-83d6-4cb2-8bf6-26f1d8a348b3","content":"We develop a convenient and beautiful design","tpFontSize":"36","displayWidth":"custom","customWidth":"522","tpFontSizeTablet":"22","tpFontSizeMobile":"24","displayWidthTablet":"full-width"} -->
<h2 id="wd-fed8c956" class="wp-block-wd-title title wd-custom-width">We develop a convenient and beautiful design</h2>
<!-- /wp:wd/title -->

<!-- wp:wd/paragraph {"blockId":"ad928c1b-00fb-48d6-bc69-d2a8e659e0ba","marginBottom":"20","displayWidth":"custom","customWidth":"480","displayWidthTablet":"full-width"} -->
<p id="wd-ad928c1b" class="wp-block-wd-paragraph wd-custom-width">Far far away, behind the word mountains, far from the countries Vokalia and Consonantia, there live the blind texts. You begin with a text, you information sculpt, you chisel away not needed.</p>
<!-- /wp:wd/paragraph -->

<!-- wp:wd/button {"blockId":"500fbb32-3e0d-4a0e-902d-c1fce1055183","predefinedColor":"primary"} -->
<a id="wd-500fbb32" class="wp-block-wd-button btn btn-style-default btn-color-primary btn-size-default btn-shape-rectangle" href="#"><span>View more</span></a>
<!-- /wp:wd/button --></div>
<!-- /wp:wd/column --></div>
<!-- /wp:wd/row -->

<!-- wp:wd/section {"blockId":"55c244b8-e12b-4f1a-8947-1262d29c09d7","bgColorCode":"#f9f9f9","paddingTop":"80","paddingBottom":"80","marginBottom":"80","paddingTopTablet":"60","paddingTopMobile":"40","paddingRightTablet":"15","paddingBottomTablet":"60","paddingBottomMobile":"40","paddingLeftTablet":"15","marginBottomTablet":"60","marginBottomMobile":"40"} -->
<div id="wd-55c244b8" class="wp-block-wd-section"><!-- wp:wd/row {"blockId":"d272dc9d-2ae7-4005-9035-e64d1696f056"} -->
<div id="wd-d272dc9d" class="wp-block-wd-row"><!-- wp:wd/column {"blockId":"a439eac2-7d07-4277-bece-8c5851ae57f4","adjacentCount":3,"marginTop":"40","adjacentCountTablet":1,"colWidthTablet":100,"marginTopTablet":"0"} -->
<div id="wd-a439eac2" class="wp-block-wd-column"><!-- wp:wd/paragraph {"blockId":"3ee0a7b5-e651-482a-9a4e-5dad76edefc8","colorVariable":"\u002d\u002dwd-primary-color","tpFontVariant":"600","tpFontWeight":"600"} -->
<p id="wd-3ee0a7b5" class="wp-block-wd-paragraph">SOME WORDS ABOUT WORK</p>
<!-- /wp:wd/paragraph -->

<!-- wp:wd/title {"blockId":"1a4e0093-4305-48ac-aec6-cd07eeac5e4d","content":"Take a look at the work of our team","tpFontSize":"36","displayWidth":"custom","customWidth":"340","tpFontSizeTablet":"22","tpFontSizeMobile":"24","displayWidthTablet":"full-width"} -->
<h2 id="wd-1a4e0093" class="wp-block-wd-title title wd-custom-width">Take a look at the work of our team</h2>
<!-- /wp:wd/title -->

<!-- wp:wd/paragraph {"blockId":"8c711ec4-bc93-422c-b5db-4b8be21c8ceb","displayWidth":"custom","customWidth":"340","displayWidthTablet":"full-width"} -->
<p id="wd-8c711ec4" class="wp-block-wd-paragraph wd-custom-width">A wonderful serenity has taken possession of my entire soul, like these sweet mornings of spring which I enjoy with my whole heart.</p>
<!-- /wp:wd/paragraph -->

<!-- wp:wd/button {"blockId":"08b30140-0e13-471f-84ed-acadd3fd5ca0","predefinedColor":"primary"} -->
<a id="wd-08b30140" class="wp-block-wd-button btn btn-style-default btn-color-primary btn-size-default btn-shape-rectangle" href="#"><span>View more</span></a>
<!-- /wp:wd/button --></div>
<!-- /wp:wd/column -->

<!-- wp:wd/column {"blockId":"28568ccd-9227-475a-9bc0-c01527268158","adjacentCount":3,"blocksGap":30,"adjacentCountTablet":2,"colWidthTablet":50,"blocksGapTablet":30} -->
<div id="wd-28568ccd" class="wp-block-wd-column"><!-- wp:wd/cover {"blockId":"2bf3d045-8248-42e3-95d3-2df6a5f01b75","hover":"zoom-in","contentAlignVertical":"end","colorScheme":"light","imageAspectRatio":"/","height":"280","bgImage":{"id":27516,"url":"https://dummy.xtemos.com/woodmart2/gutenberg/wp-content/uploads/sites/24/2024/08/about-us-4-banner-1.jpg"},"overlayColorCode":"#000000","overlayHoverColorCode":"#000000","overlay":true,"overlayOpacity":0.3,"overlayHoverOpacity":0.6,"overlayTransition":0.5} -->
<div id="wd-2bf3d045" class="wp-block-wd-cover wd-hover-parent wd-hover-zoom-in color-scheme-light wd-bg-parent"><div class="wd-bg-overlay"></div><div class="wd-block-cover-img"></div><a class="wd-block-cover-link wd-fill" href="#" aria-label="Cover link"></a><!-- wp:wd/container {"blockId":"fee9695b-b880-453e-ae6d-b633aedc455b","metadata":{"name":"Banner content"}} -->
<div id="wd-fee9695b" class="wp-block-wd-container wd-dir-col"><!-- wp:wd/title {"blockId":"766040b3-9e82-4801-8785-aeb6e795e800","content":"We be glad to work with you!","tpFontSize":"24","displayWidth":"custom","customWidth":"222","displayWidthTablet":"full-width"} -->
<h2 id="wd-766040b3" class="wp-block-wd-title title wd-custom-width">We be glad to work with you!</h2>
<!-- /wp:wd/title -->

<!-- wp:wd/paragraph {"blockId":"d137dda1-0aaa-4234-8006-4e3e6512cf25"} -->
<p id="wd-d137dda1" class="wp-block-wd-paragraph">Reversing gears when</p>
<!-- /wp:wd/paragraph --></div>
<!-- /wp:wd/container --></div>
<!-- /wp:wd/cover -->

<!-- wp:wd/cover {"blockId":"a782529e-2aca-4d9d-bd98-1521cbfb94ab","hover":"zoom-in","contentAlignVertical":"end","colorScheme":"light","imageAspectRatio":"/","height":"280","bgImage":{"id":27518,"url":"https://dummy.xtemos.com/woodmart2/gutenberg/wp-content/uploads/sites/24/2024/08/about-us-4-banner-3.jpg"},"overlayColorCode":"#000000","overlayHoverColorCode":"#000000","overlay":true,"overlayOpacity":0.3,"overlayHoverOpacity":0.6,"overlayTransition":0.5} -->
<div id="wd-a782529e" class="wp-block-wd-cover wd-hover-parent wd-hover-zoom-in color-scheme-light wd-bg-parent"><div class="wd-bg-overlay"></div><div class="wd-block-cover-img"></div><a class="wd-block-cover-link wd-fill" href="#" aria-label="Cover link"></a><!-- wp:wd/container {"blockId":"a3968122-0b18-4a29-974d-1dc1a4462ff1","metadata":{"name":"Banner content"}} -->
<div id="wd-a3968122" class="wp-block-wd-container wd-dir-col"><!-- wp:wd/title {"blockId":"b6d8f8e2-35f3-415f-ab1a-1caee780d2af","content":"New ways to bring your ideas to life","tpFontSize":"24","displayWidth":"custom","customWidth":"240","displayWidthTablet":"full-width"} -->
<h2 id="wd-b6d8f8e2" class="wp-block-wd-title title wd-custom-width">New ways to bring your ideas to life</h2>
<!-- /wp:wd/title -->

<!-- wp:wd/paragraph {"blockId":"ad0cb3ad-efd4-4b75-b6e2-869df532f1b2"} -->
<p id="wd-ad0cb3ad" class="wp-block-wd-paragraph">Subtle cues that also visual</p>
<!-- /wp:wd/paragraph --></div>
<!-- /wp:wd/container --></div>
<!-- /wp:wd/cover --></div>
<!-- /wp:wd/column -->

<!-- wp:wd/column {"blockId":"abaa9baa-988e-40db-b9a9-0442d80e4391","adjacentCount":3,"blocksGap":30,"adjacentCountTablet":2,"colWidthTablet":50,"blocksGapTablet":30} -->
<div id="wd-abaa9baa" class="wp-block-wd-column"><!-- wp:wd/cover {"blockId":"624bde7f-34b2-4829-879f-238dbf994f94","hover":"zoom-in","contentAlignVertical":"end","colorScheme":"light","imageAspectRatio":"/","height":"280","bgImage":{"id":27517,"url":"https://dummy.xtemos.com/woodmart2/gutenberg/wp-content/uploads/sites/24/2024/08/about-us-4-banner-2.jpg"},"overlayColorCode":"#000000","overlayHoverColorCode":"#000000","overlay":true,"overlayOpacity":0.3,"overlayHoverOpacity":0.6,"overlayTransition":0.5} -->
<div id="wd-624bde7f" class="wp-block-wd-cover wd-hover-parent wd-hover-zoom-in color-scheme-light wd-bg-parent"><div class="wd-bg-overlay"></div><div class="wd-block-cover-img"></div><a class="wd-block-cover-link wd-fill" href="#" aria-label="Cover link"></a><!-- wp:wd/container {"blockId":"197aa19a-d503-41e5-b542-6b9a6e3a4b04","metadata":{"name":"Banner content"}} -->
<div id="wd-197aa19a" class="wp-block-wd-container wd-dir-col"><!-- wp:wd/title {"blockId":"0b288ade-6538-4ec7-9001-3e40f8a3a38d","content":"Our company history and facts","tpFontSize":"24","displayWidth":"custom","customWidth":"222","displayWidthTablet":"full-width"} -->
<h2 id="wd-0b288ade" class="wp-block-wd-title title wd-custom-width">Our company history and facts</h2>
<!-- /wp:wd/title -->

<!-- wp:wd/paragraph {"blockId":"e3126abd-e684-4570-aeb6-e04bed38b426"} -->
<p id="wd-e3126abd" class="wp-block-wd-paragraph">Depending on the state of</p>
<!-- /wp:wd/paragraph --></div>
<!-- /wp:wd/container --></div>
<!-- /wp:wd/cover -->

<!-- wp:wd/cover {"blockId":"292588e8-33eb-4529-a0a6-620e4dd0f40c","hover":"zoom-in","contentAlignVertical":"end","colorScheme":"light","imageAspectRatio":"/","height":"280","bgImage":{"id":27519,"url":"https://dummy.xtemos.com/woodmart2/gutenberg/wp-content/uploads/sites/24/2024/08/about-us-4-banner-4.jpg"},"overlayColorCode":"#000000","overlayHoverColorCode":"#000000","overlay":true,"overlayOpacity":0.3,"overlayHoverOpacity":0.6,"overlayTransition":0.5} -->
<div id="wd-292588e8" class="wp-block-wd-cover wd-hover-parent wd-hover-zoom-in color-scheme-light wd-bg-parent"><div class="wd-bg-overlay"></div><div class="wd-block-cover-img"></div><a class="wd-block-cover-link wd-fill" href="#" aria-label="Cover link"></a><!-- wp:wd/container {"blockId":"d4f4a30e-a161-4c33-afba-aa0b471ca8ab","metadata":{"name":"Banner content"}} -->
<div id="wd-d4f4a30e" class="wp-block-wd-container wd-dir-col"><!-- wp:wd/title {"blockId":"041e20ce-0633-47c0-aaea-bbb3b430a94b","content":"We take every aspects","tpFontSize":"24","displayWidth":"custom","customWidth":"222","displayWidthTablet":"full-width"} -->
<h2 id="wd-041e20ce" class="wp-block-wd-title title wd-custom-width">We take every aspects</h2>
<!-- /wp:wd/title -->

<!-- wp:wd/paragraph {"blockId":"e844b9d5-2281-4d55-af58-d16428a3f48a"} -->
<p id="wd-e844b9d5" class="wp-block-wd-paragraph">A wonderful serenity taken</p>
<!-- /wp:wd/paragraph --></div>
<!-- /wp:wd/container --></div>
<!-- /wp:wd/cover --></div>
<!-- /wp:wd/column --></div>
<!-- /wp:wd/row --></div>
<!-- /wp:wd/section -->

<!-- wp:wd/row {"blockId":"7dbcb943-fe05-45bd-8ba2-7cbf46dcb378","columnsGap":40,"marginBottom":"80","columnsGapTablet":40,"marginBottomTablet":"60","marginBottomMobile":"40"} -->
<div id="wd-7dbcb943" class="wp-block-wd-row"><!-- wp:wd/column {"blockId":"908067e3-51ca-48ac-9ec5-362703e41593","adjacentCount":3,"textAlign":"end","marginTop":"40","adjacentCountTablet":1,"colWidthTablet":100,"textAlignTablet":"start","marginTopTablet":"0"} -->
<div id="wd-908067e3" class="wp-block-wd-column wd-align"><!-- wp:wd/icon {"blockId":"8fc5b18a-c76b-4161-b949-9821c52776dc","image":{"id":27504,"url":"https://dummy.xtemos.com/woodmart2/gutenberg/wp-content/uploads/sites/24/2024/08/about-us-4-code.svg"},"width":"50"} -->
<div id="wd-8fc5b18a" class="wp-block-wd-icon"><img class="wp-image-27504" src="https://dummy.xtemos.com/woodmart2/gutenberg/wp-content/uploads/sites/24/2024/08/about-us-4-code.svg" /></div>
<!-- /wp:wd/icon -->

<!-- wp:wd/title {"blockId":"b695718f-27a3-4bbf-b6bc-62f29187660a","content":"We develop a convenient and beautiful design","tpFontSize":"36","displayWidth":"custom","customWidth":"520","tpFontSizeTablet":"22","tpFontSizeMobile":"24"} -->
<h2 id="wd-b695718f" class="wp-block-wd-title title wd-custom-width">We develop a convenient and beautiful design</h2>
<!-- /wp:wd/title -->

<!-- wp:wd/paragraph {"blockId":"4d8c6af6-75a3-4746-99cc-76dbaf924544"} -->
<p id="wd-4d8c6af6" class="wp-block-wd-paragraph">Usually, we prefer the real thing, wine without sulfur based preservatives, real butter, not margarine, and so we'd like our layouts and designs to be filled with real words with thoughts that count.<br>View more</p>
<!-- /wp:wd/paragraph -->

<!-- wp:wd/button {"blockId":"cdc8b6b4-fd3d-4519-add5-8d9994b1900d","predefinedColor":"primary"} -->
<a id="wd-cdc8b6b4" class="wp-block-wd-button btn btn-style-default btn-color-primary btn-size-default btn-shape-rectangle" href="#"><span>View more</span></a>
<!-- /wp:wd/button --></div>
<!-- /wp:wd/column -->

<!-- wp:wd/column {"blockId":"53da8abe-d28c-443d-ab72-bc5b45eed2c4","adjacentCount":3,"adjacentCountTablet":2,"colWidthTablet":50} -->
<div id="wd-53da8abe" class="wp-block-wd-column"><!-- wp:wd/row {"blockId":"53b89929-03cd-41e2-b78d-bcc30101674b"} -->
<div id="wd-53b89929" class="wp-block-wd-row"><!-- wp:wd/column {"blockId":"aa5d4748-a023-41d4-bef4-78b30efb595e","adjacentCount":2} -->
<div id="wd-aa5d4748" class="wp-block-wd-column"><!-- wp:wd/team-member {"blockId":"667ec591-a5d0-4a84-8f8a-09f13266772a","alignment":"center","design":"1"} -->
<div id="wd-667ec591" class="wp-block-wd-team-member wd-align wd-design-1"><!-- wp:wd/image {"blockId":"a357555d-280d-43dd-b278-9c37b1e4e601","image":{"id":27527,"url":"https://dummy.xtemos.com/woodmart2/gutenberg/wp-content/uploads/sites/24/2024/08/about-us-4-team-member-3.jpg"},"imageData":{"url":"https://dummy.xtemos.com/woodmart2/gutenberg/wp-content/uploads/sites/24/2024/08/about-us-4-team-member-3.jpg","width":400,"height":643}} -->
<div id="wd-a357555d" class="wp-block-wd-image wd-block-image"><img class="wp-image-27527" src="https://dummy.xtemos.com/woodmart2/gutenberg/wp-content/uploads/sites/24/2024/08/about-us-4-team-member-3.jpg" /></div>
<!-- /wp:wd/image -->

<!-- wp:wd/container {"blockId":"6ab75a8d-195c-4cdf-b088-d9c4b47e40dc"} -->
<div id="wd-6ab75a8d" class="wp-block-wd-container wd-dir-col"><!-- wp:wd/title {"blockId":"79d6c650-c702-494b-853b-1dbd4801437e","content":"Marvin McKinney","tpFontSize":"18"} -->
<h2 id="wd-79d6c650" class="wp-block-wd-title title">Marvin McKinney</h2>
<!-- /wp:wd/title -->

<!-- wp:wd/paragraph {"blockId":"08b49f1a-bd5c-4a70-ae0c-616055da0947","colorCode":"#a5a5a5","tpFontSize":"14"} -->
<p id="wd-08b49f1a" class="wp-block-wd-paragraph">CEO / Founder</p>
<!-- /wp:wd/paragraph -->

<!-- wp:wd/social-buttons {"blockId":"9f4b0c2e-6f64-4745-867c-1c56f3dd8815","type":"follow","style":"colored","size":"small","social_links_source":"custom","pinterest_link":"","youtube_link":"","linkedin_link":"#","tg_link":"#"} /--></div>
<!-- /wp:wd/container --></div>
<!-- /wp:wd/team-member --></div>
<!-- /wp:wd/column -->

<!-- wp:wd/column {"blockId":"23cc867e-ae47-41da-b69f-6ac5a52f4f13","adjacentCount":2} -->
<div id="wd-23cc867e" class="wp-block-wd-column"><!-- wp:wd/team-member {"blockId":"3479e9d6-9899-4052-ae8b-f02868754780","alignment":"center","design":"1"} -->
<div id="wd-3479e9d6" class="wp-block-wd-team-member wd-align wd-design-1"><!-- wp:wd/image {"blockId":"5cd835a2-aeb1-49b7-a971-d9f43119f99c","image":{"id":27528,"url":"https://dummy.xtemos.com/woodmart2/gutenberg/wp-content/uploads/sites/24/2024/08/about-us-4-team-member-4.jpg"},"imageData":{"url":"https://dummy.xtemos.com/woodmart2/gutenberg/wp-content/uploads/sites/24/2024/08/about-us-4-team-member-4.jpg","width":400,"height":643}} -->
<div id="wd-5cd835a2" class="wp-block-wd-image wd-block-image"><img class="wp-image-27528" src="https://dummy.xtemos.com/woodmart2/gutenberg/wp-content/uploads/sites/24/2024/08/about-us-4-team-member-4.jpg" /></div>
<!-- /wp:wd/image -->

<!-- wp:wd/container {"blockId":"7f8c1390-5be1-45b2-b5d9-c8579e4ad3da"} -->
<div id="wd-7f8c1390" class="wp-block-wd-container wd-dir-col"><!-- wp:wd/title {"blockId":"9bc55d2a-a6ab-4626-b787-21a4a0f49a18","content":"Brandie Russell","tpFontSize":"18"} -->
<h2 id="wd-9bc55d2a" class="wp-block-wd-title title">Brandie Russell</h2>
<!-- /wp:wd/title -->

<!-- wp:wd/paragraph {"blockId":"03fe3a9a-765a-4313-a9c8-43e79046c039","colorCode":"#a5a5a5","tpFontSize":"14"} -->
<p id="wd-03fe3a9a" class="wp-block-wd-paragraph">CEO / Founder</p>
<!-- /wp:wd/paragraph -->

<!-- wp:wd/social-buttons {"blockId":"92e45715-a91b-4301-bf0f-94b84ac1ff80","type":"follow","style":"colored","size":"small","social_links_source":"custom","pinterest_link":"","youtube_link":"","linkedin_link":"#","tg_link":"#"} /--></div>
<!-- /wp:wd/container --></div>
<!-- /wp:wd/team-member --></div>
<!-- /wp:wd/column --></div>
<!-- /wp:wd/row --></div>
<!-- /wp:wd/column --></div>
<!-- /wp:wd/row -->

<!-- wp:wd/section {"blockId":"2aff4c00-3382-484d-bb1b-96f444dfcd2b","colorScheme":"light","bgColorCode":"#83b735","paddingTop":"70","paddingBottom":"70","marginBottom":"-40","paddingTopTablet":"60","paddingTopMobile":"40","paddingRightTablet":"15","paddingBottomTablet":"60","paddingBottomMobile":"40","paddingLeftTablet":"15"} -->
<div id="wd-2aff4c00" class="wp-block-wd-section color-scheme-light"><!-- wp:wd/row {"blockId":"2125d253-02e4-4ebb-b9cd-57229143d470"} -->
<div id="wd-2125d253" class="wp-block-wd-row"><!-- wp:wd/column {"blockId":"c3d24282-4334-4625-9bbb-28365d931db6","adjacentCount":2,"blocksGap":10,"justifyContent":"center","adjacentCountTablet":1,"colWidthTablet":100} -->
<div id="wd-c3d24282" class="wp-block-wd-column"><!-- wp:wd/paragraph {"blockId":"99a2738e-9780-4061-8d85-052a7c592a46","tpFontVariant":"600","tpFontWeight":"600"} -->
<p id="wd-99a2738e" class="wp-block-wd-paragraph">WOODMART - BEST THEME OF ALL TIME</p>
<!-- /wp:wd/paragraph -->

<!-- wp:wd/title {"blockId":"5eff1518-63d8-47a0-a202-5db0b5acca1a","content":"''Excellence is not a skill it's an attitude'' - Ralph Marston","tpFontSize":"36","tpFontSizeTablet":"22","tpFontSizeMobile":"24"} -->
<h2 id="wd-5eff1518" class="wp-block-wd-title title">''Excellence is not a skill it's an attitude'' - Ralph Marston</h2>
<!-- /wp:wd/title --></div>
<!-- /wp:wd/column -->

<!-- wp:wd/column {"blockId":"b79cc8c2-af9e-4b21-a6d2-39886f306528","adjacentCount":2,"justifyContent":"center","adjacentCountTablet":1,"colWidthTablet":100} -->
<div id="wd-b79cc8c2" class="wp-block-wd-column"><!-- wp:wd/paragraph {"blockId":"7a392de1-c52c-4205-8bcd-7a55d0c5b5ed"} -->
<p id="wd-7a392de1" class="wp-block-wd-paragraph">A wonderful serenity has taken possession of my entire soul, like these sweet mornings of spring which I enjoy with my whole heart. I am alone, and feel the charm of existence in this spot, which was created for the bliss of souls like mine.</p>
<!-- /wp:wd/paragraph -->

<!-- wp:wd/paragraph {"blockId":"1492354e-b872-4fc5-82f4-e027348c7dd0","markColorCode":"#cd1d1d"} -->
<p id="wd-1492354e" class="wp-block-wd-paragraph"><strong><em><a href="#">Developed by <span class="wd-highlight">X</span>temos Studio @ 2024</a></em></strong></p>
<!-- /wp:wd/paragraph --></div>
<!-- /wp:wd/column --></div>
<!-- /wp:wd/row --></div>
<!-- /wp:wd/section -->]]></content:encoded>
															<wp:post_id>27483</wp:post_id>
					<wp:post_date><![CDATA[2024-08-05 06:21:59]]></wp:post_date>
					<wp:post_date_gmt><![CDATA[2024-08-05 06:21:59]]></wp:post_date_gmt>
					<wp:post_modified><![CDATA[2024-10-23 11:12:41]]></wp:post_modified>
					<wp:post_modified_gmt><![CDATA[2024-10-23 11:12:41]]></wp:post_modified_gmt>
					<wp:comment_status><![CDATA[closed]]></wp:comment_status>
					<wp:post_name><![CDATA[about-us-4]]></wp:post_name>
					<wp:status><![CDATA[publish]]></wp:status>
					<wp:post_parent>0</wp:post_parent>
					<wp:menu_order>0</wp:menu_order>
					<wp:post_type><![CDATA[page]]></wp:post_type>
																					<wp:postmeta>
							<wp:meta_key><![CDATA[_woodmart_whb_header]]></wp:meta_key>
							<wp:meta_value><![CDATA[header_188698]]></wp:meta_value>
						</wp:postmeta>
												<wp:postmeta>
							<wp:meta_key><![CDATA[_woodmart_title_off]]></wp:meta_key>
							<wp:meta_value><![CDATA[on]]></wp:meta_value>
						</wp:postmeta>
												<wp:postmeta>
							<wp:meta_key><![CDATA[_woodmart_page-title-size]]></wp:meta_key>
							<wp:meta_value><![CDATA[inherit]]></wp:meta_value>
						</wp:postmeta>
												<wp:postmeta>
							<wp:meta_key><![CDATA[_woodmart_title_image]]></wp:meta_key>
							<wp:meta_value><![CDATA[a:2:{s:3:"url";s:0:"";s:2:"id";s:0:"";}]]></wp:meta_value>
						</wp:postmeta>
												<wp:postmeta>
							<wp:meta_key><![CDATA[_woodmart_main_layout]]></wp:meta_key>
							<wp:meta_value><![CDATA[full-width]]></wp:meta_value>
						</wp:postmeta>
												<wp:postmeta>
							<wp:meta_key><![CDATA[_wp_page_template]]></wp:meta_key>
							<wp:meta_value><![CDATA[default]]></wp:meta_value>
						</wp:postmeta>
										</item>
								<item>
					<title><![CDATA[about-us-4-autog-black]]></title>
					<link>https://dummy.xtemos.com/woodmart2/gutenberg/about-us-4/about-us-4-autog-black/</link>
					<pubDate>Mon, 05 Aug 2024 06:25:37 +0000</pubDate>
					<dc:creator><![CDATA[maksimkliakhin]]></dc:creator>
					<guid isPermaLink="false">https://dummy.xtemos.com/woodmart2/gutenberg/wp-content/uploads/sites/24/2024/08/about-us-4-autog-black.svg</guid>
															<wp:post_id>27486</wp:post_id>
					<wp:post_date><![CDATA[2024-08-05 06:25:37]]></wp:post_date>
					<wp:post_date_gmt><![CDATA[2024-08-05 06:25:37]]></wp:post_date_gmt>
					<wp:post_modified><![CDATA[2024-08-05 06:25:37]]></wp:post_modified>
					<wp:post_modified_gmt><![CDATA[2024-08-05 06:25:37]]></wp:post_modified_gmt>
					<wp:comment_status><![CDATA[open]]></wp:comment_status>
					<wp:post_name><![CDATA[about-us-4-autog-black]]></wp:post_name>
					<wp:status><![CDATA[inherit]]></wp:status>
					<wp:post_parent>27483</wp:post_parent>
					<wp:menu_order>0</wp:menu_order>
					<wp:post_type><![CDATA[attachment]]></wp:post_type>
											<wp:attachment_url><![CDATA[https://dummy.xtemos.com/woodmart2/gutenberg/wp-content/uploads/sites/24/2024/08/about-us-4-autog-black.svg]]></wp:attachment_url>
																					<wp:postmeta>
							<wp:meta_key><![CDATA[_wp_attached_file]]></wp:meta_key>
							<wp:meta_value><![CDATA[2024/08/about-us-4-autog-black.svg]]></wp:meta_value>
						</wp:postmeta>
										</item>
								<item>
					<title><![CDATA[about-us-4-avatar]]></title>
					<link>https://dummy.xtemos.com/woodmart2/gutenberg/about-us-4/about-us-4-avatar/</link>
					<pubDate>Mon, 05 Aug 2024 06:25:37 +0000</pubDate>
					<dc:creator><![CDATA[maksimkliakhin]]></dc:creator>
					<guid isPermaLink="false">https://dummy.xtemos.com/woodmart2/gutenberg/wp-content/uploads/sites/24/2024/08/about-us-4-avatar.png</guid>
															<wp:post_id>27487</wp:post_id>
					<wp:post_date><![CDATA[2024-08-05 06:25:37]]></wp:post_date>
					<wp:post_date_gmt><![CDATA[2024-08-05 06:25:37]]></wp:post_date_gmt>
					<wp:post_modified><![CDATA[2024-08-05 06:25:37]]></wp:post_modified>
					<wp:post_modified_gmt><![CDATA[2024-08-05 06:25:37]]></wp:post_modified_gmt>
					<wp:comment_status><![CDATA[open]]></wp:comment_status>
					<wp:post_name><![CDATA[about-us-4-avatar]]></wp:post_name>
					<wp:status><![CDATA[inherit]]></wp:status>
					<wp:post_parent>27483</wp:post_parent>
					<wp:menu_order>0</wp:menu_order>
					<wp:post_type><![CDATA[attachment]]></wp:post_type>
											<wp:attachment_url><![CDATA[https://dummy.xtemos.com/woodmart2/gutenberg/wp-content/uploads/sites/24/2024/08/about-us-4-avatar.png]]></wp:attachment_url>
																					<wp:postmeta>
							<wp:meta_key><![CDATA[_wp_attached_file]]></wp:meta_key>
							<wp:meta_value><![CDATA[2024/08/about-us-4-avatar.png]]></wp:meta_value>
						</wp:postmeta>
										</item>
								<item>
					<title><![CDATA[about-us-4-finished-works]]></title>
					<link>https://dummy.xtemos.com/woodmart2/gutenberg/about-us-4/about-us-4-finished-works/</link>
					<pubDate>Mon, 05 Aug 2024 06:28:38 +0000</pubDate>
					<dc:creator><![CDATA[maksimkliakhin]]></dc:creator>
					<guid isPermaLink="false">https://dummy.xtemos.com/woodmart2/gutenberg/wp-content/uploads/sites/24/2024/08/about-us-4-finished-works.svg</guid>
															<wp:post_id>27488</wp:post_id>
					<wp:post_date><![CDATA[2024-08-05 06:28:38]]></wp:post_date>
					<wp:post_date_gmt><![CDATA[2024-08-05 06:28:38]]></wp:post_date_gmt>
					<wp:post_modified><![CDATA[2024-08-05 06:28:38]]></wp:post_modified>
					<wp:post_modified_gmt><![CDATA[2024-08-05 06:28:38]]></wp:post_modified_gmt>
					<wp:comment_status><![CDATA[open]]></wp:comment_status>
					<wp:post_name><![CDATA[about-us-4-finished-works]]></wp:post_name>
					<wp:status><![CDATA[inherit]]></wp:status>
					<wp:post_parent>27483</wp:post_parent>
					<wp:menu_order>0</wp:menu_order>
					<wp:post_type><![CDATA[attachment]]></wp:post_type>
											<wp:attachment_url><![CDATA[https://dummy.xtemos.com/woodmart2/gutenberg/wp-content/uploads/sites/24/2024/08/about-us-4-finished-works.svg]]></wp:attachment_url>
																					<wp:postmeta>
							<wp:meta_key><![CDATA[_wp_attached_file]]></wp:meta_key>
							<wp:meta_value><![CDATA[2024/08/about-us-4-finished-works.svg]]></wp:meta_value>
						</wp:postmeta>
										</item>
								<item>
					<title><![CDATA[about-us-4-happy-clients]]></title>
					<link>https://dummy.xtemos.com/woodmart2/gutenberg/about-us-4/about-us-4-happy-clients/</link>
					<pubDate>Mon, 05 Aug 2024 06:28:39 +0000</pubDate>
					<dc:creator><![CDATA[maksimkliakhin]]></dc:creator>
					<guid isPermaLink="false">https://dummy.xtemos.com/woodmart2/gutenberg/wp-content/uploads/sites/24/2024/08/about-us-4-happy-clients.svg</guid>
															<wp:post_id>27489</wp:post_id>
					<wp:post_date><![CDATA[2024-08-05 06:28:39]]></wp:post_date>
					<wp:post_date_gmt><![CDATA[2024-08-05 06:28:39]]></wp:post_date_gmt>
					<wp:post_modified><![CDATA[2024-08-05 06:28:39]]></wp:post_modified>
					<wp:post_modified_gmt><![CDATA[2024-08-05 06:28:39]]></wp:post_modified_gmt>
					<wp:comment_status><![CDATA[open]]></wp:comment_status>
					<wp:post_name><![CDATA[about-us-4-happy-clients]]></wp:post_name>
					<wp:status><![CDATA[inherit]]></wp:status>
					<wp:post_parent>27483</wp:post_parent>
					<wp:menu_order>0</wp:menu_order>
					<wp:post_type><![CDATA[attachment]]></wp:post_type>
											<wp:attachment_url><![CDATA[https://dummy.xtemos.com/woodmart2/gutenberg/wp-content/uploads/sites/24/2024/08/about-us-4-happy-clients.svg]]></wp:attachment_url>
																					<wp:postmeta>
							<wp:meta_key><![CDATA[_wp_attached_file]]></wp:meta_key>
							<wp:meta_value><![CDATA[2024/08/about-us-4-happy-clients.svg]]></wp:meta_value>
						</wp:postmeta>
										</item>
								<item>
					<title><![CDATA[about-us-4-team-member-1]]></title>
					<link>https://dummy.xtemos.com/woodmart2/gutenberg/about-us-4/about-us-4-team-member-1/</link>
					<pubDate>Mon, 05 Aug 2024 06:43:24 +0000</pubDate>
					<dc:creator><![CDATA[maksimkliakhin]]></dc:creator>
					<guid isPermaLink="false">https://dummy.xtemos.com/woodmart2/gutenberg/wp-content/uploads/sites/24/2024/08/about-us-4-team-member-1.jpg</guid>
															<wp:post_id>27499</wp:post_id>
					<wp:post_date><![CDATA[2024-08-05 06:43:24]]></wp:post_date>
					<wp:post_date_gmt><![CDATA[2024-08-05 06:43:24]]></wp:post_date_gmt>
					<wp:post_modified><![CDATA[2024-08-05 06:43:24]]></wp:post_modified>
					<wp:post_modified_gmt><![CDATA[2024-08-05 06:43:24]]></wp:post_modified_gmt>
					<wp:comment_status><![CDATA[open]]></wp:comment_status>
					<wp:post_name><![CDATA[about-us-4-team-member-1]]></wp:post_name>
					<wp:status><![CDATA[inherit]]></wp:status>
					<wp:post_parent>27483</wp:post_parent>
					<wp:menu_order>0</wp:menu_order>
					<wp:post_type><![CDATA[attachment]]></wp:post_type>
											<wp:attachment_url><![CDATA[https://dummy.xtemos.com/woodmart2/gutenberg/wp-content/uploads/sites/24/2024/08/about-us-4-team-member-1.jpg]]></wp:attachment_url>
																					<wp:postmeta>
							<wp:meta_key><![CDATA[_wp_attached_file]]></wp:meta_key>
							<wp:meta_value><![CDATA[2024/08/about-us-4-team-member-1.jpg]]></wp:meta_value>
						</wp:postmeta>
										</item>
								<item>
					<title><![CDATA[about-us-4-team-member-2]]></title>
					<link>https://dummy.xtemos.com/woodmart2/gutenberg/about-us-4/about-us-4-team-member-2/</link>
					<pubDate>Mon, 05 Aug 2024 06:43:26 +0000</pubDate>
					<dc:creator><![CDATA[maksimkliakhin]]></dc:creator>
					<guid isPermaLink="false">https://dummy.xtemos.com/woodmart2/gutenberg/wp-content/uploads/sites/24/2024/08/about-us-4-team-member-2.jpg</guid>
															<wp:post_id>27500</wp:post_id>
					<wp:post_date><![CDATA[2024-08-05 06:43:26]]></wp:post_date>
					<wp:post_date_gmt><![CDATA[2024-08-05 06:43:26]]></wp:post_date_gmt>
					<wp:post_modified><![CDATA[2024-08-05 06:43:26]]></wp:post_modified>
					<wp:post_modified_gmt><![CDATA[2024-08-05 06:43:26]]></wp:post_modified_gmt>
					<wp:comment_status><![CDATA[open]]></wp:comment_status>
					<wp:post_name><![CDATA[about-us-4-team-member-2]]></wp:post_name>
					<wp:status><![CDATA[inherit]]></wp:status>
					<wp:post_parent>27483</wp:post_parent>
					<wp:menu_order>0</wp:menu_order>
					<wp:post_type><![CDATA[attachment]]></wp:post_type>
											<wp:attachment_url><![CDATA[https://dummy.xtemos.com/woodmart2/gutenberg/wp-content/uploads/sites/24/2024/08/about-us-4-team-member-2.jpg]]></wp:attachment_url>
																					<wp:postmeta>
							<wp:meta_key><![CDATA[_wp_attached_file]]></wp:meta_key>
							<wp:meta_value><![CDATA[2024/08/about-us-4-team-member-2.jpg]]></wp:meta_value>
						</wp:postmeta>
										</item>
								<item>
					<title><![CDATA[about-us-4-code]]></title>
					<link>https://dummy.xtemos.com/woodmart2/gutenberg/about-us-4/about-us-4-code/</link>
					<pubDate>Mon, 05 Aug 2024 06:49:51 +0000</pubDate>
					<dc:creator><![CDATA[maksimkliakhin]]></dc:creator>
					<guid isPermaLink="false">https://dummy.xtemos.com/woodmart2/gutenberg/wp-content/uploads/sites/24/2024/08/about-us-4-code.svg</guid>
															<wp:post_id>27504</wp:post_id>
					<wp:post_date><![CDATA[2024-08-05 06:49:51]]></wp:post_date>
					<wp:post_date_gmt><![CDATA[2024-08-05 06:49:51]]></wp:post_date_gmt>
					<wp:post_modified><![CDATA[2024-08-05 06:49:51]]></wp:post_modified>
					<wp:post_modified_gmt><![CDATA[2024-08-05 06:49:51]]></wp:post_modified_gmt>
					<wp:comment_status><![CDATA[open]]></wp:comment_status>
					<wp:post_name><![CDATA[about-us-4-code]]></wp:post_name>
					<wp:status><![CDATA[inherit]]></wp:status>
					<wp:post_parent>27483</wp:post_parent>
					<wp:menu_order>0</wp:menu_order>
					<wp:post_type><![CDATA[attachment]]></wp:post_type>
											<wp:attachment_url><![CDATA[https://dummy.xtemos.com/woodmart2/gutenberg/wp-content/uploads/sites/24/2024/08/about-us-4-code.svg]]></wp:attachment_url>
																					<wp:postmeta>
							<wp:meta_key><![CDATA[_wp_attached_file]]></wp:meta_key>
							<wp:meta_value><![CDATA[2024/08/about-us-4-code.svg]]></wp:meta_value>
						</wp:postmeta>
										</item>
								<item>
					<title><![CDATA[about-us-4-design]]></title>
					<link>https://dummy.xtemos.com/woodmart2/gutenberg/about-us-4/about-us-4-design/</link>
					<pubDate>Mon, 05 Aug 2024 06:49:54 +0000</pubDate>
					<dc:creator><![CDATA[maksimkliakhin]]></dc:creator>
					<guid isPermaLink="false">https://dummy.xtemos.com/woodmart2/gutenberg/wp-content/uploads/sites/24/2024/08/about-us-4-design.svg</guid>
															<wp:post_id>27505</wp:post_id>
					<wp:post_date><![CDATA[2024-08-05 06:49:54]]></wp:post_date>
					<wp:post_date_gmt><![CDATA[2024-08-05 06:49:54]]></wp:post_date_gmt>
					<wp:post_modified><![CDATA[2024-08-05 06:49:54]]></wp:post_modified>
					<wp:post_modified_gmt><![CDATA[2024-08-05 06:49:54]]></wp:post_modified_gmt>
					<wp:comment_status><![CDATA[open]]></wp:comment_status>
					<wp:post_name><![CDATA[about-us-4-design]]></wp:post_name>
					<wp:status><![CDATA[inherit]]></wp:status>
					<wp:post_parent>27483</wp:post_parent>
					<wp:menu_order>0</wp:menu_order>
					<wp:post_type><![CDATA[attachment]]></wp:post_type>
											<wp:attachment_url><![CDATA[https://dummy.xtemos.com/woodmart2/gutenberg/wp-content/uploads/sites/24/2024/08/about-us-4-design.svg]]></wp:attachment_url>
																					<wp:postmeta>
							<wp:meta_key><![CDATA[_wp_attached_file]]></wp:meta_key>
							<wp:meta_value><![CDATA[2024/08/about-us-4-design.svg]]></wp:meta_value>
						</wp:postmeta>
										</item>
								<item>
					<title><![CDATA[about-us-4-banner-1]]></title>
					<link>https://dummy.xtemos.com/woodmart2/gutenberg/about-us-4/about-us-4-banner-1/</link>
					<pubDate>Mon, 05 Aug 2024 06:58:50 +0000</pubDate>
					<dc:creator><![CDATA[maksimkliakhin]]></dc:creator>
					<guid isPermaLink="false">https://dummy.xtemos.com/woodmart2/gutenberg/wp-content/uploads/sites/24/2024/08/about-us-4-banner-1.jpg</guid>
															<wp:post_id>27516</wp:post_id>
					<wp:post_date><![CDATA[2024-08-05 06:58:50]]></wp:post_date>
					<wp:post_date_gmt><![CDATA[2024-08-05 06:58:50]]></wp:post_date_gmt>
					<wp:post_modified><![CDATA[2024-08-05 06:58:50]]></wp:post_modified>
					<wp:post_modified_gmt><![CDATA[2024-08-05 06:58:50]]></wp:post_modified_gmt>
					<wp:comment_status><![CDATA[open]]></wp:comment_status>
					<wp:post_name><![CDATA[about-us-4-banner-1]]></wp:post_name>
					<wp:status><![CDATA[inherit]]></wp:status>
					<wp:post_parent>27483</wp:post_parent>
					<wp:menu_order>0</wp:menu_order>
					<wp:post_type><![CDATA[attachment]]></wp:post_type>
											<wp:attachment_url><![CDATA[https://dummy.xtemos.com/woodmart2/gutenberg/wp-content/uploads/sites/24/2024/08/about-us-4-banner-1.jpg]]></wp:attachment_url>
																					<wp:postmeta>
							<wp:meta_key><![CDATA[_wp_attached_file]]></wp:meta_key>
							<wp:meta_value><![CDATA[2024/08/about-us-4-banner-1.jpg]]></wp:meta_value>
						</wp:postmeta>
										</item>
								<item>
					<title><![CDATA[about-us-4-banner-2]]></title>
					<link>https://dummy.xtemos.com/woodmart2/gutenberg/about-us-4/about-us-4-banner-2/</link>
					<pubDate>Mon, 05 Aug 2024 06:58:51 +0000</pubDate>
					<dc:creator><![CDATA[maksimkliakhin]]></dc:creator>
					<guid isPermaLink="false">https://dummy.xtemos.com/woodmart2/gutenberg/wp-content/uploads/sites/24/2024/08/about-us-4-banner-2.jpg</guid>
															<wp:post_id>27517</wp:post_id>
					<wp:post_date><![CDATA[2024-08-05 06:58:51]]></wp:post_date>
					<wp:post_date_gmt><![CDATA[2024-08-05 06:58:51]]></wp:post_date_gmt>
					<wp:post_modified><![CDATA[2024-08-05 06:58:51]]></wp:post_modified>
					<wp:post_modified_gmt><![CDATA[2024-08-05 06:58:51]]></wp:post_modified_gmt>
					<wp:comment_status><![CDATA[open]]></wp:comment_status>
					<wp:post_name><![CDATA[about-us-4-banner-2]]></wp:post_name>
					<wp:status><![CDATA[inherit]]></wp:status>
					<wp:post_parent>27483</wp:post_parent>
					<wp:menu_order>0</wp:menu_order>
					<wp:post_type><![CDATA[attachment]]></wp:post_type>
											<wp:attachment_url><![CDATA[https://dummy.xtemos.com/woodmart2/gutenberg/wp-content/uploads/sites/24/2024/08/about-us-4-banner-2.jpg]]></wp:attachment_url>
																					<wp:postmeta>
							<wp:meta_key><![CDATA[_wp_attached_file]]></wp:meta_key>
							<wp:meta_value><![CDATA[2024/08/about-us-4-banner-2.jpg]]></wp:meta_value>
						</wp:postmeta>
										</item>
								<item>
					<title><![CDATA[about-us-4-banner-3]]></title>
					<link>https://dummy.xtemos.com/woodmart2/gutenberg/about-us-4/about-us-4-banner-3/</link>
					<pubDate>Mon, 05 Aug 2024 06:58:51 +0000</pubDate>
					<dc:creator><![CDATA[maksimkliakhin]]></dc:creator>
					<guid isPermaLink="false">https://dummy.xtemos.com/woodmart2/gutenberg/wp-content/uploads/sites/24/2024/08/about-us-4-banner-3.jpg</guid>
															<wp:post_id>27518</wp:post_id>
					<wp:post_date><![CDATA[2024-08-05 06:58:51]]></wp:post_date>
					<wp:post_date_gmt><![CDATA[2024-08-05 06:58:51]]></wp:post_date_gmt>
					<wp:post_modified><![CDATA[2024-08-05 06:58:51]]></wp:post_modified>
					<wp:post_modified_gmt><![CDATA[2024-08-05 06:58:51]]></wp:post_modified_gmt>
					<wp:comment_status><![CDATA[open]]></wp:comment_status>
					<wp:post_name><![CDATA[about-us-4-banner-3]]></wp:post_name>
					<wp:status><![CDATA[inherit]]></wp:status>
					<wp:post_parent>27483</wp:post_parent>
					<wp:menu_order>0</wp:menu_order>
					<wp:post_type><![CDATA[attachment]]></wp:post_type>
											<wp:attachment_url><![CDATA[https://dummy.xtemos.com/woodmart2/gutenberg/wp-content/uploads/sites/24/2024/08/about-us-4-banner-3.jpg]]></wp:attachment_url>
																					<wp:postmeta>
							<wp:meta_key><![CDATA[_wp_attached_file]]></wp:meta_key>
							<wp:meta_value><![CDATA[2024/08/about-us-4-banner-3.jpg]]></wp:meta_value>
						</wp:postmeta>
										</item>
								<item>
					<title><![CDATA[about-us-4-banner-4]]></title>
					<link>https://dummy.xtemos.com/woodmart2/gutenberg/about-us-4/about-us-4-banner-4/</link>
					<pubDate>Mon, 05 Aug 2024 06:58:52 +0000</pubDate>
					<dc:creator><![CDATA[maksimkliakhin]]></dc:creator>
					<guid isPermaLink="false">https://dummy.xtemos.com/woodmart2/gutenberg/wp-content/uploads/sites/24/2024/08/about-us-4-banner-4.jpg</guid>
															<wp:post_id>27519</wp:post_id>
					<wp:post_date><![CDATA[2024-08-05 06:58:52]]></wp:post_date>
					<wp:post_date_gmt><![CDATA[2024-08-05 06:58:52]]></wp:post_date_gmt>
					<wp:post_modified><![CDATA[2024-08-05 06:58:52]]></wp:post_modified>
					<wp:post_modified_gmt><![CDATA[2024-08-05 06:58:52]]></wp:post_modified_gmt>
					<wp:comment_status><![CDATA[open]]></wp:comment_status>
					<wp:post_name><![CDATA[about-us-4-banner-4]]></wp:post_name>
					<wp:status><![CDATA[inherit]]></wp:status>
					<wp:post_parent>27483</wp:post_parent>
					<wp:menu_order>0</wp:menu_order>
					<wp:post_type><![CDATA[attachment]]></wp:post_type>
											<wp:attachment_url><![CDATA[https://dummy.xtemos.com/woodmart2/gutenberg/wp-content/uploads/sites/24/2024/08/about-us-4-banner-4.jpg]]></wp:attachment_url>
																					<wp:postmeta>
							<wp:meta_key><![CDATA[_wp_attached_file]]></wp:meta_key>
							<wp:meta_value><![CDATA[2024/08/about-us-4-banner-4.jpg]]></wp:meta_value>
						</wp:postmeta>
										</item>
								<item>
					<title><![CDATA[about-us-4-team-member-3]]></title>
					<link>https://dummy.xtemos.com/woodmart2/gutenberg/about-us-4/about-us-4-team-member-3/</link>
					<pubDate>Mon, 05 Aug 2024 07:05:59 +0000</pubDate>
					<dc:creator><![CDATA[maksimkliakhin]]></dc:creator>
					<guid isPermaLink="false">https://dummy.xtemos.com/woodmart2/gutenberg/wp-content/uploads/sites/24/2024/08/about-us-4-team-member-3.jpg</guid>
															<wp:post_id>27527</wp:post_id>
					<wp:post_date><![CDATA[2024-08-05 07:05:59]]></wp:post_date>
					<wp:post_date_gmt><![CDATA[2024-08-05 07:05:59]]></wp:post_date_gmt>
					<wp:post_modified><![CDATA[2024-08-05 07:05:59]]></wp:post_modified>
					<wp:post_modified_gmt><![CDATA[2024-08-05 07:05:59]]></wp:post_modified_gmt>
					<wp:comment_status><![CDATA[open]]></wp:comment_status>
					<wp:post_name><![CDATA[about-us-4-team-member-3]]></wp:post_name>
					<wp:status><![CDATA[inherit]]></wp:status>
					<wp:post_parent>27483</wp:post_parent>
					<wp:menu_order>0</wp:menu_order>
					<wp:post_type><![CDATA[attachment]]></wp:post_type>
											<wp:attachment_url><![CDATA[https://dummy.xtemos.com/woodmart2/gutenberg/wp-content/uploads/sites/24/2024/08/about-us-4-team-member-3.jpg]]></wp:attachment_url>
																					<wp:postmeta>
							<wp:meta_key><![CDATA[_wp_attached_file]]></wp:meta_key>
							<wp:meta_value><![CDATA[2024/08/about-us-4-team-member-3.jpg]]></wp:meta_value>
						</wp:postmeta>
										</item>
								<item>
					<title><![CDATA[about-us-4-team-member-4]]></title>
					<link>https://dummy.xtemos.com/woodmart2/gutenberg/about-us-4/about-us-4-team-member-4/</link>
					<pubDate>Mon, 05 Aug 2024 07:06:01 +0000</pubDate>
					<dc:creator><![CDATA[maksimkliakhin]]></dc:creator>
					<guid isPermaLink="false">https://dummy.xtemos.com/woodmart2/gutenberg/wp-content/uploads/sites/24/2024/08/about-us-4-team-member-4.jpg</guid>
															<wp:post_id>27528</wp:post_id>
					<wp:post_date><![CDATA[2024-08-05 07:06:01]]></wp:post_date>
					<wp:post_date_gmt><![CDATA[2024-08-05 07:06:01]]></wp:post_date_gmt>
					<wp:post_modified><![CDATA[2024-08-05 07:06:01]]></wp:post_modified>
					<wp:post_modified_gmt><![CDATA[2024-08-05 07:06:01]]></wp:post_modified_gmt>
					<wp:comment_status><![CDATA[open]]></wp:comment_status>
					<wp:post_name><![CDATA[about-us-4-team-member-4]]></wp:post_name>
					<wp:status><![CDATA[inherit]]></wp:status>
					<wp:post_parent>27483</wp:post_parent>
					<wp:menu_order>0</wp:menu_order>
					<wp:post_type><![CDATA[attachment]]></wp:post_type>
											<wp:attachment_url><![CDATA[https://dummy.xtemos.com/woodmart2/gutenberg/wp-content/uploads/sites/24/2024/08/about-us-4-team-member-4.jpg]]></wp:attachment_url>
																					<wp:postmeta>
							<wp:meta_key><![CDATA[_wp_attached_file]]></wp:meta_key>
							<wp:meta_value><![CDATA[2024/08/about-us-4-team-member-4.jpg]]></wp:meta_value>
						</wp:postmeta>
										</item>
				</channel>
</rss>
	