{
    "default_header": "header_381031",
    "site_width": "boxed-2",
    "promo_popup": "1",
    "promo_popup_content_type": "html_block",
    "popup_html_block": "11949",
    "popup-background": {
        "color": "#111111",
        "url": "https:\/\/dummy.xtemos.com\/woodmart2\/gutenberg\/wp-content\/uploads\/sites\/24\/2024\/06\/camping-popup-bg.jpg",
        "id": "14284",
        "repeat": "no-repeat",
        "size": "cover",
        "attachment": "",
        "position": "center center"
    },
    "popup_color_scheme": "light",
    "popup_width": "800",
    "popup_padding": "eyJkZXZpY2VzIjp7ImRlc2t0b3AiOnsidW5pdCI6InB4IiwidmFsdWUiOiI0NSJ9fX0=",
    "title-background": {
        "color": "#0a0a0a",
        "url": "https:\/\/dummy.xtemos.com\/woodmart2\/gutenberg\/wp-content\/uploads\/sites\/24\/2024\/06\/camping-page-title.jpg",
        "id": "14285",
        "repeat": "",
        "size": "cover",
        "attachment": "",
        "position": "center center"
    },
    "page-title-color": "light",
    "disable_footer": "1",
    "footer_content_type": "html_block",
    "footer_html_block": "14283",
    "footer-bar-bg": {
        "color": "rgb(51,51,51)",
        "url": "https:\/\/dummy.xtemos.com\/woodmart2\/gutenberg\/wp-content\/uploads\/sites\/24\/2024\/06\/camping-footer-bg.jpg",
        "id": "14286",
        "repeat": "",
        "size": "",
        "attachment": "",
        "position": ""
    },
    "footer-style": "light",
    "disable_copyrights": "0",
    "prefooter_content_type": "text",
    "prefooter_area": "",
    "body-background": {
        "color": "rgb(63,65,46)",
        "url": "",
        "id": "",
        "repeat": "",
        "size": "",
        "attachment": "",
        "position": ""
    },
    "text-font": [
        {
            "google": "1",
            "font-family": "Lato",
            "font-weight": "400",
            "font-style": "",
            "font-subset": "",
            "font-size": "15",
            "tablet": {
                "font-size": ""
            },
            "mobile": {
                "font-size": ""
            },
            "color": "rgb(118,118,118)"
        }
    ],
    "primary-font": [
        {
            "google": "1",
            "font-family": "Patua One",
            "font-weight": "400",
            "font-style": "",
            "font-subset": "",
            "text-transform": "",
            "color": "#242424"
        }
    ],
    "post-titles-font": [
        {
            "google": "1",
            "font-family": "Patua One",
            "font-weight": "400",
            "font-style": "",
            "font-subset": "",
            "text-transform": "",
            "color": "#333333",
            "hover": {
                "color": "rgb(51 51 51 \/ 65%)"
            }
        }
    ],
    "widget-titles-font": [
        {
            "google": "1",
            "font-family": "Patua One",
            "font-weight": "400",
            "font-style": "",
            "font-subset": "",
            "text-transform": "uppercase",
            "font-size": "16",
            "tablet": {
                "font-size": ""
            },
            "mobile": {
                "font-size": ""
            },
            "color": "#333"
        }
    ],
    "navigation-font": [
        {
            "google": "1",
            "font-family": "Patua One",
            "font-weight": "400",
            "font-style": "",
            "font-subset": "",
            "text-transform": "uppercase",
            "font-size": "13",
            "tablet": {
                "font-size": ""
            },
            "mobile": {
                "font-size": ""
            }
        }
    ],
    "primary-color": {
        "idle": "rgb(151,156,109)"
    },
    "btns_shop_style": "flat",
    "btns_shop_bg": {
        "idle": "rgb(151,156,109)"
    },
    "btns_shop_bg_hover": {
        "idle": "rgb(138,142,100)"
    },
    "blog_excerpt_length": "100",
    "update_cart_quantity_change": "1",
    "products_hover": "quick",
    "blog_excerpt": "excerpt",
    "categories_design": "alt",
    "categories_with_shadow": "disable",
    "secondary-font": [
        {
            "google": "1",
            "font-family": "Lato",
            "font-weight": "700",
            "font-style": "",
            "font-subset": ""
        }
    ],
    "pages-background": {
        "color": "rgb(250,248,246)",
        "url": "",
        "id": "",
        "repeat": "",
        "size": "",
        "attachment": "",
        "position": ""
    },
    "single_product_header": "header_397803"
}