{
    "default_header": "header_266128",
    "primary-color": {
        "idle": "rgb(0,84,172)"
    },
    "btns_shop_bg": {
        "idle": "rgb(0,84,172)"
    },
    "btns_shop_bg_hover": {
        "idle": "rgb(3,65,129)"
    },
    "btns_accent_bg": {
        "idle": "rgb(0,84,172)"
    },
    "btns_accent_bg_hover": {
        "idle": "rgb(3,65,129)"
    },
    "primary-font": [
        {
            "custom": "",
            "google": "1",
            "font-family": "Montserrat",
            "font-weight": "700",
            "font-style": "",
            "font-subset": "",
            "text-transform": "",
            "color": "#242424"
        }
    ],
    "title-background": {
        "color": "#0a0a0a",
        "url": "http:\/\/dummy.xtemos.com\/woodmart2\/elementor\/wp-content\/uploads\/sites\/2\/2021\/09\/cars-page-title-shop-bg.jpg",
        "id": "1270",
        "repeat": "",
        "size": "cover",
        "attachment": "",
        "position": "center center"
    },
    "promo_popup": "1",
    "promo_popup_content_type": "html_block",
    "popup_html_block": "724",
    "popup-background": {
        "color": "#111111",
        "url": "http:\/\/dummy.xtemos.com\/woodmart2\/elementor\/wp-content\/uploads\/sites\/2\/2021\/08\/promo-popup.jpg",
        "id": "711",
        "repeat": "no-repeat",
        "size": "cover",
        "attachment": "",
        "position": "center center"
    },
    "popup_padding": "eyJkZXZpY2VzIjp7ImRlc2t0b3AiOnsidW5pdCI6InB4IiwidmFsdWUiOiIxNSJ9fX0=",
    "prefooter_content_type": "html_block",
    "prefooter_html_block": "728",
    "footer_content_type": "widgets",
    "additional_tab_content_type": "html_block",
    "additional_tab_html_block": "726",
    "portfolio_page": "51"
}