<?xml version="1.0" encoding="UTF-8" ?>
	<!-- This is a WordPress eXtended RSS file generated by WordPress as an export of your site. -->
	<!-- It contains information about your site's posts, pages, comments, categories, and other content. -->
	<!-- You may use this file to transfer that content from one site to another. -->
	<!-- This file is not intended to serve as a complete backup of your site. -->

	<!-- To import this information into a WordPress site follow these steps: -->
	<!-- 1. Log in to that site as an administrator. -->
	<!-- 2. Go to Tools: Import in the WordPress admin panel. -->
	<!-- 3. Install the "WordPress" importer from the list. -->
	<!-- 4. Activate & Run Importer. -->
	<!-- 5. Upload this file using the form provided on that page. -->
	<!-- 6. You will first be asked to map the authors in this export file to users -->
	<!--    on the site. For each author, you may choose to map to an -->
	<!--    existing user on the site or to create a new user. -->
	<!-- 7. WordPress will then import each of the posts, pages, comments, categories, etc. -->
	<!--    contained in this file into your site. -->

	<!-- generator="WordPress/6.5.5" created="2024-10-25 09:04" -->
<rss version="2.0"
	xmlns:excerpt="http://wordpress.org/export/1.2/excerpt/"
	xmlns:content="http://purl.org/rss/1.0/modules/content/"
	xmlns:wfw="http://wellformedweb.org/CommentAPI/"
	xmlns:dc="http://purl.org/dc/elements/1.1/"
	xmlns:wp="http://wordpress.org/export/1.2/"
>

<channel>
	<title>Accessories gutenberg</title>
	<link>https://dummy.xtemos.com/woodmart2/accessories-gutenberg</link>
	<description></description>
	<pubDate>Fri, 25 Oct 2024 09:04:23 +0000</pubDate>
	<language>en-US</language>
	<wp:wxr_version>1.2</wp:wxr_version>
	<wp:base_site_url>https://dummy.xtemos.com/woodmart2/</wp:base_site_url>
	<wp:base_blog_url>https://dummy.xtemos.com/woodmart2/accessories-gutenberg</wp:base_blog_url>

		<wp:author><wp:author_id>491</wp:author_id><wp:author_login><![CDATA[maksimkliakhin]]></wp:author_login><wp:author_email><![CDATA[m.kliakhin@gmail.com]]></wp:author_email><wp:author_display_name><![CDATA[Ethan Smith]]></wp:author_display_name><wp:author_first_name><![CDATA[Ethan]]></wp:author_first_name><wp:author_last_name><![CDATA[Smith]]></wp:author_last_name></wp:author>
	<wp:author><wp:author_id>2</wp:author_id><wp:author_login><![CDATA[zakhar]]></wp:author_login><wp:author_email><![CDATA[zak@asda.as]]></wp:author_email><wp:author_display_name><![CDATA[Mr. Mackay]]></wp:author_display_name><wp:author_first_name><![CDATA[sds]]></wp:author_first_name><wp:author_last_name><![CDATA[scssc]]></wp:author_last_name></wp:author>

					<wp:term>
			<wp:term_id>0</wp:term_id>
			<wp:term_taxonomy><![CDATA[]]></wp:term_taxonomy>
			<wp:term_slug><![CDATA[]]></wp:term_slug>
			<wp:term_parent><![CDATA[]]></wp:term_parent>
					</wp:term>
		
	<generator>https://wordpress.org/?v=6.5.5</generator>

					<item>
					<title><![CDATA[wood-accessories-category-3-2]]></title>
					<link>https://dummy.xtemos.com/woodmart2/accessories-gutenberg/wood-accessories-category-3-2/</link>
					<pubDate>Fri, 12 Jul 2024 11:42:33 +0000</pubDate>
					<dc:creator><![CDATA[maksimkliakhin]]></dc:creator>
					<guid isPermaLink="false">http://dummy.xtemos.com/woodmart2/accessories-gutenberg/wp-content/uploads/sites/26/2024/07/wood-accessories-category-3-2.jpg</guid>
															<wp:post_id>208</wp:post_id>
					<wp:post_date><![CDATA[2024-07-12 11:42:33]]></wp:post_date>
					<wp:post_date_gmt><![CDATA[2024-07-12 11:42:33]]></wp:post_date_gmt>
					<wp:post_modified><![CDATA[2024-07-12 11:42:33]]></wp:post_modified>
					<wp:post_modified_gmt><![CDATA[2024-07-12 11:42:33]]></wp:post_modified_gmt>
					<wp:comment_status><![CDATA[open]]></wp:comment_status>
					<wp:post_name><![CDATA[wood-accessories-category-3-2]]></wp:post_name>
					<wp:status><![CDATA[inherit]]></wp:status>
					<wp:post_parent>0</wp:post_parent>
					<wp:menu_order>0</wp:menu_order>
					<wp:post_type><![CDATA[attachment]]></wp:post_type>
											<wp:attachment_url><![CDATA[http://dummy.xtemos.com/woodmart2/accessories-gutenberg/wp-content/uploads/sites/26/2024/07/wood-accessories-category-3-2.jpg]]></wp:attachment_url>
																					<wp:postmeta>
							<wp:meta_key><![CDATA[_wp_attached_file]]></wp:meta_key>
							<wp:meta_value><![CDATA[2024/07/wood-accessories-category-3-2.jpg]]></wp:meta_value>
						</wp:postmeta>
										</item>
								<item>
					<title><![CDATA[wood-accessories-category-4-1-1]]></title>
					<link>https://dummy.xtemos.com/woodmart2/accessories-gutenberg/wood-accessories-category-4-1-1/</link>
					<pubDate>Fri, 12 Jul 2024 11:42:34 +0000</pubDate>
					<dc:creator><![CDATA[maksimkliakhin]]></dc:creator>
					<guid isPermaLink="false">http://dummy.xtemos.com/woodmart2/accessories-gutenberg/wp-content/uploads/sites/26/2024/07/wood-accessories-category-4-1-1.jpg</guid>
															<wp:post_id>209</wp:post_id>
					<wp:post_date><![CDATA[2024-07-12 11:42:34]]></wp:post_date>
					<wp:post_date_gmt><![CDATA[2024-07-12 11:42:34]]></wp:post_date_gmt>
					<wp:post_modified><![CDATA[2024-07-12 11:42:34]]></wp:post_modified>
					<wp:post_modified_gmt><![CDATA[2024-07-12 11:42:34]]></wp:post_modified_gmt>
					<wp:comment_status><![CDATA[open]]></wp:comment_status>
					<wp:post_name><![CDATA[wood-accessories-category-4-1-1]]></wp:post_name>
					<wp:status><![CDATA[inherit]]></wp:status>
					<wp:post_parent>0</wp:post_parent>
					<wp:menu_order>0</wp:menu_order>
					<wp:post_type><![CDATA[attachment]]></wp:post_type>
											<wp:attachment_url><![CDATA[http://dummy.xtemos.com/woodmart2/accessories-gutenberg/wp-content/uploads/sites/26/2024/07/wood-accessories-category-4-1-1.jpg]]></wp:attachment_url>
																					<wp:postmeta>
							<wp:meta_key><![CDATA[_wp_attached_file]]></wp:meta_key>
							<wp:meta_value><![CDATA[2024/07/wood-accessories-category-4-1-1.jpg]]></wp:meta_value>
						</wp:postmeta>
										</item>
								<item>
					<title><![CDATA[wood-accessories-category-4-2]]></title>
					<link>https://dummy.xtemos.com/woodmart2/accessories-gutenberg/wood-accessories-category-4-2/</link>
					<pubDate>Fri, 12 Jul 2024 11:42:35 +0000</pubDate>
					<dc:creator><![CDATA[maksimkliakhin]]></dc:creator>
					<guid isPermaLink="false">http://dummy.xtemos.com/woodmart2/accessories-gutenberg/wp-content/uploads/sites/26/2024/07/wood-accessories-category-4-2.jpg</guid>
															<wp:post_id>210</wp:post_id>
					<wp:post_date><![CDATA[2024-07-12 11:42:35]]></wp:post_date>
					<wp:post_date_gmt><![CDATA[2024-07-12 11:42:35]]></wp:post_date_gmt>
					<wp:post_modified><![CDATA[2024-07-12 11:42:35]]></wp:post_modified>
					<wp:post_modified_gmt><![CDATA[2024-07-12 11:42:35]]></wp:post_modified_gmt>
					<wp:comment_status><![CDATA[open]]></wp:comment_status>
					<wp:post_name><![CDATA[wood-accessories-category-4-2]]></wp:post_name>
					<wp:status><![CDATA[inherit]]></wp:status>
					<wp:post_parent>0</wp:post_parent>
					<wp:menu_order>0</wp:menu_order>
					<wp:post_type><![CDATA[attachment]]></wp:post_type>
											<wp:attachment_url><![CDATA[http://dummy.xtemos.com/woodmart2/accessories-gutenberg/wp-content/uploads/sites/26/2024/07/wood-accessories-category-4-2.jpg]]></wp:attachment_url>
																					<wp:postmeta>
							<wp:meta_key><![CDATA[_wp_attached_file]]></wp:meta_key>
							<wp:meta_value><![CDATA[2024/07/wood-accessories-category-4-2.jpg]]></wp:meta_value>
						</wp:postmeta>
										</item>
								<item>
					<title><![CDATA[wood-accessories-category-5]]></title>
					<link>https://dummy.xtemos.com/woodmart2/accessories-gutenberg/wood-accessories-category-5/</link>
					<pubDate>Fri, 12 Jul 2024 11:42:35 +0000</pubDate>
					<dc:creator><![CDATA[maksimkliakhin]]></dc:creator>
					<guid isPermaLink="false">http://dummy.xtemos.com/woodmart2/accessories-gutenberg/wp-content/uploads/sites/26/2024/07/wood-accessories-category-5.jpg</guid>
															<wp:post_id>211</wp:post_id>
					<wp:post_date><![CDATA[2024-07-12 11:42:35]]></wp:post_date>
					<wp:post_date_gmt><![CDATA[2024-07-12 11:42:35]]></wp:post_date_gmt>
					<wp:post_modified><![CDATA[2024-07-12 11:42:35]]></wp:post_modified>
					<wp:post_modified_gmt><![CDATA[2024-07-12 11:42:35]]></wp:post_modified_gmt>
					<wp:comment_status><![CDATA[open]]></wp:comment_status>
					<wp:post_name><![CDATA[wood-accessories-category-5]]></wp:post_name>
					<wp:status><![CDATA[inherit]]></wp:status>
					<wp:post_parent>0</wp:post_parent>
					<wp:menu_order>0</wp:menu_order>
					<wp:post_type><![CDATA[attachment]]></wp:post_type>
											<wp:attachment_url><![CDATA[http://dummy.xtemos.com/woodmart2/accessories-gutenberg/wp-content/uploads/sites/26/2024/07/wood-accessories-category-5.jpg]]></wp:attachment_url>
																					<wp:postmeta>
							<wp:meta_key><![CDATA[_wp_attached_file]]></wp:meta_key>
							<wp:meta_value><![CDATA[2024/07/wood-accessories-category-5.jpg]]></wp:meta_value>
						</wp:postmeta>
										</item>
								<item>
					<title><![CDATA[wood-accessories-category-6-1]]></title>
					<link>https://dummy.xtemos.com/woodmart2/accessories-gutenberg/wood-accessories-category-6-1/</link>
					<pubDate>Fri, 12 Jul 2024 11:42:36 +0000</pubDate>
					<dc:creator><![CDATA[maksimkliakhin]]></dc:creator>
					<guid isPermaLink="false">http://dummy.xtemos.com/woodmart2/accessories-gutenberg/wp-content/uploads/sites/26/2024/07/wood-accessories-category-6-1.jpg</guid>
															<wp:post_id>212</wp:post_id>
					<wp:post_date><![CDATA[2024-07-12 11:42:36]]></wp:post_date>
					<wp:post_date_gmt><![CDATA[2024-07-12 11:42:36]]></wp:post_date_gmt>
					<wp:post_modified><![CDATA[2024-07-12 11:42:36]]></wp:post_modified>
					<wp:post_modified_gmt><![CDATA[2024-07-12 11:42:36]]></wp:post_modified_gmt>
					<wp:comment_status><![CDATA[open]]></wp:comment_status>
					<wp:post_name><![CDATA[wood-accessories-category-6-1]]></wp:post_name>
					<wp:status><![CDATA[inherit]]></wp:status>
					<wp:post_parent>0</wp:post_parent>
					<wp:menu_order>0</wp:menu_order>
					<wp:post_type><![CDATA[attachment]]></wp:post_type>
											<wp:attachment_url><![CDATA[http://dummy.xtemos.com/woodmart2/accessories-gutenberg/wp-content/uploads/sites/26/2024/07/wood-accessories-category-6-1.jpg]]></wp:attachment_url>
																					<wp:postmeta>
							<wp:meta_key><![CDATA[_wp_attached_file]]></wp:meta_key>
							<wp:meta_value><![CDATA[2024/07/wood-accessories-category-6-1.jpg]]></wp:meta_value>
						</wp:postmeta>
										</item>
								<item>
					<title><![CDATA[wood-logo-dark]]></title>
					<link>https://dummy.xtemos.com/woodmart2/accessories-gutenberg/?attachment_id=299</link>
					<pubDate>Fri, 12 Jul 2024 14:26:47 +0000</pubDate>
					<dc:creator><![CDATA[maksimkliakhin]]></dc:creator>
					<guid isPermaLink="false">http://dummy.xtemos.com/woodmart2/accessories-gutenberg/wp-content/uploads/sites/26/2024/07/wood-logo-dark.svg</guid>
															<wp:post_id>299</wp:post_id>
					<wp:post_date><![CDATA[2024-07-12 14:26:47]]></wp:post_date>
					<wp:post_date_gmt><![CDATA[2024-07-12 14:26:47]]></wp:post_date_gmt>
					<wp:post_modified><![CDATA[2024-07-12 14:26:47]]></wp:post_modified>
					<wp:post_modified_gmt><![CDATA[2024-07-12 14:26:47]]></wp:post_modified_gmt>
					<wp:comment_status><![CDATA[open]]></wp:comment_status>
					<wp:post_name><![CDATA[wood-logo-dark]]></wp:post_name>
					<wp:status><![CDATA[inherit]]></wp:status>
					<wp:post_parent>184</wp:post_parent>
					<wp:menu_order>0</wp:menu_order>
					<wp:post_type><![CDATA[attachment]]></wp:post_type>
											<wp:attachment_url><![CDATA[http://dummy.xtemos.com/woodmart2/accessories-gutenberg/wp-content/uploads/sites/26/2024/07/wood-logo-dark.svg]]></wp:attachment_url>
																					<wp:postmeta>
							<wp:meta_key><![CDATA[_wp_attached_file]]></wp:meta_key>
							<wp:meta_value><![CDATA[2024/07/wood-logo-dark.svg]]></wp:meta_value>
						</wp:postmeta>
										</item>
								<item>
					<title><![CDATA[wood-logo-white-reserve]]></title>
					<link>https://dummy.xtemos.com/woodmart2/accessories-gutenberg/?attachment_id=300</link>
					<pubDate>Fri, 12 Jul 2024 14:28:50 +0000</pubDate>
					<dc:creator><![CDATA[maksimkliakhin]]></dc:creator>
					<guid isPermaLink="false">http://dummy.xtemos.com/woodmart2/accessories-gutenberg/wp-content/uploads/sites/26/2024/07/wood-logo-white-reserve.svg</guid>
															<wp:post_id>300</wp:post_id>
					<wp:post_date><![CDATA[2024-07-12 14:28:50]]></wp:post_date>
					<wp:post_date_gmt><![CDATA[2024-07-12 14:28:50]]></wp:post_date_gmt>
					<wp:post_modified><![CDATA[2024-07-12 14:28:50]]></wp:post_modified>
					<wp:post_modified_gmt><![CDATA[2024-07-12 14:28:50]]></wp:post_modified_gmt>
					<wp:comment_status><![CDATA[open]]></wp:comment_status>
					<wp:post_name><![CDATA[wood-logo-white-reserve]]></wp:post_name>
					<wp:status><![CDATA[inherit]]></wp:status>
					<wp:post_parent>184</wp:post_parent>
					<wp:menu_order>0</wp:menu_order>
					<wp:post_type><![CDATA[attachment]]></wp:post_type>
											<wp:attachment_url><![CDATA[http://dummy.xtemos.com/woodmart2/accessories-gutenberg/wp-content/uploads/sites/26/2024/07/wood-logo-white-reserve.svg]]></wp:attachment_url>
																					<wp:postmeta>
							<wp:meta_key><![CDATA[_wp_attached_file]]></wp:meta_key>
							<wp:meta_value><![CDATA[2024/07/wood-logo-white-reserve.svg]]></wp:meta_value>
						</wp:postmeta>
										</item>
								<item>
					<title><![CDATA[accessories-inst-2]]></title>
					<link>https://dummy.xtemos.com/woodmart2/accessories-gutenberg/home-accessories/accessories-inst-2/</link>
					<pubDate>Mon, 15 Jul 2024 08:34:28 +0000</pubDate>
					<dc:creator><![CDATA[maksimkliakhin]]></dc:creator>
					<guid isPermaLink="false">http://dummy.xtemos.com/woodmart2/accessories-gutenberg/wp-content/uploads/sites/26/2024/07/accessories-inst-2.jpg</guid>
															<wp:post_id>395</wp:post_id>
					<wp:post_date><![CDATA[2024-07-15 08:34:28]]></wp:post_date>
					<wp:post_date_gmt><![CDATA[2024-07-15 08:34:28]]></wp:post_date_gmt>
					<wp:post_modified><![CDATA[2024-07-15 08:34:28]]></wp:post_modified>
					<wp:post_modified_gmt><![CDATA[2024-07-15 08:34:28]]></wp:post_modified_gmt>
					<wp:comment_status><![CDATA[open]]></wp:comment_status>
					<wp:post_name><![CDATA[accessories-inst-2]]></wp:post_name>
					<wp:status><![CDATA[inherit]]></wp:status>
					<wp:post_parent>171</wp:post_parent>
					<wp:menu_order>0</wp:menu_order>
					<wp:post_type><![CDATA[attachment]]></wp:post_type>
											<wp:attachment_url><![CDATA[http://dummy.xtemos.com/woodmart2/accessories-gutenberg/wp-content/uploads/sites/26/2024/07/accessories-inst-2.jpg]]></wp:attachment_url>
																					<wp:postmeta>
							<wp:meta_key><![CDATA[_wp_attached_file]]></wp:meta_key>
							<wp:meta_value><![CDATA[2024/07/accessories-inst-2.jpg]]></wp:meta_value>
						</wp:postmeta>
										</item>
								<item>
					<title><![CDATA[accessories-inst-3]]></title>
					<link>https://dummy.xtemos.com/woodmart2/accessories-gutenberg/home-accessories/accessories-inst-3/</link>
					<pubDate>Mon, 15 Jul 2024 08:34:29 +0000</pubDate>
					<dc:creator><![CDATA[maksimkliakhin]]></dc:creator>
					<guid isPermaLink="false">http://dummy.xtemos.com/woodmart2/accessories-gutenberg/wp-content/uploads/sites/26/2024/07/accessories-inst-3.jpg</guid>
															<wp:post_id>396</wp:post_id>
					<wp:post_date><![CDATA[2024-07-15 08:34:29]]></wp:post_date>
					<wp:post_date_gmt><![CDATA[2024-07-15 08:34:29]]></wp:post_date_gmt>
					<wp:post_modified><![CDATA[2024-07-15 08:34:29]]></wp:post_modified>
					<wp:post_modified_gmt><![CDATA[2024-07-15 08:34:29]]></wp:post_modified_gmt>
					<wp:comment_status><![CDATA[open]]></wp:comment_status>
					<wp:post_name><![CDATA[accessories-inst-3]]></wp:post_name>
					<wp:status><![CDATA[inherit]]></wp:status>
					<wp:post_parent>171</wp:post_parent>
					<wp:menu_order>0</wp:menu_order>
					<wp:post_type><![CDATA[attachment]]></wp:post_type>
											<wp:attachment_url><![CDATA[http://dummy.xtemos.com/woodmart2/accessories-gutenberg/wp-content/uploads/sites/26/2024/07/accessories-inst-3.jpg]]></wp:attachment_url>
																					<wp:postmeta>
							<wp:meta_key><![CDATA[_wp_attached_file]]></wp:meta_key>
							<wp:meta_value><![CDATA[2024/07/accessories-inst-3.jpg]]></wp:meta_value>
						</wp:postmeta>
										</item>
								<item>
					<title><![CDATA[accessories-inst-4]]></title>
					<link>https://dummy.xtemos.com/woodmart2/accessories-gutenberg/home-accessories/accessories-inst-4/</link>
					<pubDate>Mon, 15 Jul 2024 08:34:30 +0000</pubDate>
					<dc:creator><![CDATA[maksimkliakhin]]></dc:creator>
					<guid isPermaLink="false">http://dummy.xtemos.com/woodmart2/accessories-gutenberg/wp-content/uploads/sites/26/2024/07/accessories-inst-4.jpg</guid>
															<wp:post_id>397</wp:post_id>
					<wp:post_date><![CDATA[2024-07-15 08:34:30]]></wp:post_date>
					<wp:post_date_gmt><![CDATA[2024-07-15 08:34:30]]></wp:post_date_gmt>
					<wp:post_modified><![CDATA[2024-07-15 08:34:30]]></wp:post_modified>
					<wp:post_modified_gmt><![CDATA[2024-07-15 08:34:30]]></wp:post_modified_gmt>
					<wp:comment_status><![CDATA[open]]></wp:comment_status>
					<wp:post_name><![CDATA[accessories-inst-4]]></wp:post_name>
					<wp:status><![CDATA[inherit]]></wp:status>
					<wp:post_parent>171</wp:post_parent>
					<wp:menu_order>0</wp:menu_order>
					<wp:post_type><![CDATA[attachment]]></wp:post_type>
											<wp:attachment_url><![CDATA[http://dummy.xtemos.com/woodmart2/accessories-gutenberg/wp-content/uploads/sites/26/2024/07/accessories-inst-4.jpg]]></wp:attachment_url>
																					<wp:postmeta>
							<wp:meta_key><![CDATA[_wp_attached_file]]></wp:meta_key>
							<wp:meta_value><![CDATA[2024/07/accessories-inst-4.jpg]]></wp:meta_value>
						</wp:postmeta>
										</item>
								<item>
					<title><![CDATA[accessories-inst-5]]></title>
					<link>https://dummy.xtemos.com/woodmart2/accessories-gutenberg/home-accessories/accessories-inst-5/</link>
					<pubDate>Mon, 15 Jul 2024 08:34:30 +0000</pubDate>
					<dc:creator><![CDATA[maksimkliakhin]]></dc:creator>
					<guid isPermaLink="false">http://dummy.xtemos.com/woodmart2/accessories-gutenberg/wp-content/uploads/sites/26/2024/07/accessories-inst-5.jpg</guid>
															<wp:post_id>398</wp:post_id>
					<wp:post_date><![CDATA[2024-07-15 08:34:30]]></wp:post_date>
					<wp:post_date_gmt><![CDATA[2024-07-15 08:34:30]]></wp:post_date_gmt>
					<wp:post_modified><![CDATA[2024-07-15 08:34:30]]></wp:post_modified>
					<wp:post_modified_gmt><![CDATA[2024-07-15 08:34:30]]></wp:post_modified_gmt>
					<wp:comment_status><![CDATA[open]]></wp:comment_status>
					<wp:post_name><![CDATA[accessories-inst-5]]></wp:post_name>
					<wp:status><![CDATA[inherit]]></wp:status>
					<wp:post_parent>171</wp:post_parent>
					<wp:menu_order>0</wp:menu_order>
					<wp:post_type><![CDATA[attachment]]></wp:post_type>
											<wp:attachment_url><![CDATA[http://dummy.xtemos.com/woodmart2/accessories-gutenberg/wp-content/uploads/sites/26/2024/07/accessories-inst-5.jpg]]></wp:attachment_url>
																					<wp:postmeta>
							<wp:meta_key><![CDATA[_wp_attached_file]]></wp:meta_key>
							<wp:meta_value><![CDATA[2024/07/accessories-inst-5.jpg]]></wp:meta_value>
						</wp:postmeta>
										</item>
								<item>
					<title><![CDATA[accessories-inst-6]]></title>
					<link>https://dummy.xtemos.com/woodmart2/accessories-gutenberg/home-accessories/accessories-inst-6/</link>
					<pubDate>Mon, 15 Jul 2024 08:34:31 +0000</pubDate>
					<dc:creator><![CDATA[maksimkliakhin]]></dc:creator>
					<guid isPermaLink="false">http://dummy.xtemos.com/woodmart2/accessories-gutenberg/wp-content/uploads/sites/26/2024/07/accessories-inst-6.jpg</guid>
															<wp:post_id>399</wp:post_id>
					<wp:post_date><![CDATA[2024-07-15 08:34:31]]></wp:post_date>
					<wp:post_date_gmt><![CDATA[2024-07-15 08:34:31]]></wp:post_date_gmt>
					<wp:post_modified><![CDATA[2024-07-15 08:34:31]]></wp:post_modified>
					<wp:post_modified_gmt><![CDATA[2024-07-15 08:34:31]]></wp:post_modified_gmt>
					<wp:comment_status><![CDATA[open]]></wp:comment_status>
					<wp:post_name><![CDATA[accessories-inst-6]]></wp:post_name>
					<wp:status><![CDATA[inherit]]></wp:status>
					<wp:post_parent>171</wp:post_parent>
					<wp:menu_order>0</wp:menu_order>
					<wp:post_type><![CDATA[attachment]]></wp:post_type>
											<wp:attachment_url><![CDATA[http://dummy.xtemos.com/woodmart2/accessories-gutenberg/wp-content/uploads/sites/26/2024/07/accessories-inst-6.jpg]]></wp:attachment_url>
																					<wp:postmeta>
							<wp:meta_key><![CDATA[_wp_attached_file]]></wp:meta_key>
							<wp:meta_value><![CDATA[2024/07/accessories-inst-6.jpg]]></wp:meta_value>
						</wp:postmeta>
										</item>
								<item>
					<title><![CDATA[accessories-inst-7]]></title>
					<link>https://dummy.xtemos.com/woodmart2/accessories-gutenberg/home-accessories/accessories-inst-7/</link>
					<pubDate>Mon, 15 Jul 2024 08:34:32 +0000</pubDate>
					<dc:creator><![CDATA[maksimkliakhin]]></dc:creator>
					<guid isPermaLink="false">http://dummy.xtemos.com/woodmart2/accessories-gutenberg/wp-content/uploads/sites/26/2024/07/accessories-inst-7.jpg</guid>
															<wp:post_id>400</wp:post_id>
					<wp:post_date><![CDATA[2024-07-15 08:34:32]]></wp:post_date>
					<wp:post_date_gmt><![CDATA[2024-07-15 08:34:32]]></wp:post_date_gmt>
					<wp:post_modified><![CDATA[2024-07-15 08:34:32]]></wp:post_modified>
					<wp:post_modified_gmt><![CDATA[2024-07-15 08:34:32]]></wp:post_modified_gmt>
					<wp:comment_status><![CDATA[open]]></wp:comment_status>
					<wp:post_name><![CDATA[accessories-inst-7]]></wp:post_name>
					<wp:status><![CDATA[inherit]]></wp:status>
					<wp:post_parent>171</wp:post_parent>
					<wp:menu_order>0</wp:menu_order>
					<wp:post_type><![CDATA[attachment]]></wp:post_type>
											<wp:attachment_url><![CDATA[http://dummy.xtemos.com/woodmart2/accessories-gutenberg/wp-content/uploads/sites/26/2024/07/accessories-inst-7.jpg]]></wp:attachment_url>
																					<wp:postmeta>
							<wp:meta_key><![CDATA[_wp_attached_file]]></wp:meta_key>
							<wp:meta_value><![CDATA[2024/07/accessories-inst-7.jpg]]></wp:meta_value>
						</wp:postmeta>
										</item>
								<item>
					<title><![CDATA[accessories-inst-8]]></title>
					<link>https://dummy.xtemos.com/woodmart2/accessories-gutenberg/home-accessories/accessories-inst-8/</link>
					<pubDate>Mon, 15 Jul 2024 08:34:32 +0000</pubDate>
					<dc:creator><![CDATA[maksimkliakhin]]></dc:creator>
					<guid isPermaLink="false">http://dummy.xtemos.com/woodmart2/accessories-gutenberg/wp-content/uploads/sites/26/2024/07/accessories-inst-8.jpg</guid>
															<wp:post_id>401</wp:post_id>
					<wp:post_date><![CDATA[2024-07-15 08:34:32]]></wp:post_date>
					<wp:post_date_gmt><![CDATA[2024-07-15 08:34:32]]></wp:post_date_gmt>
					<wp:post_modified><![CDATA[2024-07-15 08:34:32]]></wp:post_modified>
					<wp:post_modified_gmt><![CDATA[2024-07-15 08:34:32]]></wp:post_modified_gmt>
					<wp:comment_status><![CDATA[open]]></wp:comment_status>
					<wp:post_name><![CDATA[accessories-inst-8]]></wp:post_name>
					<wp:status><![CDATA[inherit]]></wp:status>
					<wp:post_parent>171</wp:post_parent>
					<wp:menu_order>0</wp:menu_order>
					<wp:post_type><![CDATA[attachment]]></wp:post_type>
											<wp:attachment_url><![CDATA[http://dummy.xtemos.com/woodmart2/accessories-gutenberg/wp-content/uploads/sites/26/2024/07/accessories-inst-8.jpg]]></wp:attachment_url>
																					<wp:postmeta>
							<wp:meta_key><![CDATA[_wp_attached_file]]></wp:meta_key>
							<wp:meta_value><![CDATA[2024/07/accessories-inst-8.jpg]]></wp:meta_value>
						</wp:postmeta>
										</item>
								<item>
					<title><![CDATA[accessories-inst-9]]></title>
					<link>https://dummy.xtemos.com/woodmart2/accessories-gutenberg/home-accessories/accessories-inst-9/</link>
					<pubDate>Mon, 15 Jul 2024 08:34:33 +0000</pubDate>
					<dc:creator><![CDATA[maksimkliakhin]]></dc:creator>
					<guid isPermaLink="false">http://dummy.xtemos.com/woodmart2/accessories-gutenberg/wp-content/uploads/sites/26/2024/07/accessories-inst-9.jpg</guid>
															<wp:post_id>402</wp:post_id>
					<wp:post_date><![CDATA[2024-07-15 08:34:33]]></wp:post_date>
					<wp:post_date_gmt><![CDATA[2024-07-15 08:34:33]]></wp:post_date_gmt>
					<wp:post_modified><![CDATA[2024-07-15 08:34:33]]></wp:post_modified>
					<wp:post_modified_gmt><![CDATA[2024-07-15 08:34:33]]></wp:post_modified_gmt>
					<wp:comment_status><![CDATA[open]]></wp:comment_status>
					<wp:post_name><![CDATA[accessories-inst-9]]></wp:post_name>
					<wp:status><![CDATA[inherit]]></wp:status>
					<wp:post_parent>171</wp:post_parent>
					<wp:menu_order>0</wp:menu_order>
					<wp:post_type><![CDATA[attachment]]></wp:post_type>
											<wp:attachment_url><![CDATA[http://dummy.xtemos.com/woodmart2/accessories-gutenberg/wp-content/uploads/sites/26/2024/07/accessories-inst-9.jpg]]></wp:attachment_url>
																					<wp:postmeta>
							<wp:meta_key><![CDATA[_wp_attached_file]]></wp:meta_key>
							<wp:meta_value><![CDATA[2024/07/accessories-inst-9.jpg]]></wp:meta_value>
						</wp:postmeta>
										</item>
								<item>
					<title><![CDATA[accessories-inst-7-1]]></title>
					<link>https://dummy.xtemos.com/woodmart2/accessories-gutenberg/accessories-inst-7-1/</link>
					<pubDate>Tue, 16 Jul 2024 07:39:25 +0000</pubDate>
					<dc:creator><![CDATA[maksimkliakhin]]></dc:creator>
					<guid isPermaLink="false">http://dummy.xtemos.com/woodmart2/accessories-gutenberg/wp-content/uploads/sites/26/2024/07/accessories-inst-7-1.jpg</guid>
															<wp:post_id>755</wp:post_id>
					<wp:post_date><![CDATA[2024-07-16 07:39:25]]></wp:post_date>
					<wp:post_date_gmt><![CDATA[2024-07-16 07:39:25]]></wp:post_date_gmt>
					<wp:post_modified><![CDATA[2024-07-16 07:39:25]]></wp:post_modified>
					<wp:post_modified_gmt><![CDATA[2024-07-16 07:39:25]]></wp:post_modified_gmt>
					<wp:comment_status><![CDATA[open]]></wp:comment_status>
					<wp:post_name><![CDATA[accessories-inst-7-1]]></wp:post_name>
					<wp:status><![CDATA[inherit]]></wp:status>
					<wp:post_parent>0</wp:post_parent>
					<wp:menu_order>0</wp:menu_order>
					<wp:post_type><![CDATA[attachment]]></wp:post_type>
											<wp:attachment_url><![CDATA[http://dummy.xtemos.com/woodmart2/accessories-gutenberg/wp-content/uploads/sites/26/2024/07/accessories-inst-7-1.jpg]]></wp:attachment_url>
																					<wp:postmeta>
							<wp:meta_key><![CDATA[_wp_attached_file]]></wp:meta_key>
							<wp:meta_value><![CDATA[2024/07/accessories-inst-7-1.jpg]]></wp:meta_value>
						</wp:postmeta>
										</item>
								<item>
					<title><![CDATA[hkgroteskpro-semibold]]></title>
					<link>https://dummy.xtemos.com/woodmart2/accessories-gutenberg/hkgroteskpro-semibold-3/</link>
					<pubDate>Wed, 07 Aug 2024 13:53:34 +0000</pubDate>
					<dc:creator><![CDATA[zakhar]]></dc:creator>
					<guid isPermaLink="false">http://dummy.xtemos.com/woodmart2/accessories-gutenberg/wp-content/uploads/sites/26/2024/08/hkgroteskpro-semibold.woff</guid>
															<wp:post_id>960</wp:post_id>
					<wp:post_date><![CDATA[2024-08-07 13:53:34]]></wp:post_date>
					<wp:post_date_gmt><![CDATA[2024-08-07 13:53:34]]></wp:post_date_gmt>
					<wp:post_modified><![CDATA[2024-08-07 13:53:34]]></wp:post_modified>
					<wp:post_modified_gmt><![CDATA[2024-08-07 13:53:34]]></wp:post_modified_gmt>
					<wp:comment_status><![CDATA[open]]></wp:comment_status>
					<wp:post_name><![CDATA[hkgroteskpro-semibold-3]]></wp:post_name>
					<wp:status><![CDATA[inherit]]></wp:status>
					<wp:post_parent>0</wp:post_parent>
					<wp:menu_order>0</wp:menu_order>
					<wp:post_type><![CDATA[attachment]]></wp:post_type>
											<wp:attachment_url><![CDATA[http://dummy.xtemos.com/woodmart2/accessories-gutenberg/wp-content/uploads/sites/26/2024/08/hkgroteskpro-semibold.woff]]></wp:attachment_url>
																					<wp:postmeta>
							<wp:meta_key><![CDATA[_wp_attached_file]]></wp:meta_key>
							<wp:meta_value><![CDATA[2024/08/hkgroteskpro-semibold.woff]]></wp:meta_value>
						</wp:postmeta>
										</item>
								<item>
					<title><![CDATA[hkgroteskpro-semibold]]></title>
					<link>https://dummy.xtemos.com/woodmart2/accessories-gutenberg/hkgroteskpro-semibold-4/</link>
					<pubDate>Wed, 07 Aug 2024 13:53:35 +0000</pubDate>
					<dc:creator><![CDATA[zakhar]]></dc:creator>
					<guid isPermaLink="false">http://dummy.xtemos.com/woodmart2/accessories-gutenberg/wp-content/uploads/sites/26/2024/08/hkgroteskpro-semibold.woff2</guid>
															<wp:post_id>961</wp:post_id>
					<wp:post_date><![CDATA[2024-08-07 13:53:35]]></wp:post_date>
					<wp:post_date_gmt><![CDATA[2024-08-07 13:53:35]]></wp:post_date_gmt>
					<wp:post_modified><![CDATA[2024-08-07 13:53:35]]></wp:post_modified>
					<wp:post_modified_gmt><![CDATA[2024-08-07 13:53:35]]></wp:post_modified_gmt>
					<wp:comment_status><![CDATA[open]]></wp:comment_status>
					<wp:post_name><![CDATA[hkgroteskpro-semibold-4]]></wp:post_name>
					<wp:status><![CDATA[inherit]]></wp:status>
					<wp:post_parent>0</wp:post_parent>
					<wp:menu_order>0</wp:menu_order>
					<wp:post_type><![CDATA[attachment]]></wp:post_type>
											<wp:attachment_url><![CDATA[http://dummy.xtemos.com/woodmart2/accessories-gutenberg/wp-content/uploads/sites/26/2024/08/hkgroteskpro-semibold.woff2]]></wp:attachment_url>
																					<wp:postmeta>
							<wp:meta_key><![CDATA[_wp_attached_file]]></wp:meta_key>
							<wp:meta_value><![CDATA[2024/08/hkgroteskpro-semibold.woff2]]></wp:meta_value>
						</wp:postmeta>
										</item>
								<item>
					<title><![CDATA[wood-accessories-category-1-132]]></title>
					<link>https://dummy.xtemos.com/woodmart2/accessories-gutenberg/wood-accessories-category-1-132/</link>
					<pubDate>Fri, 12 Jul 2024 11:42:32 +0000</pubDate>
					<dc:creator><![CDATA[maksimkliakhin]]></dc:creator>
					<guid isPermaLink="false">http://dummy.xtemos.com/woodmart2/accessories-gutenberg/wp-content/uploads/sites/26/2024/07/wood-accessories-category-1-132.jpg</guid>
															<wp:post_id>206</wp:post_id>
					<wp:post_date><![CDATA[2024-07-12 11:42:32]]></wp:post_date>
					<wp:post_date_gmt><![CDATA[2024-07-12 11:42:32]]></wp:post_date_gmt>
					<wp:post_modified><![CDATA[2024-07-12 11:42:32]]></wp:post_modified>
					<wp:post_modified_gmt><![CDATA[2024-07-12 11:42:32]]></wp:post_modified_gmt>
					<wp:comment_status><![CDATA[open]]></wp:comment_status>
					<wp:post_name><![CDATA[wood-accessories-category-1-132]]></wp:post_name>
					<wp:status><![CDATA[inherit]]></wp:status>
					<wp:post_parent>0</wp:post_parent>
					<wp:menu_order>0</wp:menu_order>
					<wp:post_type><![CDATA[attachment]]></wp:post_type>
											<wp:attachment_url><![CDATA[http://dummy.xtemos.com/woodmart2/accessories-gutenberg/wp-content/uploads/sites/26/2024/07/wood-accessories-category-1-132.jpg]]></wp:attachment_url>
																					<wp:postmeta>
							<wp:meta_key><![CDATA[_wp_attached_file]]></wp:meta_key>
							<wp:meta_value><![CDATA[2024/07/wood-accessories-category-1-132.jpg]]></wp:meta_value>
						</wp:postmeta>
										</item>
								<item>
					<title><![CDATA[wood-accessories-category-2]]></title>
					<link>https://dummy.xtemos.com/woodmart2/accessories-gutenberg/wood-accessories-category-2/</link>
					<pubDate>Fri, 12 Jul 2024 11:42:32 +0000</pubDate>
					<dc:creator><![CDATA[maksimkliakhin]]></dc:creator>
					<guid isPermaLink="false">http://dummy.xtemos.com/woodmart2/accessories-gutenberg/wp-content/uploads/sites/26/2024/07/wood-accessories-category-2.jpg</guid>
															<wp:post_id>207</wp:post_id>
					<wp:post_date><![CDATA[2024-07-12 11:42:32]]></wp:post_date>
					<wp:post_date_gmt><![CDATA[2024-07-12 11:42:32]]></wp:post_date_gmt>
					<wp:post_modified><![CDATA[2024-07-12 11:42:32]]></wp:post_modified>
					<wp:post_modified_gmt><![CDATA[2024-07-12 11:42:32]]></wp:post_modified_gmt>
					<wp:comment_status><![CDATA[open]]></wp:comment_status>
					<wp:post_name><![CDATA[wood-accessories-category-2]]></wp:post_name>
					<wp:status><![CDATA[inherit]]></wp:status>
					<wp:post_parent>0</wp:post_parent>
					<wp:menu_order>0</wp:menu_order>
					<wp:post_type><![CDATA[attachment]]></wp:post_type>
											<wp:attachment_url><![CDATA[http://dummy.xtemos.com/woodmart2/accessories-gutenberg/wp-content/uploads/sites/26/2024/07/wood-accessories-category-2.jpg]]></wp:attachment_url>
																					<wp:postmeta>
							<wp:meta_key><![CDATA[_wp_attached_file]]></wp:meta_key>
							<wp:meta_value><![CDATA[2024/07/wood-accessories-category-2.jpg]]></wp:meta_value>
						</wp:postmeta>
										</item>
								<item>
					<title><![CDATA[accessories-blog-img-1]]></title>
					<link>https://dummy.xtemos.com/woodmart2/accessories-gutenberg/2024/07/15/exploring-atlantas-modern-homes-2/accessories-blog-img-1/</link>
					<pubDate>Mon, 15 Jul 2024 09:30:35 +0000</pubDate>
					<dc:creator><![CDATA[maksimkliakhin]]></dc:creator>
					<guid isPermaLink="false">http://dummy.xtemos.com/woodmart2/accessories-gutenberg/wp-content/uploads/sites/26/2024/07/accessories-blog-img-1.jpg</guid>
															<wp:post_id>461</wp:post_id>
					<wp:post_date><![CDATA[2024-07-15 09:30:35]]></wp:post_date>
					<wp:post_date_gmt><![CDATA[2024-07-15 09:30:35]]></wp:post_date_gmt>
					<wp:post_modified><![CDATA[2024-07-15 09:30:35]]></wp:post_modified>
					<wp:post_modified_gmt><![CDATA[2024-07-15 09:30:35]]></wp:post_modified_gmt>
					<wp:comment_status><![CDATA[open]]></wp:comment_status>
					<wp:post_name><![CDATA[accessories-blog-img-1]]></wp:post_name>
					<wp:status><![CDATA[inherit]]></wp:status>
					<wp:post_parent>449</wp:post_parent>
					<wp:menu_order>0</wp:menu_order>
					<wp:post_type><![CDATA[attachment]]></wp:post_type>
											<wp:attachment_url><![CDATA[http://dummy.xtemos.com/woodmart2/accessories-gutenberg/wp-content/uploads/sites/26/2024/07/accessories-blog-img-1.jpg]]></wp:attachment_url>
																					<wp:postmeta>
							<wp:meta_key><![CDATA[_wp_attached_file]]></wp:meta_key>
							<wp:meta_value><![CDATA[2024/07/accessories-blog-img-1.jpg]]></wp:meta_value>
						</wp:postmeta>
										</item>
								<item>
					<title><![CDATA[accessories-blog-img-2]]></title>
					<link>https://dummy.xtemos.com/woodmart2/accessories-gutenberg/2024/07/15/exploring-atlantas-modern-homes-2/accessories-blog-img-2/</link>
					<pubDate>Mon, 15 Jul 2024 09:30:36 +0000</pubDate>
					<dc:creator><![CDATA[maksimkliakhin]]></dc:creator>
					<guid isPermaLink="false">http://dummy.xtemos.com/woodmart2/accessories-gutenberg/wp-content/uploads/sites/26/2024/07/accessories-blog-img-2.jpg</guid>
															<wp:post_id>462</wp:post_id>
					<wp:post_date><![CDATA[2024-07-15 09:30:36]]></wp:post_date>
					<wp:post_date_gmt><![CDATA[2024-07-15 09:30:36]]></wp:post_date_gmt>
					<wp:post_modified><![CDATA[2024-07-15 09:30:36]]></wp:post_modified>
					<wp:post_modified_gmt><![CDATA[2024-07-15 09:30:36]]></wp:post_modified_gmt>
					<wp:comment_status><![CDATA[open]]></wp:comment_status>
					<wp:post_name><![CDATA[accessories-blog-img-2]]></wp:post_name>
					<wp:status><![CDATA[inherit]]></wp:status>
					<wp:post_parent>449</wp:post_parent>
					<wp:menu_order>0</wp:menu_order>
					<wp:post_type><![CDATA[attachment]]></wp:post_type>
											<wp:attachment_url><![CDATA[http://dummy.xtemos.com/woodmart2/accessories-gutenberg/wp-content/uploads/sites/26/2024/07/accessories-blog-img-2.jpg]]></wp:attachment_url>
																					<wp:postmeta>
							<wp:meta_key><![CDATA[_wp_attached_file]]></wp:meta_key>
							<wp:meta_value><![CDATA[2024/07/accessories-blog-img-2.jpg]]></wp:meta_value>
						</wp:postmeta>
										</item>
								<item>
					<title><![CDATA[accessories-blog-img-3]]></title>
					<link>https://dummy.xtemos.com/woodmart2/accessories-gutenberg/2024/07/15/exploring-atlantas-modern-homes-2/accessories-blog-img-3/</link>
					<pubDate>Mon, 15 Jul 2024 09:30:37 +0000</pubDate>
					<dc:creator><![CDATA[maksimkliakhin]]></dc:creator>
					<guid isPermaLink="false">http://dummy.xtemos.com/woodmart2/accessories-gutenberg/wp-content/uploads/sites/26/2024/07/accessories-blog-img-3.jpg</guid>
															<wp:post_id>463</wp:post_id>
					<wp:post_date><![CDATA[2024-07-15 09:30:37]]></wp:post_date>
					<wp:post_date_gmt><![CDATA[2024-07-15 09:30:37]]></wp:post_date_gmt>
					<wp:post_modified><![CDATA[2024-07-15 09:30:37]]></wp:post_modified>
					<wp:post_modified_gmt><![CDATA[2024-07-15 09:30:37]]></wp:post_modified_gmt>
					<wp:comment_status><![CDATA[open]]></wp:comment_status>
					<wp:post_name><![CDATA[accessories-blog-img-3]]></wp:post_name>
					<wp:status><![CDATA[inherit]]></wp:status>
					<wp:post_parent>449</wp:post_parent>
					<wp:menu_order>0</wp:menu_order>
					<wp:post_type><![CDATA[attachment]]></wp:post_type>
											<wp:attachment_url><![CDATA[http://dummy.xtemos.com/woodmart2/accessories-gutenberg/wp-content/uploads/sites/26/2024/07/accessories-blog-img-3.jpg]]></wp:attachment_url>
																					<wp:postmeta>
							<wp:meta_key><![CDATA[_wp_attached_file]]></wp:meta_key>
							<wp:meta_value><![CDATA[2024/07/accessories-blog-img-3.jpg]]></wp:meta_value>
						</wp:postmeta>
										</item>
								<item>
					<title><![CDATA[accessories-blog-img-4]]></title>
					<link>https://dummy.xtemos.com/woodmart2/accessories-gutenberg/2024/07/15/exploring-atlantas-modern-homes-2/accessories-blog-img-4/</link>
					<pubDate>Mon, 15 Jul 2024 09:30:37 +0000</pubDate>
					<dc:creator><![CDATA[maksimkliakhin]]></dc:creator>
					<guid isPermaLink="false">http://dummy.xtemos.com/woodmart2/accessories-gutenberg/wp-content/uploads/sites/26/2024/07/accessories-blog-img-4.jpg</guid>
															<wp:post_id>464</wp:post_id>
					<wp:post_date><![CDATA[2024-07-15 09:30:37]]></wp:post_date>
					<wp:post_date_gmt><![CDATA[2024-07-15 09:30:37]]></wp:post_date_gmt>
					<wp:post_modified><![CDATA[2024-07-15 09:30:37]]></wp:post_modified>
					<wp:post_modified_gmt><![CDATA[2024-07-15 09:30:37]]></wp:post_modified_gmt>
					<wp:comment_status><![CDATA[open]]></wp:comment_status>
					<wp:post_name><![CDATA[accessories-blog-img-4]]></wp:post_name>
					<wp:status><![CDATA[inherit]]></wp:status>
					<wp:post_parent>449</wp:post_parent>
					<wp:menu_order>0</wp:menu_order>
					<wp:post_type><![CDATA[attachment]]></wp:post_type>
											<wp:attachment_url><![CDATA[http://dummy.xtemos.com/woodmart2/accessories-gutenberg/wp-content/uploads/sites/26/2024/07/accessories-blog-img-4.jpg]]></wp:attachment_url>
																					<wp:postmeta>
							<wp:meta_key><![CDATA[_wp_attached_file]]></wp:meta_key>
							<wp:meta_value><![CDATA[2024/07/accessories-blog-img-4.jpg]]></wp:meta_value>
						</wp:postmeta>
										</item>
								<item>
					<title><![CDATA[accessories-blog-img-5]]></title>
					<link>https://dummy.xtemos.com/woodmart2/accessories-gutenberg/2024/07/15/exploring-atlantas-modern-homes-2/accessories-blog-img-5/</link>
					<pubDate>Mon, 15 Jul 2024 09:30:38 +0000</pubDate>
					<dc:creator><![CDATA[maksimkliakhin]]></dc:creator>
					<guid isPermaLink="false">http://dummy.xtemos.com/woodmart2/accessories-gutenberg/wp-content/uploads/sites/26/2024/07/accessories-blog-img-5.jpg</guid>
															<wp:post_id>465</wp:post_id>
					<wp:post_date><![CDATA[2024-07-15 09:30:38]]></wp:post_date>
					<wp:post_date_gmt><![CDATA[2024-07-15 09:30:38]]></wp:post_date_gmt>
					<wp:post_modified><![CDATA[2024-07-15 09:30:38]]></wp:post_modified>
					<wp:post_modified_gmt><![CDATA[2024-07-15 09:30:38]]></wp:post_modified_gmt>
					<wp:comment_status><![CDATA[open]]></wp:comment_status>
					<wp:post_name><![CDATA[accessories-blog-img-5]]></wp:post_name>
					<wp:status><![CDATA[inherit]]></wp:status>
					<wp:post_parent>449</wp:post_parent>
					<wp:menu_order>0</wp:menu_order>
					<wp:post_type><![CDATA[attachment]]></wp:post_type>
											<wp:attachment_url><![CDATA[http://dummy.xtemos.com/woodmart2/accessories-gutenberg/wp-content/uploads/sites/26/2024/07/accessories-blog-img-5.jpg]]></wp:attachment_url>
																					<wp:postmeta>
							<wp:meta_key><![CDATA[_wp_attached_file]]></wp:meta_key>
							<wp:meta_value><![CDATA[2024/07/accessories-blog-img-5.jpg]]></wp:meta_value>
						</wp:postmeta>
										</item>
								<item>
					<title><![CDATA[accessories-blog-img-6]]></title>
					<link>https://dummy.xtemos.com/woodmart2/accessories-gutenberg/2024/07/15/exploring-atlantas-modern-homes-2/accessories-blog-img-6/</link>
					<pubDate>Mon, 15 Jul 2024 09:30:39 +0000</pubDate>
					<dc:creator><![CDATA[maksimkliakhin]]></dc:creator>
					<guid isPermaLink="false">http://dummy.xtemos.com/woodmart2/accessories-gutenberg/wp-content/uploads/sites/26/2024/07/accessories-blog-img-6.jpg</guid>
															<wp:post_id>466</wp:post_id>
					<wp:post_date><![CDATA[2024-07-15 09:30:39]]></wp:post_date>
					<wp:post_date_gmt><![CDATA[2024-07-15 09:30:39]]></wp:post_date_gmt>
					<wp:post_modified><![CDATA[2024-07-15 09:30:39]]></wp:post_modified>
					<wp:post_modified_gmt><![CDATA[2024-07-15 09:30:39]]></wp:post_modified_gmt>
					<wp:comment_status><![CDATA[open]]></wp:comment_status>
					<wp:post_name><![CDATA[accessories-blog-img-6]]></wp:post_name>
					<wp:status><![CDATA[inherit]]></wp:status>
					<wp:post_parent>449</wp:post_parent>
					<wp:menu_order>0</wp:menu_order>
					<wp:post_type><![CDATA[attachment]]></wp:post_type>
											<wp:attachment_url><![CDATA[http://dummy.xtemos.com/woodmart2/accessories-gutenberg/wp-content/uploads/sites/26/2024/07/accessories-blog-img-6.jpg]]></wp:attachment_url>
																					<wp:postmeta>
							<wp:meta_key><![CDATA[_wp_attached_file]]></wp:meta_key>
							<wp:meta_value><![CDATA[2024/07/accessories-blog-img-6.jpg]]></wp:meta_value>
						</wp:postmeta>
										</item>
								<item>
					<title><![CDATA[accessories-blog-img-8]]></title>
					<link>https://dummy.xtemos.com/woodmart2/accessories-gutenberg/2024/07/15/exploring-atlantas-modern-homes-2/accessories-blog-img-8/</link>
					<pubDate>Mon, 15 Jul 2024 09:30:40 +0000</pubDate>
					<dc:creator><![CDATA[maksimkliakhin]]></dc:creator>
					<guid isPermaLink="false">http://dummy.xtemos.com/woodmart2/accessories-gutenberg/wp-content/uploads/sites/26/2024/07/accessories-blog-img-8.jpg</guid>
															<wp:post_id>468</wp:post_id>
					<wp:post_date><![CDATA[2024-07-15 09:30:40]]></wp:post_date>
					<wp:post_date_gmt><![CDATA[2024-07-15 09:30:40]]></wp:post_date_gmt>
					<wp:post_modified><![CDATA[2024-07-15 09:30:40]]></wp:post_modified>
					<wp:post_modified_gmt><![CDATA[2024-07-15 09:30:40]]></wp:post_modified_gmt>
					<wp:comment_status><![CDATA[open]]></wp:comment_status>
					<wp:post_name><![CDATA[accessories-blog-img-8]]></wp:post_name>
					<wp:status><![CDATA[inherit]]></wp:status>
					<wp:post_parent>449</wp:post_parent>
					<wp:menu_order>0</wp:menu_order>
					<wp:post_type><![CDATA[attachment]]></wp:post_type>
											<wp:attachment_url><![CDATA[http://dummy.xtemos.com/woodmart2/accessories-gutenberg/wp-content/uploads/sites/26/2024/07/accessories-blog-img-8.jpg]]></wp:attachment_url>
																					<wp:postmeta>
							<wp:meta_key><![CDATA[_wp_attached_file]]></wp:meta_key>
							<wp:meta_value><![CDATA[2024/07/accessories-blog-img-8.jpg]]></wp:meta_value>
						</wp:postmeta>
										</item>
								<item>
					<title><![CDATA[accessories-blog-img-9]]></title>
					<link>https://dummy.xtemos.com/woodmart2/accessories-gutenberg/2024/07/15/exploring-atlantas-modern-homes-2/accessories-blog-img-9/</link>
					<pubDate>Mon, 15 Jul 2024 09:30:41 +0000</pubDate>
					<dc:creator><![CDATA[maksimkliakhin]]></dc:creator>
					<guid isPermaLink="false">http://dummy.xtemos.com/woodmart2/accessories-gutenberg/wp-content/uploads/sites/26/2024/07/accessories-blog-img-9.jpg</guid>
															<wp:post_id>469</wp:post_id>
					<wp:post_date><![CDATA[2024-07-15 09:30:41]]></wp:post_date>
					<wp:post_date_gmt><![CDATA[2024-07-15 09:30:41]]></wp:post_date_gmt>
					<wp:post_modified><![CDATA[2024-07-15 09:30:41]]></wp:post_modified>
					<wp:post_modified_gmt><![CDATA[2024-07-15 09:30:41]]></wp:post_modified_gmt>
					<wp:comment_status><![CDATA[open]]></wp:comment_status>
					<wp:post_name><![CDATA[accessories-blog-img-9]]></wp:post_name>
					<wp:status><![CDATA[inherit]]></wp:status>
					<wp:post_parent>449</wp:post_parent>
					<wp:menu_order>0</wp:menu_order>
					<wp:post_type><![CDATA[attachment]]></wp:post_type>
											<wp:attachment_url><![CDATA[http://dummy.xtemos.com/woodmart2/accessories-gutenberg/wp-content/uploads/sites/26/2024/07/accessories-blog-img-9.jpg]]></wp:attachment_url>
																					<wp:postmeta>
							<wp:meta_key><![CDATA[_wp_attached_file]]></wp:meta_key>
							<wp:meta_value><![CDATA[2024/07/accessories-blog-img-9.jpg]]></wp:meta_value>
						</wp:postmeta>
										</item>
								<item>
					<title><![CDATA[placeholder]]></title>
					<link>https://dummy.xtemos.com/woodmart2/accessories-gutenberg/faqs/placeholder/</link>
					<pubDate>Mon, 15 Jul 2024 13:00:03 +0000</pubDate>
					<dc:creator><![CDATA[maksimkliakhin]]></dc:creator>
					<guid isPermaLink="false">http://dummy.xtemos.com/woodmart2/accessories-gutenberg/wp-content/uploads/sites/26/2024/07/placeholder.svg</guid>
															<wp:post_id>623</wp:post_id>
					<wp:post_date><![CDATA[2024-07-15 13:00:03]]></wp:post_date>
					<wp:post_date_gmt><![CDATA[2024-07-15 13:00:03]]></wp:post_date_gmt>
					<wp:post_modified><![CDATA[2024-07-15 13:00:03]]></wp:post_modified>
					<wp:post_modified_gmt><![CDATA[2024-07-15 13:00:03]]></wp:post_modified_gmt>
					<wp:comment_status><![CDATA[open]]></wp:comment_status>
					<wp:post_name><![CDATA[placeholder]]></wp:post_name>
					<wp:status><![CDATA[inherit]]></wp:status>
					<wp:post_parent>170</wp:post_parent>
					<wp:menu_order>0</wp:menu_order>
					<wp:post_type><![CDATA[attachment]]></wp:post_type>
											<wp:attachment_url><![CDATA[http://dummy.xtemos.com/woodmart2/accessories-gutenberg/wp-content/uploads/sites/26/2024/07/placeholder.svg]]></wp:attachment_url>
																					<wp:postmeta>
							<wp:meta_key><![CDATA[_wp_attached_file]]></wp:meta_key>
							<wp:meta_value><![CDATA[2024/07/placeholder.svg]]></wp:meta_value>
						</wp:postmeta>
										</item>
								<item>
					<title><![CDATA[accessories-single-post-img-5-opt]]></title>
					<link>https://dummy.xtemos.com/woodmart2/accessories-gutenberg/2024/07/15/exploring-atlantas-modern-homes-2/accessories-single-post-img-5-opt/</link>
					<pubDate>Tue, 16 Jul 2024 07:51:29 +0000</pubDate>
					<dc:creator><![CDATA[maksimkliakhin]]></dc:creator>
					<guid isPermaLink="false">http://dummy.xtemos.com/woodmart2/accessories-gutenberg/wp-content/uploads/sites/26/2024/07/accessories-single-post-img-5-opt.jpg</guid>
															<wp:post_id>762</wp:post_id>
					<wp:post_date><![CDATA[2024-07-16 07:51:29]]></wp:post_date>
					<wp:post_date_gmt><![CDATA[2024-07-16 07:51:29]]></wp:post_date_gmt>
					<wp:post_modified><![CDATA[2024-07-16 07:51:29]]></wp:post_modified>
					<wp:post_modified_gmt><![CDATA[2024-07-16 07:51:29]]></wp:post_modified_gmt>
					<wp:comment_status><![CDATA[open]]></wp:comment_status>
					<wp:post_name><![CDATA[accessories-single-post-img-5-opt]]></wp:post_name>
					<wp:status><![CDATA[inherit]]></wp:status>
					<wp:post_parent>449</wp:post_parent>
					<wp:menu_order>0</wp:menu_order>
					<wp:post_type><![CDATA[attachment]]></wp:post_type>
											<wp:attachment_url><![CDATA[http://dummy.xtemos.com/woodmart2/accessories-gutenberg/wp-content/uploads/sites/26/2024/07/accessories-single-post-img-5-opt.jpg]]></wp:attachment_url>
																					<wp:postmeta>
							<wp:meta_key><![CDATA[_wp_attached_file]]></wp:meta_key>
							<wp:meta_value><![CDATA[2024/07/accessories-single-post-img-5-opt.jpg]]></wp:meta_value>
						</wp:postmeta>
										</item>
								<item>
					<title><![CDATA[accessories-single-post-img-4-opt]]></title>
					<link>https://dummy.xtemos.com/woodmart2/accessories-gutenberg/2024/07/15/exploring-atlantas-modern-homes-2/accessories-single-post-img-4-opt/</link>
					<pubDate>Tue, 16 Jul 2024 07:51:38 +0000</pubDate>
					<dc:creator><![CDATA[maksimkliakhin]]></dc:creator>
					<guid isPermaLink="false">http://dummy.xtemos.com/woodmart2/accessories-gutenberg/wp-content/uploads/sites/26/2024/07/accessories-single-post-img-4-opt.jpg</guid>
															<wp:post_id>763</wp:post_id>
					<wp:post_date><![CDATA[2024-07-16 07:51:38]]></wp:post_date>
					<wp:post_date_gmt><![CDATA[2024-07-16 07:51:38]]></wp:post_date_gmt>
					<wp:post_modified><![CDATA[2024-07-16 07:51:38]]></wp:post_modified>
					<wp:post_modified_gmt><![CDATA[2024-07-16 07:51:38]]></wp:post_modified_gmt>
					<wp:comment_status><![CDATA[open]]></wp:comment_status>
					<wp:post_name><![CDATA[accessories-single-post-img-4-opt]]></wp:post_name>
					<wp:status><![CDATA[inherit]]></wp:status>
					<wp:post_parent>449</wp:post_parent>
					<wp:menu_order>0</wp:menu_order>
					<wp:post_type><![CDATA[attachment]]></wp:post_type>
											<wp:attachment_url><![CDATA[http://dummy.xtemos.com/woodmart2/accessories-gutenberg/wp-content/uploads/sites/26/2024/07/accessories-single-post-img-4-opt.jpg]]></wp:attachment_url>
																					<wp:postmeta>
							<wp:meta_key><![CDATA[_wp_attached_file]]></wp:meta_key>
							<wp:meta_value><![CDATA[2024/07/accessories-single-post-img-4-opt.jpg]]></wp:meta_value>
						</wp:postmeta>
										</item>
								<item>
					<title><![CDATA[accessories-single-post-img-8-opt]]></title>
					<link>https://dummy.xtemos.com/woodmart2/accessories-gutenberg/2024/07/15/exploring-atlantas-modern-homes-2/accessories-single-post-img-8-opt/</link>
					<pubDate>Tue, 16 Jul 2024 07:57:05 +0000</pubDate>
					<dc:creator><![CDATA[maksimkliakhin]]></dc:creator>
					<guid isPermaLink="false">http://dummy.xtemos.com/woodmart2/accessories-gutenberg/wp-content/uploads/sites/26/2024/07/accessories-single-post-img-8-opt.jpg</guid>
															<wp:post_id>769</wp:post_id>
					<wp:post_date><![CDATA[2024-07-16 07:57:05]]></wp:post_date>
					<wp:post_date_gmt><![CDATA[2024-07-16 07:57:05]]></wp:post_date_gmt>
					<wp:post_modified><![CDATA[2024-07-16 07:57:05]]></wp:post_modified>
					<wp:post_modified_gmt><![CDATA[2024-07-16 07:57:05]]></wp:post_modified_gmt>
					<wp:comment_status><![CDATA[open]]></wp:comment_status>
					<wp:post_name><![CDATA[accessories-single-post-img-8-opt]]></wp:post_name>
					<wp:status><![CDATA[inherit]]></wp:status>
					<wp:post_parent>449</wp:post_parent>
					<wp:menu_order>0</wp:menu_order>
					<wp:post_type><![CDATA[attachment]]></wp:post_type>
											<wp:attachment_url><![CDATA[http://dummy.xtemos.com/woodmart2/accessories-gutenberg/wp-content/uploads/sites/26/2024/07/accessories-single-post-img-8-opt.jpg]]></wp:attachment_url>
																					<wp:postmeta>
							<wp:meta_key><![CDATA[_wp_attached_file]]></wp:meta_key>
							<wp:meta_value><![CDATA[2024/07/accessories-single-post-img-8-opt.jpg]]></wp:meta_value>
						</wp:postmeta>
										</item>
								<item>
					<title><![CDATA[accessories-single-post-img-3-opt]]></title>
					<link>https://dummy.xtemos.com/woodmart2/accessories-gutenberg/2024/07/15/exploring-atlantas-modern-homes-2/accessories-single-post-img-3-opt/</link>
					<pubDate>Tue, 16 Jul 2024 07:57:42 +0000</pubDate>
					<dc:creator><![CDATA[maksimkliakhin]]></dc:creator>
					<guid isPermaLink="false">http://dummy.xtemos.com/woodmart2/accessories-gutenberg/wp-content/uploads/sites/26/2024/07/accessories-single-post-img-3-opt.jpg</guid>
															<wp:post_id>770</wp:post_id>
					<wp:post_date><![CDATA[2024-07-16 07:57:42]]></wp:post_date>
					<wp:post_date_gmt><![CDATA[2024-07-16 07:57:42]]></wp:post_date_gmt>
					<wp:post_modified><![CDATA[2024-07-16 07:57:42]]></wp:post_modified>
					<wp:post_modified_gmt><![CDATA[2024-07-16 07:57:42]]></wp:post_modified_gmt>
					<wp:comment_status><![CDATA[open]]></wp:comment_status>
					<wp:post_name><![CDATA[accessories-single-post-img-3-opt]]></wp:post_name>
					<wp:status><![CDATA[inherit]]></wp:status>
					<wp:post_parent>449</wp:post_parent>
					<wp:menu_order>0</wp:menu_order>
					<wp:post_type><![CDATA[attachment]]></wp:post_type>
											<wp:attachment_url><![CDATA[http://dummy.xtemos.com/woodmart2/accessories-gutenberg/wp-content/uploads/sites/26/2024/07/accessories-single-post-img-3-opt.jpg]]></wp:attachment_url>
																					<wp:postmeta>
							<wp:meta_key><![CDATA[_wp_attached_file]]></wp:meta_key>
							<wp:meta_value><![CDATA[2024/07/accessories-single-post-img-3-opt.jpg]]></wp:meta_value>
						</wp:postmeta>
										</item>
								<item>
					<title><![CDATA[accessories-single-post-img-9-opt]]></title>
					<link>https://dummy.xtemos.com/woodmart2/accessories-gutenberg/2024/07/15/green-interior-design-inspiration-2/accessories-single-post-img-9-opt/</link>
					<pubDate>Tue, 16 Jul 2024 08:25:48 +0000</pubDate>
					<dc:creator><![CDATA[maksimkliakhin]]></dc:creator>
					<guid isPermaLink="false">http://dummy.xtemos.com/woodmart2/accessories-gutenberg/wp-content/uploads/sites/26/2024/07/accessories-single-post-img-9-opt.jpg</guid>
															<wp:post_id>780</wp:post_id>
					<wp:post_date><![CDATA[2024-07-16 08:25:48]]></wp:post_date>
					<wp:post_date_gmt><![CDATA[2024-07-16 08:25:48]]></wp:post_date_gmt>
					<wp:post_modified><![CDATA[2024-07-16 08:25:48]]></wp:post_modified>
					<wp:post_modified_gmt><![CDATA[2024-07-16 08:25:48]]></wp:post_modified_gmt>
					<wp:comment_status><![CDATA[open]]></wp:comment_status>
					<wp:post_name><![CDATA[accessories-single-post-img-9-opt]]></wp:post_name>
					<wp:status><![CDATA[inherit]]></wp:status>
					<wp:post_parent>447</wp:post_parent>
					<wp:menu_order>0</wp:menu_order>
					<wp:post_type><![CDATA[attachment]]></wp:post_type>
											<wp:attachment_url><![CDATA[http://dummy.xtemos.com/woodmart2/accessories-gutenberg/wp-content/uploads/sites/26/2024/07/accessories-single-post-img-9-opt.jpg]]></wp:attachment_url>
																					<wp:postmeta>
							<wp:meta_key><![CDATA[_wp_attached_file]]></wp:meta_key>
							<wp:meta_value><![CDATA[2024/07/accessories-single-post-img-9-opt.jpg]]></wp:meta_value>
						</wp:postmeta>
										</item>
								<item>
					<title><![CDATA[accessories-single-post-img-1-opt]]></title>
					<link>https://dummy.xtemos.com/woodmart2/accessories-gutenberg/2024/07/15/new-home-decor-from-john-doerson/accessories-single-post-img-1-opt/</link>
					<pubDate>Tue, 16 Jul 2024 08:35:27 +0000</pubDate>
					<dc:creator><![CDATA[maksimkliakhin]]></dc:creator>
					<guid isPermaLink="false">http://dummy.xtemos.com/woodmart2/accessories-gutenberg/wp-content/uploads/sites/26/2024/07/accessories-single-post-img-1-opt.jpg</guid>
															<wp:post_id>793</wp:post_id>
					<wp:post_date><![CDATA[2024-07-16 08:35:27]]></wp:post_date>
					<wp:post_date_gmt><![CDATA[2024-07-16 08:35:27]]></wp:post_date_gmt>
					<wp:post_modified><![CDATA[2024-07-16 08:35:27]]></wp:post_modified>
					<wp:post_modified_gmt><![CDATA[2024-07-16 08:35:27]]></wp:post_modified_gmt>
					<wp:comment_status><![CDATA[open]]></wp:comment_status>
					<wp:post_name><![CDATA[accessories-single-post-img-1-opt]]></wp:post_name>
					<wp:status><![CDATA[inherit]]></wp:status>
					<wp:post_parent>439</wp:post_parent>
					<wp:menu_order>0</wp:menu_order>
					<wp:post_type><![CDATA[attachment]]></wp:post_type>
											<wp:attachment_url><![CDATA[http://dummy.xtemos.com/woodmart2/accessories-gutenberg/wp-content/uploads/sites/26/2024/07/accessories-single-post-img-1-opt.jpg]]></wp:attachment_url>
																					<wp:postmeta>
							<wp:meta_key><![CDATA[_wp_attached_file]]></wp:meta_key>
							<wp:meta_value><![CDATA[2024/07/accessories-single-post-img-1-opt.jpg]]></wp:meta_value>
						</wp:postmeta>
										</item>
								<item>
					<title><![CDATA[accessories-single-post-img-7-opt]]></title>
					<link>https://dummy.xtemos.com/woodmart2/accessories-gutenberg/2024/07/15/new-home-decor-from-john-doerson/accessories-single-post-img-7-opt/</link>
					<pubDate>Tue, 16 Jul 2024 08:35:52 +0000</pubDate>
					<dc:creator><![CDATA[maksimkliakhin]]></dc:creator>
					<guid isPermaLink="false">http://dummy.xtemos.com/woodmart2/accessories-gutenberg/wp-content/uploads/sites/26/2024/07/accessories-single-post-img-7-opt.jpg</guid>
															<wp:post_id>794</wp:post_id>
					<wp:post_date><![CDATA[2024-07-16 08:35:52]]></wp:post_date>
					<wp:post_date_gmt><![CDATA[2024-07-16 08:35:52]]></wp:post_date_gmt>
					<wp:post_modified><![CDATA[2024-07-16 08:35:52]]></wp:post_modified>
					<wp:post_modified_gmt><![CDATA[2024-07-16 08:35:52]]></wp:post_modified_gmt>
					<wp:comment_status><![CDATA[open]]></wp:comment_status>
					<wp:post_name><![CDATA[accessories-single-post-img-7-opt]]></wp:post_name>
					<wp:status><![CDATA[inherit]]></wp:status>
					<wp:post_parent>439</wp:post_parent>
					<wp:menu_order>0</wp:menu_order>
					<wp:post_type><![CDATA[attachment]]></wp:post_type>
											<wp:attachment_url><![CDATA[http://dummy.xtemos.com/woodmart2/accessories-gutenberg/wp-content/uploads/sites/26/2024/07/accessories-single-post-img-7-opt.jpg]]></wp:attachment_url>
																					<wp:postmeta>
							<wp:meta_key><![CDATA[_wp_attached_file]]></wp:meta_key>
							<wp:meta_value><![CDATA[2024/07/accessories-single-post-img-7-opt.jpg]]></wp:meta_value>
						</wp:postmeta>
										</item>
								<item>
					<title><![CDATA[accessories-single-post-img-6-opt]]></title>
					<link>https://dummy.xtemos.com/woodmart2/accessories-gutenberg/2024/07/15/creative-water-features-and-exterior/accessories-single-post-img-6-opt/</link>
					<pubDate>Tue, 16 Jul 2024 08:49:29 +0000</pubDate>
					<dc:creator><![CDATA[maksimkliakhin]]></dc:creator>
					<guid isPermaLink="false">http://dummy.xtemos.com/woodmart2/accessories-gutenberg/wp-content/uploads/sites/26/2024/07/accessories-single-post-img-6-opt.jpg</guid>
															<wp:post_id>802</wp:post_id>
					<wp:post_date><![CDATA[2024-07-16 08:49:29]]></wp:post_date>
					<wp:post_date_gmt><![CDATA[2024-07-16 08:49:29]]></wp:post_date_gmt>
					<wp:post_modified><![CDATA[2024-07-16 08:49:29]]></wp:post_modified>
					<wp:post_modified_gmt><![CDATA[2024-07-16 08:49:29]]></wp:post_modified_gmt>
					<wp:comment_status><![CDATA[open]]></wp:comment_status>
					<wp:post_name><![CDATA[accessories-single-post-img-6-opt]]></wp:post_name>
					<wp:status><![CDATA[inherit]]></wp:status>
					<wp:post_parent>441</wp:post_parent>
					<wp:menu_order>0</wp:menu_order>
					<wp:post_type><![CDATA[attachment]]></wp:post_type>
											<wp:attachment_url><![CDATA[http://dummy.xtemos.com/woodmart2/accessories-gutenberg/wp-content/uploads/sites/26/2024/07/accessories-single-post-img-6-opt.jpg]]></wp:attachment_url>
																					<wp:postmeta>
							<wp:meta_key><![CDATA[_wp_attached_file]]></wp:meta_key>
							<wp:meta_value><![CDATA[2024/07/accessories-single-post-img-6-opt.jpg]]></wp:meta_value>
						</wp:postmeta>
										</item>
								<item>
					<title><![CDATA[accessories-single-post-img-2-opt]]></title>
					<link>https://dummy.xtemos.com/woodmart2/accessories-gutenberg/2024/07/15/creative-water-features-and-exterior/accessories-single-post-img-2-opt/</link>
					<pubDate>Tue, 16 Jul 2024 08:52:05 +0000</pubDate>
					<dc:creator><![CDATA[maksimkliakhin]]></dc:creator>
					<guid isPermaLink="false">http://dummy.xtemos.com/woodmart2/accessories-gutenberg/wp-content/uploads/sites/26/2024/07/accessories-single-post-img-2-opt.jpg</guid>
															<wp:post_id>803</wp:post_id>
					<wp:post_date><![CDATA[2024-07-16 08:52:05]]></wp:post_date>
					<wp:post_date_gmt><![CDATA[2024-07-16 08:52:05]]></wp:post_date_gmt>
					<wp:post_modified><![CDATA[2024-07-16 08:52:05]]></wp:post_modified>
					<wp:post_modified_gmt><![CDATA[2024-07-16 08:52:05]]></wp:post_modified_gmt>
					<wp:comment_status><![CDATA[open]]></wp:comment_status>
					<wp:post_name><![CDATA[accessories-single-post-img-2-opt]]></wp:post_name>
					<wp:status><![CDATA[inherit]]></wp:status>
					<wp:post_parent>441</wp:post_parent>
					<wp:menu_order>0</wp:menu_order>
					<wp:post_type><![CDATA[attachment]]></wp:post_type>
											<wp:attachment_url><![CDATA[http://dummy.xtemos.com/woodmart2/accessories-gutenberg/wp-content/uploads/sites/26/2024/07/accessories-single-post-img-2-opt.jpg]]></wp:attachment_url>
																					<wp:postmeta>
							<wp:meta_key><![CDATA[_wp_attached_file]]></wp:meta_key>
							<wp:meta_value><![CDATA[2024/07/accessories-single-post-img-2-opt.jpg]]></wp:meta_value>
						</wp:postmeta>
										</item>
								<item>
					<title><![CDATA[accessories-infobox-1]]></title>
					<link>https://dummy.xtemos.com/woodmart2/accessories-gutenberg/home-accessories/accessories-infobox-1/</link>
					<pubDate>Mon, 15 Jul 2024 06:57:25 +0000</pubDate>
					<dc:creator><![CDATA[maksimkliakhin]]></dc:creator>
					<guid isPermaLink="false">http://dummy.xtemos.com/woodmart2/accessories-gutenberg/wp-content/uploads/sites/26/2024/07/accessories-infobox-1.svg</guid>
															<wp:post_id>357</wp:post_id>
					<wp:post_date><![CDATA[2024-07-15 06:57:25]]></wp:post_date>
					<wp:post_date_gmt><![CDATA[2024-07-15 06:57:25]]></wp:post_date_gmt>
					<wp:post_modified><![CDATA[2024-07-15 06:57:25]]></wp:post_modified>
					<wp:post_modified_gmt><![CDATA[2024-07-15 06:57:25]]></wp:post_modified_gmt>
					<wp:comment_status><![CDATA[open]]></wp:comment_status>
					<wp:post_name><![CDATA[accessories-infobox-1]]></wp:post_name>
					<wp:status><![CDATA[inherit]]></wp:status>
					<wp:post_parent>171</wp:post_parent>
					<wp:menu_order>0</wp:menu_order>
					<wp:post_type><![CDATA[attachment]]></wp:post_type>
											<wp:attachment_url><![CDATA[http://dummy.xtemos.com/woodmart2/accessories-gutenberg/wp-content/uploads/sites/26/2024/07/accessories-infobox-1.svg]]></wp:attachment_url>
																					<wp:postmeta>
							<wp:meta_key><![CDATA[_wp_attached_file]]></wp:meta_key>
							<wp:meta_value><![CDATA[2024/07/accessories-infobox-1.svg]]></wp:meta_value>
						</wp:postmeta>
										</item>
								<item>
					<title><![CDATA[accessories-infobox-2]]></title>
					<link>https://dummy.xtemos.com/woodmart2/accessories-gutenberg/home-accessories/accessories-infobox-2/</link>
					<pubDate>Mon, 15 Jul 2024 06:57:26 +0000</pubDate>
					<dc:creator><![CDATA[maksimkliakhin]]></dc:creator>
					<guid isPermaLink="false">http://dummy.xtemos.com/woodmart2/accessories-gutenberg/wp-content/uploads/sites/26/2024/07/accessories-infobox-2.svg</guid>
															<wp:post_id>358</wp:post_id>
					<wp:post_date><![CDATA[2024-07-15 06:57:26]]></wp:post_date>
					<wp:post_date_gmt><![CDATA[2024-07-15 06:57:26]]></wp:post_date_gmt>
					<wp:post_modified><![CDATA[2024-07-15 06:57:26]]></wp:post_modified>
					<wp:post_modified_gmt><![CDATA[2024-07-15 06:57:26]]></wp:post_modified_gmt>
					<wp:comment_status><![CDATA[open]]></wp:comment_status>
					<wp:post_name><![CDATA[accessories-infobox-2]]></wp:post_name>
					<wp:status><![CDATA[inherit]]></wp:status>
					<wp:post_parent>171</wp:post_parent>
					<wp:menu_order>0</wp:menu_order>
					<wp:post_type><![CDATA[attachment]]></wp:post_type>
											<wp:attachment_url><![CDATA[http://dummy.xtemos.com/woodmart2/accessories-gutenberg/wp-content/uploads/sites/26/2024/07/accessories-infobox-2.svg]]></wp:attachment_url>
																					<wp:postmeta>
							<wp:meta_key><![CDATA[_wp_attached_file]]></wp:meta_key>
							<wp:meta_value><![CDATA[2024/07/accessories-infobox-2.svg]]></wp:meta_value>
						</wp:postmeta>
										</item>
								<item>
					<title><![CDATA[accessories-infobox-3]]></title>
					<link>https://dummy.xtemos.com/woodmart2/accessories-gutenberg/home-accessories/accessories-infobox-3/</link>
					<pubDate>Mon, 15 Jul 2024 06:57:26 +0000</pubDate>
					<dc:creator><![CDATA[maksimkliakhin]]></dc:creator>
					<guid isPermaLink="false">http://dummy.xtemos.com/woodmart2/accessories-gutenberg/wp-content/uploads/sites/26/2024/07/accessories-infobox-3.svg</guid>
															<wp:post_id>359</wp:post_id>
					<wp:post_date><![CDATA[2024-07-15 06:57:26]]></wp:post_date>
					<wp:post_date_gmt><![CDATA[2024-07-15 06:57:26]]></wp:post_date_gmt>
					<wp:post_modified><![CDATA[2024-07-15 06:57:26]]></wp:post_modified>
					<wp:post_modified_gmt><![CDATA[2024-07-15 06:57:26]]></wp:post_modified_gmt>
					<wp:comment_status><![CDATA[open]]></wp:comment_status>
					<wp:post_name><![CDATA[accessories-infobox-3]]></wp:post_name>
					<wp:status><![CDATA[inherit]]></wp:status>
					<wp:post_parent>171</wp:post_parent>
					<wp:menu_order>0</wp:menu_order>
					<wp:post_type><![CDATA[attachment]]></wp:post_type>
											<wp:attachment_url><![CDATA[http://dummy.xtemos.com/woodmart2/accessories-gutenberg/wp-content/uploads/sites/26/2024/07/accessories-infobox-3.svg]]></wp:attachment_url>
																					<wp:postmeta>
							<wp:meta_key><![CDATA[_wp_attached_file]]></wp:meta_key>
							<wp:meta_value><![CDATA[2024/07/accessories-infobox-3.svg]]></wp:meta_value>
						</wp:postmeta>
										</item>
								<item>
					<title><![CDATA[accessories-blog-img-7]]></title>
					<link>https://dummy.xtemos.com/woodmart2/accessories-gutenberg/2024/07/15/exploring-atlantas-modern-homes-2/accessories-blog-img-7/</link>
					<pubDate>Mon, 15 Jul 2024 09:30:40 +0000</pubDate>
					<dc:creator><![CDATA[maksimkliakhin]]></dc:creator>
					<guid isPermaLink="false">http://dummy.xtemos.com/woodmart2/accessories-gutenberg/wp-content/uploads/sites/26/2024/07/accessories-blog-img-7.jpg</guid>
															<wp:post_id>467</wp:post_id>
					<wp:post_date><![CDATA[2024-07-15 09:30:40]]></wp:post_date>
					<wp:post_date_gmt><![CDATA[2024-07-15 09:30:40]]></wp:post_date_gmt>
					<wp:post_modified><![CDATA[2024-07-15 09:30:40]]></wp:post_modified>
					<wp:post_modified_gmt><![CDATA[2024-07-15 09:30:40]]></wp:post_modified_gmt>
					<wp:comment_status><![CDATA[open]]></wp:comment_status>
					<wp:post_name><![CDATA[accessories-blog-img-7]]></wp:post_name>
					<wp:status><![CDATA[inherit]]></wp:status>
					<wp:post_parent>449</wp:post_parent>
					<wp:menu_order>0</wp:menu_order>
					<wp:post_type><![CDATA[attachment]]></wp:post_type>
											<wp:attachment_url><![CDATA[http://dummy.xtemos.com/woodmart2/accessories-gutenberg/wp-content/uploads/sites/26/2024/07/accessories-blog-img-7.jpg]]></wp:attachment_url>
																					<wp:postmeta>
							<wp:meta_key><![CDATA[_wp_attached_file]]></wp:meta_key>
							<wp:meta_value><![CDATA[2024/07/accessories-blog-img-7.jpg]]></wp:meta_value>
						</wp:postmeta>
										</item>
								<item>
					<title><![CDATA[new-arrivals-banner]]></title>
					<link>https://dummy.xtemos.com/woodmart2/accessories-gutenberg/track-order/new-arrivals-banner/</link>
					<pubDate>Mon, 15 Jul 2024 14:03:07 +0000</pubDate>
					<dc:creator><![CDATA[maksimkliakhin]]></dc:creator>
					<guid isPermaLink="false">http://dummy.xtemos.com/woodmart2/accessories-gutenberg/wp-content/uploads/sites/26/2024/07/new-arrivals-banner.jpg</guid>
															<wp:post_id>659</wp:post_id>
					<wp:post_date><![CDATA[2024-07-15 14:03:07]]></wp:post_date>
					<wp:post_date_gmt><![CDATA[2024-07-15 14:03:07]]></wp:post_date_gmt>
					<wp:post_modified><![CDATA[2024-07-15 14:03:07]]></wp:post_modified>
					<wp:post_modified_gmt><![CDATA[2024-07-15 14:03:07]]></wp:post_modified_gmt>
					<wp:comment_status><![CDATA[open]]></wp:comment_status>
					<wp:post_name><![CDATA[new-arrivals-banner]]></wp:post_name>
					<wp:status><![CDATA[inherit]]></wp:status>
					<wp:post_parent>178</wp:post_parent>
					<wp:menu_order>0</wp:menu_order>
					<wp:post_type><![CDATA[attachment]]></wp:post_type>
											<wp:attachment_url><![CDATA[http://dummy.xtemos.com/woodmart2/accessories-gutenberg/wp-content/uploads/sites/26/2024/07/new-arrivals-banner.jpg]]></wp:attachment_url>
																					<wp:postmeta>
							<wp:meta_key><![CDATA[_wp_attached_file]]></wp:meta_key>
							<wp:meta_value><![CDATA[2024/07/new-arrivals-banner.jpg]]></wp:meta_value>
						</wp:postmeta>
										</item>
								<item>
					<title><![CDATA[track-order]]></title>
					<link>https://dummy.xtemos.com/woodmart2/accessories-gutenberg/track-order/track-order-2/</link>
					<pubDate>Mon, 15 Jul 2024 14:03:11 +0000</pubDate>
					<dc:creator><![CDATA[maksimkliakhin]]></dc:creator>
					<guid isPermaLink="false">http://dummy.xtemos.com/woodmart2/accessories-gutenberg/wp-content/uploads/sites/26/2024/07/track-order.jpg</guid>
															<wp:post_id>660</wp:post_id>
					<wp:post_date><![CDATA[2024-07-15 14:03:11]]></wp:post_date>
					<wp:post_date_gmt><![CDATA[2024-07-15 14:03:11]]></wp:post_date_gmt>
					<wp:post_modified><![CDATA[2024-07-15 14:03:11]]></wp:post_modified>
					<wp:post_modified_gmt><![CDATA[2024-07-15 14:03:11]]></wp:post_modified_gmt>
					<wp:comment_status><![CDATA[open]]></wp:comment_status>
					<wp:post_name><![CDATA[track-order-2]]></wp:post_name>
					<wp:status><![CDATA[inherit]]></wp:status>
					<wp:post_parent>178</wp:post_parent>
					<wp:menu_order>0</wp:menu_order>
					<wp:post_type><![CDATA[attachment]]></wp:post_type>
											<wp:attachment_url><![CDATA[http://dummy.xtemos.com/woodmart2/accessories-gutenberg/wp-content/uploads/sites/26/2024/07/track-order.jpg]]></wp:attachment_url>
																					<wp:postmeta>
							<wp:meta_key><![CDATA[_wp_attached_file]]></wp:meta_key>
							<wp:meta_value><![CDATA[2024/07/track-order.jpg]]></wp:meta_value>
						</wp:postmeta>
										</item>
								<item>
					<title><![CDATA[lumen-testimonials-pic-1]]></title>
					<link>https://dummy.xtemos.com/woodmart2/accessories-gutenberg/2024/07/15/sweet-seat-functional-seat-for-it-folks/lumen-testimonials-pic-1/</link>
					<pubDate>Tue, 16 Jul 2024 09:16:12 +0000</pubDate>
					<dc:creator><![CDATA[maksimkliakhin]]></dc:creator>
					<guid isPermaLink="false">http://dummy.xtemos.com/woodmart2/accessories-gutenberg/wp-content/uploads/sites/26/2024/07/lumen-testimonials-pic-1.jpg</guid>
															<wp:post_id>823</wp:post_id>
					<wp:post_date><![CDATA[2024-07-16 09:16:12]]></wp:post_date>
					<wp:post_date_gmt><![CDATA[2024-07-16 09:16:12]]></wp:post_date_gmt>
					<wp:post_modified><![CDATA[2024-07-16 09:16:12]]></wp:post_modified>
					<wp:post_modified_gmt><![CDATA[2024-07-16 09:16:12]]></wp:post_modified_gmt>
					<wp:comment_status><![CDATA[open]]></wp:comment_status>
					<wp:post_name><![CDATA[lumen-testimonials-pic-1]]></wp:post_name>
					<wp:status><![CDATA[inherit]]></wp:status>
					<wp:post_parent>435</wp:post_parent>
					<wp:menu_order>0</wp:menu_order>
					<wp:post_type><![CDATA[attachment]]></wp:post_type>
											<wp:attachment_url><![CDATA[http://dummy.xtemos.com/woodmart2/accessories-gutenberg/wp-content/uploads/sites/26/2024/07/lumen-testimonials-pic-1.jpg]]></wp:attachment_url>
																					<wp:postmeta>
							<wp:meta_key><![CDATA[_wp_attached_file]]></wp:meta_key>
							<wp:meta_value><![CDATA[2024/07/lumen-testimonials-pic-1.jpg]]></wp:meta_value>
						</wp:postmeta>
										</item>
								<item>
					<title><![CDATA[lumen-testimonials-pic-2]]></title>
					<link>https://dummy.xtemos.com/woodmart2/accessories-gutenberg/2024/07/15/sweet-seat-functional-seat-for-it-folks/lumen-testimonials-pic-2/</link>
					<pubDate>Tue, 16 Jul 2024 09:16:12 +0000</pubDate>
					<dc:creator><![CDATA[maksimkliakhin]]></dc:creator>
					<guid isPermaLink="false">http://dummy.xtemos.com/woodmart2/accessories-gutenberg/wp-content/uploads/sites/26/2024/07/lumen-testimonials-pic-2.jpg</guid>
															<wp:post_id>824</wp:post_id>
					<wp:post_date><![CDATA[2024-07-16 09:16:12]]></wp:post_date>
					<wp:post_date_gmt><![CDATA[2024-07-16 09:16:12]]></wp:post_date_gmt>
					<wp:post_modified><![CDATA[2024-07-16 09:16:12]]></wp:post_modified>
					<wp:post_modified_gmt><![CDATA[2024-07-16 09:16:12]]></wp:post_modified_gmt>
					<wp:comment_status><![CDATA[open]]></wp:comment_status>
					<wp:post_name><![CDATA[lumen-testimonials-pic-2]]></wp:post_name>
					<wp:status><![CDATA[inherit]]></wp:status>
					<wp:post_parent>435</wp:post_parent>
					<wp:menu_order>0</wp:menu_order>
					<wp:post_type><![CDATA[attachment]]></wp:post_type>
											<wp:attachment_url><![CDATA[http://dummy.xtemos.com/woodmart2/accessories-gutenberg/wp-content/uploads/sites/26/2024/07/lumen-testimonials-pic-2.jpg]]></wp:attachment_url>
																					<wp:postmeta>
							<wp:meta_key><![CDATA[_wp_attached_file]]></wp:meta_key>
							<wp:meta_value><![CDATA[2024/07/lumen-testimonials-pic-2.jpg]]></wp:meta_value>
						</wp:postmeta>
										</item>
								<item>
					<title><![CDATA[lumen-testimonials-pic-3]]></title>
					<link>https://dummy.xtemos.com/woodmart2/accessories-gutenberg/2024/07/15/sweet-seat-functional-seat-for-it-folks/lumen-testimonials-pic-3/</link>
					<pubDate>Tue, 16 Jul 2024 09:16:13 +0000</pubDate>
					<dc:creator><![CDATA[maksimkliakhin]]></dc:creator>
					<guid isPermaLink="false">http://dummy.xtemos.com/woodmart2/accessories-gutenberg/wp-content/uploads/sites/26/2024/07/lumen-testimonials-pic-3.jpg</guid>
															<wp:post_id>825</wp:post_id>
					<wp:post_date><![CDATA[2024-07-16 09:16:13]]></wp:post_date>
					<wp:post_date_gmt><![CDATA[2024-07-16 09:16:13]]></wp:post_date_gmt>
					<wp:post_modified><![CDATA[2024-07-16 09:16:13]]></wp:post_modified>
					<wp:post_modified_gmt><![CDATA[2024-07-16 09:16:13]]></wp:post_modified_gmt>
					<wp:comment_status><![CDATA[open]]></wp:comment_status>
					<wp:post_name><![CDATA[lumen-testimonials-pic-3]]></wp:post_name>
					<wp:status><![CDATA[inherit]]></wp:status>
					<wp:post_parent>435</wp:post_parent>
					<wp:menu_order>0</wp:menu_order>
					<wp:post_type><![CDATA[attachment]]></wp:post_type>
											<wp:attachment_url><![CDATA[http://dummy.xtemos.com/woodmart2/accessories-gutenberg/wp-content/uploads/sites/26/2024/07/lumen-testimonials-pic-3.jpg]]></wp:attachment_url>
																					<wp:postmeta>
							<wp:meta_key><![CDATA[_wp_attached_file]]></wp:meta_key>
							<wp:meta_value><![CDATA[2024/07/lumen-testimonials-pic-3.jpg]]></wp:meta_value>
						</wp:postmeta>
										</item>
				</channel>
</rss>
	