<?xml version="1.0" encoding="UTF-8" ?>
	<!-- This is a WordPress eXtended RSS file generated by WordPress as an export of your site. -->
	<!-- It contains information about your site's posts, pages, comments, categories, and other content. -->
	<!-- You may use this file to transfer that content from one site to another. -->
	<!-- This file is not intended to serve as a complete backup of your site. -->

	<!-- To import this information into a WordPress site follow these steps: -->
	<!-- 1. Log in to that site as an administrator. -->
	<!-- 2. Go to Tools: Import in the WordPress admin panel. -->
	<!-- 3. Install the "WordPress" importer from the list. -->
	<!-- 4. Activate & Run Importer. -->
	<!-- 5. Upload this file using the form provided on that page. -->
	<!-- 6. You will first be asked to map the authors in this export file to users -->
	<!--    on the site. For each author, you may choose to map to an -->
	<!--    existing user on the site or to create a new user. -->
	<!-- 7. WordPress will then import each of the posts, pages, comments, categories, etc. -->
	<!--    contained in this file into your site. -->

	<!-- generator="WordPress/6.5.5" created="2024-10-25 08:24" -->
<rss version="2.0"
	xmlns:excerpt="http://wordpress.org/export/1.2/excerpt/"
	xmlns:content="http://purl.org/rss/1.0/modules/content/"
	xmlns:wfw="http://wellformedweb.org/CommentAPI/"
	xmlns:dc="http://purl.org/dc/elements/1.1/"
	xmlns:wp="http://wordpress.org/export/1.2/"
>

<channel>
	<title>Gutenberg base</title>
	<link>https://dummy.xtemos.com/woodmart2/gutenberg</link>
	<description></description>
	<pubDate>Fri, 25 Oct 2024 08:24:31 +0000</pubDate>
	<language>en-US</language>
	<wp:wxr_version>1.2</wp:wxr_version>
	<wp:base_site_url>https://dummy.xtemos.com/woodmart2/</wp:base_site_url>
	<wp:base_blog_url>https://dummy.xtemos.com/woodmart2/gutenberg</wp:base_blog_url>

		<wp:author><wp:author_id>2</wp:author_id><wp:author_login><![CDATA[zakhar]]></wp:author_login><wp:author_email><![CDATA[zak@asda.as]]></wp:author_email><wp:author_display_name><![CDATA[Mr. Mackay]]></wp:author_display_name><wp:author_first_name><![CDATA[sds]]></wp:author_first_name><wp:author_last_name><![CDATA[scssc]]></wp:author_last_name></wp:author>
	<wp:author><wp:author_id>491</wp:author_id><wp:author_login><![CDATA[maksimkliakhin]]></wp:author_login><wp:author_email><![CDATA[m.kliakhin@gmail.com]]></wp:author_email><wp:author_display_name><![CDATA[Ethan Smith]]></wp:author_display_name><wp:author_first_name><![CDATA[Ethan]]></wp:author_first_name><wp:author_last_name><![CDATA[Smith]]></wp:author_last_name></wp:author>

					<wp:term>
			<wp:term_id>0</wp:term_id>
			<wp:term_taxonomy><![CDATA[]]></wp:term_taxonomy>
			<wp:term_slug><![CDATA[]]></wp:term_slug>
			<wp:term_parent><![CDATA[]]></wp:term_parent>
					</wp:term>
		
	<generator>https://wordpress.org/?v=6.5.5</generator>

					<item>
					<title><![CDATA[promo-popup]]></title>
					<link>https://dummy.xtemos.com/woodmart2/gutenberg/promo-popup-2/</link>
					<pubDate>Mon, 19 Jul 2021 11:35:48 +0000</pubDate>
					<dc:creator><![CDATA[zakhar]]></dc:creator>
					<guid isPermaLink="false">http://dummy.xtemos.com/woodmart2/gutenberg/wp-content/uploads/sites/24/2021/07/promo-popup.jpg</guid>
															<wp:post_id>936</wp:post_id>
					<wp:post_date><![CDATA[2021-07-19 11:35:48]]></wp:post_date>
					<wp:post_date_gmt><![CDATA[2021-07-19 11:35:48]]></wp:post_date_gmt>
					<wp:post_modified><![CDATA[2024-04-16 13:18:51]]></wp:post_modified>
					<wp:post_modified_gmt><![CDATA[2024-04-16 13:18:51]]></wp:post_modified_gmt>
					<wp:comment_status><![CDATA[open]]></wp:comment_status>
					<wp:post_name><![CDATA[promo-popup-2]]></wp:post_name>
					<wp:status><![CDATA[inherit]]></wp:status>
					<wp:post_parent>0</wp:post_parent>
					<wp:menu_order>0</wp:menu_order>
					<wp:post_type><![CDATA[attachment]]></wp:post_type>
											<wp:attachment_url><![CDATA[https://dummy.xtemos.com/woodmart2/gutenberg/wp-content/uploads/sites/24/2021/07/promo-popup.jpg]]></wp:attachment_url>
																					<wp:postmeta>
							<wp:meta_key><![CDATA[_wp_attached_file]]></wp:meta_key>
							<wp:meta_value><![CDATA[2021/07/promo-popup.jpg]]></wp:meta_value>
						</wp:postmeta>
										</item>
								<item>
					<title><![CDATA[page-title-shop]]></title>
					<link>https://dummy.xtemos.com/woodmart2/gutenberg/page-title-shop/</link>
					<pubDate>Fri, 23 Jul 2021 06:08:22 +0000</pubDate>
					<dc:creator><![CDATA[zakhar]]></dc:creator>
					<guid isPermaLink="false">http://dummy.xtemos.com/woodmart2/gutenberg/wp-content/uploads/sites/24/2021/07/page-title-shop.jpg</guid>
															<wp:post_id>1177</wp:post_id>
					<wp:post_date><![CDATA[2021-07-23 06:08:22]]></wp:post_date>
					<wp:post_date_gmt><![CDATA[2021-07-23 06:08:22]]></wp:post_date_gmt>
					<wp:post_modified><![CDATA[2024-04-16 13:18:51]]></wp:post_modified>
					<wp:post_modified_gmt><![CDATA[2024-04-16 13:18:51]]></wp:post_modified_gmt>
					<wp:comment_status><![CDATA[open]]></wp:comment_status>
					<wp:post_name><![CDATA[page-title-shop]]></wp:post_name>
					<wp:status><![CDATA[inherit]]></wp:status>
					<wp:post_parent>0</wp:post_parent>
					<wp:menu_order>0</wp:menu_order>
					<wp:post_type><![CDATA[attachment]]></wp:post_type>
											<wp:attachment_url><![CDATA[https://dummy.xtemos.com/woodmart2/gutenberg/wp-content/uploads/sites/24/2021/07/page-title-shop.jpg]]></wp:attachment_url>
																					<wp:postmeta>
							<wp:meta_key><![CDATA[_wp_attached_file]]></wp:meta_key>
							<wp:meta_value><![CDATA[2021/07/page-title-shop.jpg]]></wp:meta_value>
						</wp:postmeta>
										</item>
								<item>
					<title><![CDATA[Home Boxed]]></title>
					<link>https://dummy.xtemos.com/woodmart2/gutenberg/home-boxed/</link>
					<pubDate>Fri, 05 Jul 2024 13:42:19 +0000</pubDate>
					<dc:creator><![CDATA[maksimkliakhin]]></dc:creator>
					<guid isPermaLink="false">https://dummy.xtemos.com/woodmart2/gutenberg/?page_id=24805</guid>
											<content:encoded><![CDATA[<!-- wp:wd/slider {"blockId":"5e6ee921-c3c4-473f-8924-59fd2153896e","effect":"parallax","autoplay":true,"autoplaySpeed":"25000","height":"600","bgImage":{"id":"","url":""},"bgPosition":"center center","marginTop":"-40","marginBottom":"50","heightTablet":"540","heightMobile":"720"} -->
<div id="wd-5e6ee921" class="wp-block-wd-slider wd-slider wd-carousel-container wd-anim-parallax"><div class="wd-carousel-inner"><div class="wd-carousel wd-grid" data-effect="parallax" data-wrap="yes" data-autoheight="yes" data-sliding_speed="700" style="--wd-col-lg:1;--wd-col-md:1;--wd-col-sm:1" data-autoplay="yes" data-speed="25000"><div class="wd-carousel-wrap"><!-- wp:wd/slider-item {"blockId":"c8afa8ac-fb42-4238-af13-d1f2a158e216","align":"flex-start","effect":"parallax","bgImage":{"id":24821,"url":"https://dummy.xtemos.com/woodmart2/gutenberg/wp-content/uploads/sites/24/2024/07/boxed-slide-1.jpg"},"bgColorCode":"#f8f8f8","justifyMobile":"flex-start","paddingTopMobile":"80","paddingRightMobile":"15","paddingLeftMobile":"15"} -->
<div id="wd-c8afa8ac" class="wp-block-wd-slider-item wd-slide wd-carousel-item"><div class="wd-slide-container"><!-- wp:wd/title {"blockId":"1a4fb497-fe5b-4137-8e0c-eeaae5bd4f6e","content":"Standard - Soft Triangle","tpFontFamily":"var(\u002d\u002dwd-text-font)","tpFontSize":"64","tpLineHeight":"1.2","tpFontVariant":"400","tpFontWeight":"400","animation":"slide-from-left","animationDelay":"200","animationDuration":"600","displayWidth":"custom","customWidth":"400","tpFontSizeTablet":"44","tpFontSizeMobile":"38","tpLineHeightUnits":"em","displayWidthMobile":"custom","customWidthMobile":"260"} -->
<h2 id="wd-1a4fb497" class="wp-block-wd-title title wd-animation wd-transform wd-animation-slide-from-left wd_delay_200 wd-custom-width">Standard - Soft Triangle</h2>
<!-- /wp:wd/title -->

<!-- wp:wd/paragraph {"blockId":"82cb9c51-f657-4d40-866c-68fd8287e9d4","tpFontSize":"24","marginBottom":"10","animation":"slide-from-left","animationDelay":"250","animationDuration":"600","hideOnTablet":true,"hideOnMobile":true} -->
<p id="wd-82cb9c51" class="wp-block-wd-paragraph wd-hide-md-sm wd-hide-sm wd-animation wd-transform wd-animation-slide-from-left wd_delay_250">Small Table made of Solid Wood.</p>
<!-- /wp:wd/paragraph -->

<!-- wp:wd/button {"blockId":"db2ce4a7-122e-48fa-b700-73c2a6374ed3","predefinedColor":"black","size":"large","animation":"slide-from-left","animationDelay":"300","animationDuration":"600"} -->
<a id="wd-db2ce4a7" class="wp-block-wd-button btn btn-style-default btn-color-black btn-size-large btn-shape-rectangle wd-animation wd-transform wd-animation-slide-from-left wd_delay_300" href="#"><span>shop now</span></a>
<!-- /wp:wd/button --></div><div class="wd-slide-bg wd-fill"></div></div>
<!-- /wp:wd/slider-item -->

<!-- wp:wd/slider-item {"blockId":"a02cbccb-5323-4d32-8af2-caa8c8e4bb47","align":"flex-start","effect":"parallax","bgImage":{"id":24822,"url":"https://dummy.xtemos.com/woodmart2/gutenberg/wp-content/uploads/sites/24/2024/07/boxed-slide-2.jpg"},"bgColorCode":"#f8f8f8","justifyMobile":"flex-start","paddingTopMobile":"80","paddingRightMobile":"15","paddingLeftMobile":"15"} -->
<div id="wd-a02cbccb" class="wp-block-wd-slider-item wd-slide wd-carousel-item"><div class="wd-slide-container"><!-- wp:wd/title {"blockId":"20a19595-d906-4b66-bed4-f4418e87f6ca","content":"Minisophie -Table Lamp","tpFontFamily":"var(\u002d\u002dwd-text-font)","tpFontSize":"64","tpLineHeight":"1.2","tpFontVariant":"400","tpFontWeight":"400","animation":"slide-from-left","animationDelay":"200","animationDuration":"600","displayWidth":"custom","customWidth":"420","tpFontSizeTablet":"44","tpFontSizeMobile":"38","tpLineHeightUnits":"em","displayWidthMobile":"custom"} -->
<h2 id="wd-20a19595" class="wp-block-wd-title title wd-animation wd-transform wd-animation-slide-from-left wd_delay_200 wd-custom-width">Minisophie -Table Lamp</h2>
<!-- /wp:wd/title -->

<!-- wp:wd/paragraph {"blockId":"90728675-00e6-4ff7-ba38-c1d57dd9de16","tpFontSize":"24","marginBottom":"10","animation":"slide-from-left","animationDelay":"250","animationDuration":"600","hideOnTablet":true,"hideOnMobile":true} -->
<p id="wd-90728675" class="wp-block-wd-paragraph wd-hide-md-sm wd-hide-sm wd-animation wd-transform wd-animation-slide-from-left wd_delay_250">Table Lamp with Industrial Charm.</p>
<!-- /wp:wd/paragraph -->

<!-- wp:wd/button {"blockId":"64504141-f770-4de1-af25-137aa5fa1338","predefinedColor":"black","size":"large","animation":"slide-from-left","animationDelay":"300","animationDuration":"600"} -->
<a id="wd-64504141" class="wp-block-wd-button btn btn-style-default btn-color-black btn-size-large btn-shape-rectangle wd-animation wd-transform wd-animation-slide-from-left wd_delay_300" href="#"><span>shop now</span></a>
<!-- /wp:wd/button --></div><div class="wd-slide-bg wd-fill"></div></div>
<!-- /wp:wd/slider-item -->

<!-- wp:wd/slider-item {"blockId":"b3f6fc49-d101-423b-9ab8-2e089c0678f5","align":"flex-start","effect":"parallax","bgImage":{"id":24823,"url":"https://dummy.xtemos.com/woodmart2/gutenberg/wp-content/uploads/sites/24/2024/07/boxed-slide-3.jpg"},"bgColorCode":"#f8f8f8","justifyMobile":"flex-start","paddingTopMobile":"80","paddingRightMobile":"15","paddingLeftMobile":"15"} -->
<div id="wd-b3f6fc49" class="wp-block-wd-slider-item wd-slide wd-carousel-item"><div class="wd-slide-container"><!-- wp:wd/title {"blockId":"b67683cb-e0ee-4c23-9abf-5eb8daf10f2f","content":"Iittala - Lantern Candleholder","tpFontFamily":"var(\u002d\u002dwd-text-font)","tpFontSize":"64","tpLineHeight":"1.2","tpFontVariant":"400","tpFontWeight":"400","animation":"slide-from-left","animationDelay":"200","animationDuration":"600","displayWidth":"custom","customWidth":"500","tpFontSizeTablet":"44","tpFontSizeMobile":"38","tpLineHeightUnits":"em","displayWidthMobile":"custom"} -->
<h2 id="wd-b67683cb" class="wp-block-wd-title title wd-animation wd-transform wd-animation-slide-from-left wd_delay_200 wd-custom-width">Iittala - Lantern Candleholder</h2>
<!-- /wp:wd/title -->

<!-- wp:wd/paragraph {"blockId":"0683d851-4b6a-4488-8974-8eba40e90d31","tpFontSize":"24","marginBottom":"10","animation":"slide-from-left","animationDelay":"250","animationDuration":"600","hideOnTablet":true,"hideOnMobile":true} -->
<p id="wd-0683d851" class="wp-block-wd-paragraph wd-hide-md-sm wd-hide-sm wd-animation wd-transform wd-animation-slide-from-left wd_delay_250">Small Table made of Solid Wood.</p>
<!-- /wp:wd/paragraph -->

<!-- wp:wd/button {"blockId":"60d4de38-2d85-44b5-8fdc-79fc9d4bb792","predefinedColor":"black","size":"large","animation":"slide-from-left","animationDelay":"300","animationDuration":"600"} -->
<a id="wd-60d4de38" class="wp-block-wd-button btn btn-style-default btn-color-black btn-size-large btn-shape-rectangle wd-animation wd-transform wd-animation-slide-from-left wd_delay_300" href="#"><span>shop now</span></a>
<!-- /wp:wd/button --></div><div class="wd-slide-bg wd-fill"></div></div>
<!-- /wp:wd/slider-item --></div></div><div class="wd-nav-arrows wd-slider-arrows wd-custom-style wd-pos-sep wd-style-1 color-scheme-dark"><div class="wd-btn-arrow wd-prev"><div class="wd-arrow-inner"></div></div><div class="wd-btn-arrow wd-next"><div class="wd-arrow-inner"></div></div></div></div><div class="wd-nav-pagin-wrap wd-slider-pagin wd-custom-style wd-style-shape-1 color-scheme-dark"><ul class="wd-nav-pagin"></ul></div></div>
<!-- /wp:wd/slider -->

<!-- wp:wd/row {"blockId":"a83ee6b2-e5e2-40e0-a7ce-8a229863f4d1","paddingBottom":"50","marginBottom":"50","borderType":"solid","borderColorCode":"#e6e6e6","borderWidthBottom":"1","borderWidthLock":false,"columnsGapTablet":40} -->
<div id="wd-a83ee6b2" class="wp-block-wd-row"><!-- wp:wd/column {"blockId":"4f11aeed-b7cb-44a5-ba5f-5f821c272004","adjacentCount":3,"adjacentCountTablet":1,"colWidthTablet":100} -->
<div id="wd-4f11aeed" class="wp-block-wd-column"><!-- wp:wd/infobox {"blockId":"d955c263-929a-4748-b28e-e9e1c9ab7cff","iconPositionHorizontal":"start","iconPositionVertical":"center"} -->
<div id="wd-d955c263" class="wp-block-wd-infobox wd-hover-parent wd-icon-start"><!-- wp:wd/icon {"blockId":"e98a72d0-5ab6-4087-91b6-4c0e3e07dfe1","type":"text","tpFontSize":"74","colorVariable":"\u002d\u002dwd-primary-color","tpFontSizeTablet":"52"} -->
<div id="wd-e98a72d0" class="wp-block-wd-icon wd-with-text"><span class="wd-text-icon">01.</span></div>
<!-- /wp:wd/icon -->

<!-- wp:wd/container {"blockId":"6c392af7-ecd1-4a88-b4df-7f01aacef588","metadata":{"name":"Infobox content"}} -->
<div id="wd-6c392af7" class="wp-block-wd-container wd-dir-col"><!-- wp:wd/title {"blockId":"dbc56ac8-289b-42a1-8f6f-28c717bd0626","content":"CHOOSE PRODUCTS","tpFontSize":"16"} -->
<h2 id="wd-dbc56ac8" class="wp-block-wd-title title">CHOOSE PRODUCTS</h2>
<!-- /wp:wd/title -->

<!-- wp:wd/paragraph {"blockId":"47efef31-1dfe-438d-823c-1218c2e1c09e"} -->
<p id="wd-47efef31" class="wp-block-wd-paragraph">Due card providers to our credit card prov iders condit.</p>
<!-- /wp:wd/paragraph --></div>
<!-- /wp:wd/container --></div>
<!-- /wp:wd/infobox --></div>
<!-- /wp:wd/column -->

<!-- wp:wd/column {"blockId":"da68e506-20f0-447d-84f3-83ff4da589c4","adjacentCount":3,"adjacentCountTablet":1,"colWidthTablet":100} -->
<div id="wd-da68e506" class="wp-block-wd-column"><!-- wp:wd/infobox {"blockId":"0c8d63f0-54cc-4567-aa14-e32e7f313fc7","iconPositionHorizontal":"start","iconPositionVertical":"center"} -->
<div id="wd-0c8d63f0" class="wp-block-wd-infobox wd-hover-parent wd-icon-start"><!-- wp:wd/icon {"blockId":"dbe89ade-7d6f-4afd-8742-4cab6a79ab34","type":"text","tpFontSize":"74","colorVariable":"\u002d\u002dwd-primary-color","tpFontSizeTablet":"52"} -->
<div id="wd-dbe89ade" class="wp-block-wd-icon wd-with-text"><span class="wd-text-icon">02.</span></div>
<!-- /wp:wd/icon -->

<!-- wp:wd/container {"blockId":"a09427c1-59f4-4a57-a7c3-5f00196e8184","metadata":{"name":"Infobox content"}} -->
<div id="wd-a09427c1" class="wp-block-wd-container wd-dir-col"><!-- wp:wd/title {"blockId":"18087b9c-8a13-4e8d-81df-daf39b95cbfa","content":"PAYMENT \u0026amp; DELIVERY","tpFontSize":"16"} -->
<h2 id="wd-18087b9c" class="wp-block-wd-title title">PAYMENT &amp; DELIVERY</h2>
<!-- /wp:wd/title -->

<!-- wp:wd/paragraph {"blockId":"a864f00f-4723-4184-a5ad-7579750bb784"} -->
<p id="wd-a864f00f" class="wp-block-wd-paragraph">Due card providers to our credit card prov iders condit.</p>
<!-- /wp:wd/paragraph --></div>
<!-- /wp:wd/container --></div>
<!-- /wp:wd/infobox --></div>
<!-- /wp:wd/column -->

<!-- wp:wd/column {"blockId":"f857ee19-61f6-484e-8293-f1a596bf26c8","adjacentCount":3,"adjacentCountTablet":1,"colWidthTablet":100} -->
<div id="wd-f857ee19" class="wp-block-wd-column"><!-- wp:wd/infobox {"blockId":"da6368bd-4e21-415b-8f8a-3e00d0b9b6fd","iconPositionHorizontal":"start","iconPositionVertical":"center"} -->
<div id="wd-da6368bd" class="wp-block-wd-infobox wd-hover-parent wd-icon-start"><!-- wp:wd/icon {"blockId":"ba3c4f9d-a957-47a1-b7ec-af3d7ce67b17","type":"text","tpFontSize":"74","colorVariable":"\u002d\u002dwd-primary-color","tpFontSizeTablet":"52"} -->
<div id="wd-ba3c4f9d" class="wp-block-wd-icon wd-with-text"><span class="wd-text-icon">03.</span></div>
<!-- /wp:wd/icon -->

<!-- wp:wd/container {"blockId":"3bd58f9f-4e86-452c-9d6e-df6dc14875b9","metadata":{"name":"Infobox content"}} -->
<div id="wd-3bd58f9f" class="wp-block-wd-container wd-dir-col"><!-- wp:wd/title {"blockId":"a61d99cd-e35a-4b54-9dc4-6de45cf1b76d","content":"HAPPY CUSTOMER","tpFontSize":"16"} -->
<h2 id="wd-a61d99cd" class="wp-block-wd-title title">HAPPY CUSTOMER</h2>
<!-- /wp:wd/title -->

<!-- wp:wd/paragraph {"blockId":"85abca56-8679-4bea-b3f4-ff8ea66dc9c2"} -->
<p id="wd-85abca56" class="wp-block-wd-paragraph">Due card providers to our credit card prov iders condit.</p>
<!-- /wp:wd/paragraph --></div>
<!-- /wp:wd/container --></div>
<!-- /wp:wd/infobox --></div>
<!-- /wp:wd/column --></div>
<!-- /wp:wd/row -->

<!-- wp:wd/container {"blockId":"02244786-5b9a-4104-99c4-5e1e345b2612","direction":"row","justify":"space-between","align":"end","wrap":"wrap"} -->
<div id="wd-02244786" class="wp-block-wd-container wd-dir-row wd-align-is-lg-end"><!-- wp:wd/title {"blockId":"375d4865-3c6a-469c-a7e2-00f5cc52b34e","design":"simple","content":"TRENDING PRODUCTS​","tpFontSize":"26","activeBorderColorVariable":"\u002d\u002dwd-primary-color","tpFontSizeTablet":"22","tpFontSizeMobile":"20"} -->
<h2 id="wd-375d4865" class="wp-block-wd-title title wd-design-simple"><span>TRENDING PRODUCTS​</span></h2>
<!-- /wp:wd/title -->

<!-- wp:wd/button {"blockId":"e732b28e-5b6f-4733-b452-e3a4e6b8d0c7","design":"link","predefinedColor":"primary"} -->
<a id="wd-e732b28e" class="wp-block-wd-button btn btn-style-link btn-color-primary btn-size-default" href="#"><span>view all products</span></a>
<!-- /wp:wd/button --></div>
<!-- /wp:wd/container -->

<!-- wp:wd/products {"blockId":"2b01c311-a4e8-4ca5-b1a1-766e2dc62c3f","items_per_page":"8","pagination":"more-btn","marginBottom":"80","marginBottomTablet":"60"} /-->

<!-- wp:wd/row {"blockId":"6e15cbe2-bedf-4615-b240-457da8b0920d","columnsGap":20,"marginBottom":"60","marginBottomTablet":"65","marginBottomMobile":"45"} -->
<div id="wd-6e15cbe2" class="wp-block-wd-row"><!-- wp:wd/column {"blockId":"3ad583f4-d6f2-4e4a-81c1-75772fe6a04e","adjacentCount":2,"adjacentCountTablet":1,"colWidthTablet":100} -->
<div id="wd-3ad583f4" class="wp-block-wd-column"><!-- wp:wd/cover {"blockId":"74e43c10-bc57-4ec1-8b51-9028b3344e49","hover":"zoom-in","align":"end","contentAlignHorizontal":"end","contentAlignVertical":"center","size":"aspectRatio","aspectRatio":"asImage","imageAspectRatio":"800/427","bgImage":{"id":24810,"url":"https://dummy.xtemos.com/woodmart2/gutenberg/wp-content/uploads/sites/24/2024/07/boxed-banner-1.jpg"},"aspectRatioTablet":"asImage"} -->
<div id="wd-74e43c10" class="wp-block-wd-cover wd-hover-parent wd-align wd-hover-zoom-in"><div class="wd-block-cover-img"></div><a class="wd-block-cover-link wd-fill" href="#" aria-label="Cover link"></a><!-- wp:wd/container {"blockId":"cfc543bd-6790-437e-a36e-fdb3731c8e86","rowGap":"5","transformTranslateY":"35","transformParentHoverTranslateY":"0","transitionTransform":0.3,"displayWidth":"custom","customWidth":"290","transformTranslateYTablet":"0","transformTranslateYMobile":"35","transformParentHoverTranslateYMobile":"35","metadata":{"name":"Banner content"}} -->
<div id="wd-cfc543bd" class="wp-block-wd-container wd-dir-col wd-custom-width wd-transform"><!-- wp:wd/paragraph {"blockId":"8280d596-e82f-430d-9073-017a9f592fb5","colorCode":"#a5a5a5","tpFontSizeTablet":"12"} -->
<p id="wd-8280d596" class="wp-block-wd-paragraph">FOSCARINI</p>
<!-- /wp:wd/paragraph -->

<!-- wp:wd/title {"blockId":"b722b611-c6b7-4ca4-9867-7a83f4929290","content":"TOLOMEO FLOOR LAMP","tpFontSize":"36","tpFontSizeTablet":"22","displayWidthTablet":"custom","customWidthTablet":"150"} -->
<h2 id="wd-b722b611" class="wp-block-wd-title title wd-custom-width">TOLOMEO FLOOR LAMP</h2>
<!-- /wp:wd/title -->

<!-- wp:wd/paragraph {"blockId":"5d7894ff-8604-4598-b803-3a723005e9f2","marginBottom":"10","displayWidth":"custom","customWidth":"200"} -->
<p id="wd-5d7894ff" class="wp-block-wd-paragraph wd-custom-width">Ut noner velit praesent sagit, parturient vestibulum.</p>
<!-- /wp:wd/paragraph -->

<!-- wp:wd/button {"blockId":"e7bf45d7-593e-4524-955c-9dccce8838f2","predefinedColor":"black","transitionOpacity":0.3,"opacity":0,"opacityParentHover":1,"opacityTablet":1,"opacityMobile":0,"opacityParentHoverMobile":0} -->
<a id="wd-e7bf45d7" class="wp-block-wd-button btn btn-style-default btn-color-black btn-size-default btn-shape-rectangle" href="#"><span>shop now</span></a>
<!-- /wp:wd/button --></div>
<!-- /wp:wd/container --></div>
<!-- /wp:wd/cover --></div>
<!-- /wp:wd/column -->

<!-- wp:wd/column {"blockId":"ed1cb40b-6c1b-494c-bb5f-edfc91e567dd","adjacentCount":2,"adjacentCountTablet":1,"colWidthTablet":100} -->
<div id="wd-ed1cb40b" class="wp-block-wd-column"><!-- wp:wd/cover {"blockId":"c2593cf2-7522-4ae9-8bbc-a04f46974345","hover":"zoom-in","align":"end","contentAlignHorizontal":"end","contentAlignVertical":"center","size":"aspectRatio","aspectRatio":"asImage","imageAspectRatio":"800/427","bgImage":{"id":24811,"url":"https://dummy.xtemos.com/woodmart2/gutenberg/wp-content/uploads/sites/24/2024/07/boxed-banner-2.jpg"}} -->
<div id="wd-c2593cf2" class="wp-block-wd-cover wd-hover-parent wd-align wd-hover-zoom-in"><div class="wd-block-cover-img"></div><a class="wd-block-cover-link wd-fill" href="#" aria-label="Cover link"></a><!-- wp:wd/container {"blockId":"86558062-cc3d-4c2a-8e65-34bbfc7f562a","rowGap":"5","transformTranslateY":"35","transformParentHoverTranslateY":"0","transitionTransform":0.3,"displayWidth":"custom","customWidth":"225","transformTranslateYTablet":"0","transformTranslateYMobile":"35","transformParentHoverTranslateYMobile":"35","metadata":{"name":"Banner content"}} -->
<div id="wd-86558062" class="wp-block-wd-container wd-dir-col wd-custom-width wd-transform"><!-- wp:wd/paragraph {"blockId":"d90c9ec6-e040-4d12-8872-08bfc22fd737","colorCode":"#a5a5a5","tpFontSizeTablet":"12"} -->
<p id="wd-d90c9ec6" class="wp-block-wd-paragraph">ANDERSEN</p>
<!-- /wp:wd/paragraph -->

<!-- wp:wd/title {"blockId":"5213b16f-ed39-47d8-8bbf-89f68cf7095f","content":"MARION SIDE TABLE","tpFontSize":"36","tpFontSizeTablet":"22","displayWidthTablet":"custom","customWidthTablet":"140"} -->
<h2 id="wd-5213b16f" class="wp-block-wd-title title wd-custom-width">MARION SIDE TABLE</h2>
<!-- /wp:wd/title -->

<!-- wp:wd/paragraph {"blockId":"36358912-0920-4816-a663-47de21962eeb","marginBottom":"10","displayWidth":"custom","customWidth":"200"} -->
<p id="wd-36358912" class="wp-block-wd-paragraph wd-custom-width">Tempus a justo lobortis dis,<br>suspend porta antere.</p>
<!-- /wp:wd/paragraph -->

<!-- wp:wd/button {"blockId":"0004a5f8-7b69-4e69-a53c-80f8a42fb5bc","predefinedColor":"black","transitionOpacity":0.3,"opacity":0,"opacityParentHover":1,"opacityTablet":1,"opacityMobile":0,"opacityParentHoverMobile":0} -->
<a id="wd-0004a5f8" class="wp-block-wd-button btn btn-style-default btn-color-black btn-size-default btn-shape-rectangle" href="#"><span>shop now</span></a>
<!-- /wp:wd/button --></div>
<!-- /wp:wd/container --></div>
<!-- /wp:wd/cover --></div>
<!-- /wp:wd/column --></div>
<!-- /wp:wd/row -->

<!-- wp:wd/row {"blockId":"d34bd1a4-81b4-4339-938e-9d93aa9abe92","marginBottom":"20","marginBottomMobile":"0"} -->
<div id="wd-d34bd1a4" class="wp-block-wd-row"><!-- wp:wd/column {"blockId":"27542fa6-4d74-4b85-a940-5aabff4a5526","adjacentCount":4,"adjacentCountTablet":2,"colWidthTablet":50} -->
<div id="wd-27542fa6" class="wp-block-wd-column"><!-- wp:wd/products {"blockId":"e736568f-e51d-4ff1-881b-a2bba582a69a","show_title":true,"columns":1,"spacing":"30","items_per_page":"3","product_hover":"small","img_size":"custom","imgSizeCustomWidth":"65","imgSizeCustomHeight":"75","products_divider":true,"columnsMobile":1,"spacingMobile":"30"} -->
<!-- wp:wd/title {"blockId":"70baa362-9beb-41e3-98fc-f8e1647ba7fd","content":"NEW PRODUCTS","tpFontSize":"18","tpFontSizeMobile":"20"} -->
<h2 id="wd-70baa362" class="wp-block-wd-title title">NEW PRODUCTS</h2>
<!-- /wp:wd/title -->
<!-- /wp:wd/products --></div>
<!-- /wp:wd/column -->

<!-- wp:wd/column {"blockId":"31d50c7d-9fb9-47bc-b450-954a665a45bb","adjacentCount":4,"adjacentCountTablet":2,"colWidthTablet":50} -->
<div id="wd-31d50c7d" class="wp-block-wd-column"><!-- wp:wd/products {"blockId":"1ffd929d-310f-4d98-842f-782911d8c318","show_title":true,"order":"DESC","columns":1,"spacing":"30","items_per_page":"3","product_hover":"small","img_size":"custom","imgSizeCustomWidth":"65","imgSizeCustomHeight":"75","products_divider":true,"columnsMobile":1,"spacingMobile":"30"} -->
<!-- wp:wd/title {"blockId":"adc761e0-9192-4de9-a5a9-4942d3af07fe","content":"FEATURED","tpFontSize":"18","tpFontSizeMobile":"20"} -->
<h2 id="wd-adc761e0" class="wp-block-wd-title title">FEATURED</h2>
<!-- /wp:wd/title -->
<!-- /wp:wd/products --></div>
<!-- /wp:wd/column -->

<!-- wp:wd/column {"blockId":"84ac4569-ee63-40f4-85a7-12d1c88c3a67","adjacentCount":4,"adjacentCountTablet":2,"colWidthTablet":50} -->
<div id="wd-84ac4569" class="wp-block-wd-column"><!-- wp:wd/products {"blockId":"a4237330-e812-4bb4-9311-d24ea8976172","show_title":true,"order":"","columns":1,"spacing":"30","items_per_page":"3","product_hover":"small","img_size":"custom","imgSizeCustomWidth":"65","imgSizeCustomHeight":"75","products_divider":true,"columnsMobile":1,"spacingMobile":"30"} -->
<!-- wp:wd/title {"blockId":"76c7a61e-6c76-4cf9-8b36-bf23aa704be6","content":"SALE PRODUCTS","tpFontSize":"18","tpFontSizeMobile":"20"} -->
<h2 id="wd-76c7a61e" class="wp-block-wd-title title">SALE PRODUCTS</h2>
<!-- /wp:wd/title -->
<!-- /wp:wd/products --></div>
<!-- /wp:wd/column -->

<!-- wp:wd/column {"blockId":"0b857722-f41a-4548-b116-c80af43986a1","adjacentCount":4,"adjacentCountTablet":2,"colWidthTablet":50} -->
<div id="wd-0b857722" class="wp-block-wd-column"><!-- wp:wd/title {"blockId":"8667f3b5-fb33-425f-81dd-4f0a0fae3d93","content":"INSTAGRAM","tpFontSize":"18","tpFontSizeMobile":"20"} -->
<h2 id="wd-8667f3b5" class="wp-block-wd-title title">INSTAGRAM</h2>
<!-- /wp:wd/title -->

<!-- wp:wd/instagram {"blockId":"0b979884-b3e0-4760-b72f-2e3fd2b8308e","images":[{"id":24820,"url":"https://dummy.xtemos.com/woodmart2/gutenberg/wp-content/uploads/sites/24/2024/07/boxed-inst-9.jpg","width":360,"height":360},{"id":24819,"url":"https://dummy.xtemos.com/woodmart2/gutenberg/wp-content/uploads/sites/24/2024/07/boxed-inst-8.jpg","width":360,"height":360},{"id":24818,"url":"https://dummy.xtemos.com/woodmart2/gutenberg/wp-content/uploads/sites/24/2024/07/boxed-inst-7.jpg","width":360,"height":360},{"id":24816,"url":"https://dummy.xtemos.com/woodmart2/gutenberg/wp-content/uploads/sites/24/2024/07/boxed-inst-5.jpg","width":360,"height":360},{"id":24817,"url":"https://dummy.xtemos.com/woodmart2/gutenberg/wp-content/uploads/sites/24/2024/07/boxed-inst-6.jpg","width":360,"height":360},{"id":24815,"url":"https://dummy.xtemos.com/woodmart2/gutenberg/wp-content/uploads/sites/24/2024/07/boxed-inst-4.jpg","width":360,"height":360},{"id":24813,"url":"https://dummy.xtemos.com/woodmart2/gutenberg/wp-content/uploads/sites/24/2024/07/boxed-inst-2.jpg","width":360,"height":360},{"id":24814,"url":"https://dummy.xtemos.com/woodmart2/gutenberg/wp-content/uploads/sites/24/2024/07/boxed-inst-3.jpg","width":360,"height":360},{"id":24812,"url":"https://dummy.xtemos.com/woodmart2/gutenberg/wp-content/uploads/sites/24/2024/07/boxed-inst-1.jpg","width":360,"height":360}],"images_link":"#","spacing_custom":"6","show_meta":false,"per_rowMobile":3} -->
<!-- wp:wd/container {"blockId":"42d5579e-eca6-4ab1-96d5-41b98f3f0721"} -->
<div id="wd-42d5579e" class="wp-block-wd-container wd-dir-col"></div>
<!-- /wp:wd/container -->
<!-- /wp:wd/instagram --></div>
<!-- /wp:wd/column --></div>
<!-- /wp:wd/row -->]]></content:encoded>
															<wp:post_id>24805</wp:post_id>
					<wp:post_date><![CDATA[2024-07-05 13:42:19]]></wp:post_date>
					<wp:post_date_gmt><![CDATA[2024-07-05 13:42:19]]></wp:post_date_gmt>
					<wp:post_modified><![CDATA[2024-10-18 11:29:09]]></wp:post_modified>
					<wp:post_modified_gmt><![CDATA[2024-10-18 11:29:09]]></wp:post_modified_gmt>
					<wp:comment_status><![CDATA[closed]]></wp:comment_status>
					<wp:post_name><![CDATA[home-boxed]]></wp:post_name>
					<wp:status><![CDATA[publish]]></wp:status>
					<wp:post_parent>0</wp:post_parent>
					<wp:menu_order>0</wp:menu_order>
					<wp:post_type><![CDATA[page]]></wp:post_type>
																					<wp:postmeta>
							<wp:meta_key><![CDATA[_woodmart_whb_header]]></wp:meta_key>
							<wp:meta_value><![CDATA[none]]></wp:meta_value>
						</wp:postmeta>
												<wp:postmeta>
							<wp:meta_key><![CDATA[_woodmart_title_off]]></wp:meta_key>
							<wp:meta_value><![CDATA[on]]></wp:meta_value>
						</wp:postmeta>
												<wp:postmeta>
							<wp:meta_key><![CDATA[_woodmart_page-title-size]]></wp:meta_key>
							<wp:meta_value><![CDATA[inherit]]></wp:meta_value>
						</wp:postmeta>
												<wp:postmeta>
							<wp:meta_key><![CDATA[_woodmart_title_image]]></wp:meta_key>
							<wp:meta_value><![CDATA[a:2:{s:3:"url";s:0:"";s:2:"id";s:0:"";}]]></wp:meta_value>
						</wp:postmeta>
												<wp:postmeta>
							<wp:meta_key><![CDATA[_woodmart_main_layout]]></wp:meta_key>
							<wp:meta_value><![CDATA[full-width]]></wp:meta_value>
						</wp:postmeta>
										</item>
								<item>
					<title><![CDATA[boxed-banner-1]]></title>
					<link>https://dummy.xtemos.com/woodmart2/gutenberg/boxed-banner-1/</link>
					<pubDate>Fri, 05 Jul 2024 13:59:06 +0000</pubDate>
					<dc:creator><![CDATA[maksimkliakhin]]></dc:creator>
					<guid isPermaLink="false">https://dummy.xtemos.com/woodmart2/gutenberg/wp-content/uploads/sites/24/2024/07/boxed-banner-1.jpg</guid>
															<wp:post_id>24810</wp:post_id>
					<wp:post_date><![CDATA[2024-07-05 13:59:06]]></wp:post_date>
					<wp:post_date_gmt><![CDATA[2024-07-05 13:59:06]]></wp:post_date_gmt>
					<wp:post_modified><![CDATA[2024-07-05 13:59:06]]></wp:post_modified>
					<wp:post_modified_gmt><![CDATA[2024-07-05 13:59:06]]></wp:post_modified_gmt>
					<wp:comment_status><![CDATA[open]]></wp:comment_status>
					<wp:post_name><![CDATA[boxed-banner-1]]></wp:post_name>
					<wp:status><![CDATA[inherit]]></wp:status>
					<wp:post_parent>0</wp:post_parent>
					<wp:menu_order>0</wp:menu_order>
					<wp:post_type><![CDATA[attachment]]></wp:post_type>
											<wp:attachment_url><![CDATA[https://dummy.xtemos.com/woodmart2/gutenberg/wp-content/uploads/sites/24/2024/07/boxed-banner-1.jpg]]></wp:attachment_url>
																					<wp:postmeta>
							<wp:meta_key><![CDATA[_wp_attached_file]]></wp:meta_key>
							<wp:meta_value><![CDATA[2024/07/boxed-banner-1.jpg]]></wp:meta_value>
						</wp:postmeta>
										</item>
								<item>
					<title><![CDATA[boxed-banner-2]]></title>
					<link>https://dummy.xtemos.com/woodmart2/gutenberg/boxed-banner-2/</link>
					<pubDate>Fri, 05 Jul 2024 13:59:07 +0000</pubDate>
					<dc:creator><![CDATA[maksimkliakhin]]></dc:creator>
					<guid isPermaLink="false">https://dummy.xtemos.com/woodmart2/gutenberg/wp-content/uploads/sites/24/2024/07/boxed-banner-2.jpg</guid>
															<wp:post_id>24811</wp:post_id>
					<wp:post_date><![CDATA[2024-07-05 13:59:07]]></wp:post_date>
					<wp:post_date_gmt><![CDATA[2024-07-05 13:59:07]]></wp:post_date_gmt>
					<wp:post_modified><![CDATA[2024-07-05 13:59:07]]></wp:post_modified>
					<wp:post_modified_gmt><![CDATA[2024-07-05 13:59:07]]></wp:post_modified_gmt>
					<wp:comment_status><![CDATA[open]]></wp:comment_status>
					<wp:post_name><![CDATA[boxed-banner-2]]></wp:post_name>
					<wp:status><![CDATA[inherit]]></wp:status>
					<wp:post_parent>0</wp:post_parent>
					<wp:menu_order>0</wp:menu_order>
					<wp:post_type><![CDATA[attachment]]></wp:post_type>
											<wp:attachment_url><![CDATA[https://dummy.xtemos.com/woodmart2/gutenberg/wp-content/uploads/sites/24/2024/07/boxed-banner-2.jpg]]></wp:attachment_url>
																					<wp:postmeta>
							<wp:meta_key><![CDATA[_wp_attached_file]]></wp:meta_key>
							<wp:meta_value><![CDATA[2024/07/boxed-banner-2.jpg]]></wp:meta_value>
						</wp:postmeta>
										</item>
								<item>
					<title><![CDATA[boxed-inst-1]]></title>
					<link>https://dummy.xtemos.com/woodmart2/gutenberg/boxed-inst-1/</link>
					<pubDate>Fri, 05 Jul 2024 13:59:07 +0000</pubDate>
					<dc:creator><![CDATA[maksimkliakhin]]></dc:creator>
					<guid isPermaLink="false">https://dummy.xtemos.com/woodmart2/gutenberg/wp-content/uploads/sites/24/2024/07/boxed-inst-1.jpg</guid>
															<wp:post_id>24812</wp:post_id>
					<wp:post_date><![CDATA[2024-07-05 13:59:07]]></wp:post_date>
					<wp:post_date_gmt><![CDATA[2024-07-05 13:59:07]]></wp:post_date_gmt>
					<wp:post_modified><![CDATA[2024-07-05 13:59:07]]></wp:post_modified>
					<wp:post_modified_gmt><![CDATA[2024-07-05 13:59:07]]></wp:post_modified_gmt>
					<wp:comment_status><![CDATA[open]]></wp:comment_status>
					<wp:post_name><![CDATA[boxed-inst-1]]></wp:post_name>
					<wp:status><![CDATA[inherit]]></wp:status>
					<wp:post_parent>0</wp:post_parent>
					<wp:menu_order>0</wp:menu_order>
					<wp:post_type><![CDATA[attachment]]></wp:post_type>
											<wp:attachment_url><![CDATA[https://dummy.xtemos.com/woodmart2/gutenberg/wp-content/uploads/sites/24/2024/07/boxed-inst-1.jpg]]></wp:attachment_url>
																					<wp:postmeta>
							<wp:meta_key><![CDATA[_wp_attached_file]]></wp:meta_key>
							<wp:meta_value><![CDATA[2024/07/boxed-inst-1.jpg]]></wp:meta_value>
						</wp:postmeta>
										</item>
								<item>
					<title><![CDATA[boxed-inst-2]]></title>
					<link>https://dummy.xtemos.com/woodmart2/gutenberg/boxed-inst-2/</link>
					<pubDate>Fri, 05 Jul 2024 13:59:08 +0000</pubDate>
					<dc:creator><![CDATA[maksimkliakhin]]></dc:creator>
					<guid isPermaLink="false">https://dummy.xtemos.com/woodmart2/gutenberg/wp-content/uploads/sites/24/2024/07/boxed-inst-2.jpg</guid>
															<wp:post_id>24813</wp:post_id>
					<wp:post_date><![CDATA[2024-07-05 13:59:08]]></wp:post_date>
					<wp:post_date_gmt><![CDATA[2024-07-05 13:59:08]]></wp:post_date_gmt>
					<wp:post_modified><![CDATA[2024-07-05 13:59:08]]></wp:post_modified>
					<wp:post_modified_gmt><![CDATA[2024-07-05 13:59:08]]></wp:post_modified_gmt>
					<wp:comment_status><![CDATA[open]]></wp:comment_status>
					<wp:post_name><![CDATA[boxed-inst-2]]></wp:post_name>
					<wp:status><![CDATA[inherit]]></wp:status>
					<wp:post_parent>0</wp:post_parent>
					<wp:menu_order>0</wp:menu_order>
					<wp:post_type><![CDATA[attachment]]></wp:post_type>
											<wp:attachment_url><![CDATA[https://dummy.xtemos.com/woodmart2/gutenberg/wp-content/uploads/sites/24/2024/07/boxed-inst-2.jpg]]></wp:attachment_url>
																					<wp:postmeta>
							<wp:meta_key><![CDATA[_wp_attached_file]]></wp:meta_key>
							<wp:meta_value><![CDATA[2024/07/boxed-inst-2.jpg]]></wp:meta_value>
						</wp:postmeta>
										</item>
								<item>
					<title><![CDATA[boxed-inst-3]]></title>
					<link>https://dummy.xtemos.com/woodmart2/gutenberg/boxed-inst-3/</link>
					<pubDate>Fri, 05 Jul 2024 13:59:08 +0000</pubDate>
					<dc:creator><![CDATA[maksimkliakhin]]></dc:creator>
					<guid isPermaLink="false">https://dummy.xtemos.com/woodmart2/gutenberg/wp-content/uploads/sites/24/2024/07/boxed-inst-3.jpg</guid>
															<wp:post_id>24814</wp:post_id>
					<wp:post_date><![CDATA[2024-07-05 13:59:08]]></wp:post_date>
					<wp:post_date_gmt><![CDATA[2024-07-05 13:59:08]]></wp:post_date_gmt>
					<wp:post_modified><![CDATA[2024-07-05 13:59:08]]></wp:post_modified>
					<wp:post_modified_gmt><![CDATA[2024-07-05 13:59:08]]></wp:post_modified_gmt>
					<wp:comment_status><![CDATA[open]]></wp:comment_status>
					<wp:post_name><![CDATA[boxed-inst-3]]></wp:post_name>
					<wp:status><![CDATA[inherit]]></wp:status>
					<wp:post_parent>0</wp:post_parent>
					<wp:menu_order>0</wp:menu_order>
					<wp:post_type><![CDATA[attachment]]></wp:post_type>
											<wp:attachment_url><![CDATA[https://dummy.xtemos.com/woodmart2/gutenberg/wp-content/uploads/sites/24/2024/07/boxed-inst-3.jpg]]></wp:attachment_url>
																					<wp:postmeta>
							<wp:meta_key><![CDATA[_wp_attached_file]]></wp:meta_key>
							<wp:meta_value><![CDATA[2024/07/boxed-inst-3.jpg]]></wp:meta_value>
						</wp:postmeta>
										</item>
								<item>
					<title><![CDATA[boxed-inst-4]]></title>
					<link>https://dummy.xtemos.com/woodmart2/gutenberg/boxed-inst-4/</link>
					<pubDate>Fri, 05 Jul 2024 13:59:09 +0000</pubDate>
					<dc:creator><![CDATA[maksimkliakhin]]></dc:creator>
					<guid isPermaLink="false">https://dummy.xtemos.com/woodmart2/gutenberg/wp-content/uploads/sites/24/2024/07/boxed-inst-4.jpg</guid>
															<wp:post_id>24815</wp:post_id>
					<wp:post_date><![CDATA[2024-07-05 13:59:09]]></wp:post_date>
					<wp:post_date_gmt><![CDATA[2024-07-05 13:59:09]]></wp:post_date_gmt>
					<wp:post_modified><![CDATA[2024-07-05 13:59:09]]></wp:post_modified>
					<wp:post_modified_gmt><![CDATA[2024-07-05 13:59:09]]></wp:post_modified_gmt>
					<wp:comment_status><![CDATA[open]]></wp:comment_status>
					<wp:post_name><![CDATA[boxed-inst-4]]></wp:post_name>
					<wp:status><![CDATA[inherit]]></wp:status>
					<wp:post_parent>0</wp:post_parent>
					<wp:menu_order>0</wp:menu_order>
					<wp:post_type><![CDATA[attachment]]></wp:post_type>
											<wp:attachment_url><![CDATA[https://dummy.xtemos.com/woodmart2/gutenberg/wp-content/uploads/sites/24/2024/07/boxed-inst-4.jpg]]></wp:attachment_url>
																					<wp:postmeta>
							<wp:meta_key><![CDATA[_wp_attached_file]]></wp:meta_key>
							<wp:meta_value><![CDATA[2024/07/boxed-inst-4.jpg]]></wp:meta_value>
						</wp:postmeta>
										</item>
								<item>
					<title><![CDATA[boxed-inst-5]]></title>
					<link>https://dummy.xtemos.com/woodmart2/gutenberg/boxed-inst-5/</link>
					<pubDate>Fri, 05 Jul 2024 13:59:09 +0000</pubDate>
					<dc:creator><![CDATA[maksimkliakhin]]></dc:creator>
					<guid isPermaLink="false">https://dummy.xtemos.com/woodmart2/gutenberg/wp-content/uploads/sites/24/2024/07/boxed-inst-5.jpg</guid>
															<wp:post_id>24816</wp:post_id>
					<wp:post_date><![CDATA[2024-07-05 13:59:09]]></wp:post_date>
					<wp:post_date_gmt><![CDATA[2024-07-05 13:59:09]]></wp:post_date_gmt>
					<wp:post_modified><![CDATA[2024-07-05 13:59:09]]></wp:post_modified>
					<wp:post_modified_gmt><![CDATA[2024-07-05 13:59:09]]></wp:post_modified_gmt>
					<wp:comment_status><![CDATA[open]]></wp:comment_status>
					<wp:post_name><![CDATA[boxed-inst-5]]></wp:post_name>
					<wp:status><![CDATA[inherit]]></wp:status>
					<wp:post_parent>0</wp:post_parent>
					<wp:menu_order>0</wp:menu_order>
					<wp:post_type><![CDATA[attachment]]></wp:post_type>
											<wp:attachment_url><![CDATA[https://dummy.xtemos.com/woodmart2/gutenberg/wp-content/uploads/sites/24/2024/07/boxed-inst-5.jpg]]></wp:attachment_url>
																					<wp:postmeta>
							<wp:meta_key><![CDATA[_wp_attached_file]]></wp:meta_key>
							<wp:meta_value><![CDATA[2024/07/boxed-inst-5.jpg]]></wp:meta_value>
						</wp:postmeta>
										</item>
								<item>
					<title><![CDATA[boxed-inst-6]]></title>
					<link>https://dummy.xtemos.com/woodmart2/gutenberg/boxed-inst-6/</link>
					<pubDate>Fri, 05 Jul 2024 13:59:09 +0000</pubDate>
					<dc:creator><![CDATA[maksimkliakhin]]></dc:creator>
					<guid isPermaLink="false">https://dummy.xtemos.com/woodmart2/gutenberg/wp-content/uploads/sites/24/2024/07/boxed-inst-6.jpg</guid>
															<wp:post_id>24817</wp:post_id>
					<wp:post_date><![CDATA[2024-07-05 13:59:09]]></wp:post_date>
					<wp:post_date_gmt><![CDATA[2024-07-05 13:59:09]]></wp:post_date_gmt>
					<wp:post_modified><![CDATA[2024-07-05 13:59:09]]></wp:post_modified>
					<wp:post_modified_gmt><![CDATA[2024-07-05 13:59:09]]></wp:post_modified_gmt>
					<wp:comment_status><![CDATA[open]]></wp:comment_status>
					<wp:post_name><![CDATA[boxed-inst-6]]></wp:post_name>
					<wp:status><![CDATA[inherit]]></wp:status>
					<wp:post_parent>0</wp:post_parent>
					<wp:menu_order>0</wp:menu_order>
					<wp:post_type><![CDATA[attachment]]></wp:post_type>
											<wp:attachment_url><![CDATA[https://dummy.xtemos.com/woodmart2/gutenberg/wp-content/uploads/sites/24/2024/07/boxed-inst-6.jpg]]></wp:attachment_url>
																					<wp:postmeta>
							<wp:meta_key><![CDATA[_wp_attached_file]]></wp:meta_key>
							<wp:meta_value><![CDATA[2024/07/boxed-inst-6.jpg]]></wp:meta_value>
						</wp:postmeta>
										</item>
								<item>
					<title><![CDATA[boxed-inst-7]]></title>
					<link>https://dummy.xtemos.com/woodmart2/gutenberg/boxed-inst-7/</link>
					<pubDate>Fri, 05 Jul 2024 13:59:10 +0000</pubDate>
					<dc:creator><![CDATA[maksimkliakhin]]></dc:creator>
					<guid isPermaLink="false">https://dummy.xtemos.com/woodmart2/gutenberg/wp-content/uploads/sites/24/2024/07/boxed-inst-7.jpg</guid>
															<wp:post_id>24818</wp:post_id>
					<wp:post_date><![CDATA[2024-07-05 13:59:10]]></wp:post_date>
					<wp:post_date_gmt><![CDATA[2024-07-05 13:59:10]]></wp:post_date_gmt>
					<wp:post_modified><![CDATA[2024-07-05 13:59:10]]></wp:post_modified>
					<wp:post_modified_gmt><![CDATA[2024-07-05 13:59:10]]></wp:post_modified_gmt>
					<wp:comment_status><![CDATA[open]]></wp:comment_status>
					<wp:post_name><![CDATA[boxed-inst-7]]></wp:post_name>
					<wp:status><![CDATA[inherit]]></wp:status>
					<wp:post_parent>0</wp:post_parent>
					<wp:menu_order>0</wp:menu_order>
					<wp:post_type><![CDATA[attachment]]></wp:post_type>
											<wp:attachment_url><![CDATA[https://dummy.xtemos.com/woodmart2/gutenberg/wp-content/uploads/sites/24/2024/07/boxed-inst-7.jpg]]></wp:attachment_url>
																					<wp:postmeta>
							<wp:meta_key><![CDATA[_wp_attached_file]]></wp:meta_key>
							<wp:meta_value><![CDATA[2024/07/boxed-inst-7.jpg]]></wp:meta_value>
						</wp:postmeta>
										</item>
								<item>
					<title><![CDATA[boxed-inst-8]]></title>
					<link>https://dummy.xtemos.com/woodmart2/gutenberg/boxed-inst-8/</link>
					<pubDate>Fri, 05 Jul 2024 13:59:10 +0000</pubDate>
					<dc:creator><![CDATA[maksimkliakhin]]></dc:creator>
					<guid isPermaLink="false">https://dummy.xtemos.com/woodmart2/gutenberg/wp-content/uploads/sites/24/2024/07/boxed-inst-8.jpg</guid>
															<wp:post_id>24819</wp:post_id>
					<wp:post_date><![CDATA[2024-07-05 13:59:10]]></wp:post_date>
					<wp:post_date_gmt><![CDATA[2024-07-05 13:59:10]]></wp:post_date_gmt>
					<wp:post_modified><![CDATA[2024-07-05 13:59:10]]></wp:post_modified>
					<wp:post_modified_gmt><![CDATA[2024-07-05 13:59:10]]></wp:post_modified_gmt>
					<wp:comment_status><![CDATA[open]]></wp:comment_status>
					<wp:post_name><![CDATA[boxed-inst-8]]></wp:post_name>
					<wp:status><![CDATA[inherit]]></wp:status>
					<wp:post_parent>0</wp:post_parent>
					<wp:menu_order>0</wp:menu_order>
					<wp:post_type><![CDATA[attachment]]></wp:post_type>
											<wp:attachment_url><![CDATA[https://dummy.xtemos.com/woodmart2/gutenberg/wp-content/uploads/sites/24/2024/07/boxed-inst-8.jpg]]></wp:attachment_url>
																					<wp:postmeta>
							<wp:meta_key><![CDATA[_wp_attached_file]]></wp:meta_key>
							<wp:meta_value><![CDATA[2024/07/boxed-inst-8.jpg]]></wp:meta_value>
						</wp:postmeta>
										</item>
								<item>
					<title><![CDATA[boxed-inst-9]]></title>
					<link>https://dummy.xtemos.com/woodmart2/gutenberg/boxed-inst-9/</link>
					<pubDate>Fri, 05 Jul 2024 13:59:11 +0000</pubDate>
					<dc:creator><![CDATA[maksimkliakhin]]></dc:creator>
					<guid isPermaLink="false">https://dummy.xtemos.com/woodmart2/gutenberg/wp-content/uploads/sites/24/2024/07/boxed-inst-9.jpg</guid>
															<wp:post_id>24820</wp:post_id>
					<wp:post_date><![CDATA[2024-07-05 13:59:11]]></wp:post_date>
					<wp:post_date_gmt><![CDATA[2024-07-05 13:59:11]]></wp:post_date_gmt>
					<wp:post_modified><![CDATA[2024-07-05 13:59:11]]></wp:post_modified>
					<wp:post_modified_gmt><![CDATA[2024-07-05 13:59:11]]></wp:post_modified_gmt>
					<wp:comment_status><![CDATA[open]]></wp:comment_status>
					<wp:post_name><![CDATA[boxed-inst-9]]></wp:post_name>
					<wp:status><![CDATA[inherit]]></wp:status>
					<wp:post_parent>0</wp:post_parent>
					<wp:menu_order>0</wp:menu_order>
					<wp:post_type><![CDATA[attachment]]></wp:post_type>
											<wp:attachment_url><![CDATA[https://dummy.xtemos.com/woodmart2/gutenberg/wp-content/uploads/sites/24/2024/07/boxed-inst-9.jpg]]></wp:attachment_url>
																					<wp:postmeta>
							<wp:meta_key><![CDATA[_wp_attached_file]]></wp:meta_key>
							<wp:meta_value><![CDATA[2024/07/boxed-inst-9.jpg]]></wp:meta_value>
						</wp:postmeta>
										</item>
								<item>
					<title><![CDATA[boxed-slide-1]]></title>
					<link>https://dummy.xtemos.com/woodmart2/gutenberg/boxed-slide-1/</link>
					<pubDate>Fri, 05 Jul 2024 13:59:11 +0000</pubDate>
					<dc:creator><![CDATA[maksimkliakhin]]></dc:creator>
					<guid isPermaLink="false">https://dummy.xtemos.com/woodmart2/gutenberg/wp-content/uploads/sites/24/2024/07/boxed-slide-1.jpg</guid>
															<wp:post_id>24821</wp:post_id>
					<wp:post_date><![CDATA[2024-07-05 13:59:11]]></wp:post_date>
					<wp:post_date_gmt><![CDATA[2024-07-05 13:59:11]]></wp:post_date_gmt>
					<wp:post_modified><![CDATA[2024-07-05 13:59:11]]></wp:post_modified>
					<wp:post_modified_gmt><![CDATA[2024-07-05 13:59:11]]></wp:post_modified_gmt>
					<wp:comment_status><![CDATA[open]]></wp:comment_status>
					<wp:post_name><![CDATA[boxed-slide-1]]></wp:post_name>
					<wp:status><![CDATA[inherit]]></wp:status>
					<wp:post_parent>0</wp:post_parent>
					<wp:menu_order>0</wp:menu_order>
					<wp:post_type><![CDATA[attachment]]></wp:post_type>
											<wp:attachment_url><![CDATA[https://dummy.xtemos.com/woodmart2/gutenberg/wp-content/uploads/sites/24/2024/07/boxed-slide-1.jpg]]></wp:attachment_url>
																					<wp:postmeta>
							<wp:meta_key><![CDATA[_wp_attached_file]]></wp:meta_key>
							<wp:meta_value><![CDATA[2024/07/boxed-slide-1.jpg]]></wp:meta_value>
						</wp:postmeta>
										</item>
								<item>
					<title><![CDATA[boxed-slide-2]]></title>
					<link>https://dummy.xtemos.com/woodmart2/gutenberg/boxed-slide-2/</link>
					<pubDate>Fri, 05 Jul 2024 13:59:12 +0000</pubDate>
					<dc:creator><![CDATA[maksimkliakhin]]></dc:creator>
					<guid isPermaLink="false">https://dummy.xtemos.com/woodmart2/gutenberg/wp-content/uploads/sites/24/2024/07/boxed-slide-2.jpg</guid>
															<wp:post_id>24822</wp:post_id>
					<wp:post_date><![CDATA[2024-07-05 13:59:12]]></wp:post_date>
					<wp:post_date_gmt><![CDATA[2024-07-05 13:59:12]]></wp:post_date_gmt>
					<wp:post_modified><![CDATA[2024-07-05 13:59:12]]></wp:post_modified>
					<wp:post_modified_gmt><![CDATA[2024-07-05 13:59:12]]></wp:post_modified_gmt>
					<wp:comment_status><![CDATA[open]]></wp:comment_status>
					<wp:post_name><![CDATA[boxed-slide-2]]></wp:post_name>
					<wp:status><![CDATA[inherit]]></wp:status>
					<wp:post_parent>0</wp:post_parent>
					<wp:menu_order>0</wp:menu_order>
					<wp:post_type><![CDATA[attachment]]></wp:post_type>
											<wp:attachment_url><![CDATA[https://dummy.xtemos.com/woodmart2/gutenberg/wp-content/uploads/sites/24/2024/07/boxed-slide-2.jpg]]></wp:attachment_url>
																					<wp:postmeta>
							<wp:meta_key><![CDATA[_wp_attached_file]]></wp:meta_key>
							<wp:meta_value><![CDATA[2024/07/boxed-slide-2.jpg]]></wp:meta_value>
						</wp:postmeta>
										</item>
								<item>
					<title><![CDATA[boxed-slide-3]]></title>
					<link>https://dummy.xtemos.com/woodmart2/gutenberg/boxed-slide-3/</link>
					<pubDate>Fri, 05 Jul 2024 13:59:12 +0000</pubDate>
					<dc:creator><![CDATA[maksimkliakhin]]></dc:creator>
					<guid isPermaLink="false">https://dummy.xtemos.com/woodmart2/gutenberg/wp-content/uploads/sites/24/2024/07/boxed-slide-3.jpg</guid>
															<wp:post_id>24823</wp:post_id>
					<wp:post_date><![CDATA[2024-07-05 13:59:12]]></wp:post_date>
					<wp:post_date_gmt><![CDATA[2024-07-05 13:59:12]]></wp:post_date_gmt>
					<wp:post_modified><![CDATA[2024-07-05 13:59:12]]></wp:post_modified>
					<wp:post_modified_gmt><![CDATA[2024-07-05 13:59:12]]></wp:post_modified_gmt>
					<wp:comment_status><![CDATA[open]]></wp:comment_status>
					<wp:post_name><![CDATA[boxed-slide-3]]></wp:post_name>
					<wp:status><![CDATA[inherit]]></wp:status>
					<wp:post_parent>0</wp:post_parent>
					<wp:menu_order>0</wp:menu_order>
					<wp:post_type><![CDATA[attachment]]></wp:post_type>
											<wp:attachment_url><![CDATA[https://dummy.xtemos.com/woodmart2/gutenberg/wp-content/uploads/sites/24/2024/07/boxed-slide-3.jpg]]></wp:attachment_url>
																					<wp:postmeta>
							<wp:meta_key><![CDATA[_wp_attached_file]]></wp:meta_key>
							<wp:meta_value><![CDATA[2024/07/boxed-slide-3.jpg]]></wp:meta_value>
						</wp:postmeta>
										</item>
				</channel>
</rss>
	