{
    "sidebar-1": {
        "widgets": {
            "categories-1": {
                "title": "Categories",
                "count": 0,
                "hierarchical": 0,
                "dropdown": 0
            },
            "woodmart-recent-posts-2": {
                "title": "Recent Posts",
                "limit": 3,
                "thumb_height": 65,
                "thumb_width": 75,
                "offset": 0,
                "order": "DESC",
                "orderby": "date",
                "category": "all",
                "date": true,
                "comment_count": true,
                "thumb": true
            },
            "woodmart-instagram-3": {
                "title": "Our Instagram",
                "username": "ozdesignfurniture",
                "number": "9",
                "size": "thumbnail",
                "target": "_blank",
                "data_divider": "",
                "data_source": "images",
                "images_divider": "",
                "images": "930,6979,954,960,6970,746,825,806,813",
                "images_size": "100x100",
                "images_link": "https:\/\/www.instagram.com\/ozdesignfurniture\/",
                "images_likes": "1000-10000",
                "images_comments": "0-1000",
                "content_divider": "",
                "content": "",
                "link_divider": "",
                "link": "",
                "layout_divider": "",
                "design": "",
                "per_row": "",
                "spacing": "",
                "spacing_custom": "",
                "rounded": "",
                "hide_mask": "",
                "hide_pagination_control": "",
                "hide_prev_next_buttons": "",
                "extra_divider": "",
                "el_class": "",
                "woodmart_css_id": "",
                "rounding_size": "",
                "custom_rounding_size": "",
                "content_width": "",
                "content_color_scheme": "",
                "content_color": "",
                "content_bg_color": "",
                "per_row_tabs": "",
                "per_row_tablet": "",
                "per_row_mobile": "",
                "spacing_custom_tabs": "",
                "spacing_custom_tablet": "",
                "spacing_custom_mobile": "",
                "carousel_divider": "",
                "css": ""
            },
            "recent-comments-4": {
                "title": "Recent Comments",
                "number": 3
            }
        }
    },
    "sidebar-shop": {
        "widgets": {
            "woocommerce_price_filter-5": {
                "title": "Filter by price"
            },
            "woodmart-woocommerce-layered-nav-6": {
                "title": "Filter by color",
                "attribute": "color",
                "query_type": "and",
                "display": "list",
                "size": "normal",
                "labels": "on"
            },
            "woodmart-woocommerce-layered-nav-7": {
                "title": "Filter by size",
                "attribute": "size",
                "category": [
                    "all"
                ],
                "query_type": "and",
                "display": "list",
                "size": "normal",
                "labels": "on",
                "tooltips": "off"
            },
            "woodmart-woocommerce-layered-nav-8": {
                "title": "Filter by Brand",
                "attribute": "brand",
                "category": [
                    "all"
                ],
                "query_type": "and",
                "display": "double",
                "size": "normal",
                "labels": "off",
                "tooltips": "off",
                "style": "inherit",
                "shape": "round",
                "checkboxes": "off",
                "search_by_filters": "1"
            },
            "wd-widget-stock-status-9": {
                "title": "Stock status",
                "instock": "1",
                "onsale": "1"
            },
            "woocommerce_top_rated_products-10": {
                "title": "Top rated products",
                "number": 3
            }
        }
    },
    "filters-area": {
        "widgets": {
            "woodmart-woocommerce-layered-nav-11": {
                "title": "FILTER BY COLOR",
                "attribute": "color",
                "category": [
                    "all"
                ],
                "query_type": "and",
                "display": "list",
                "size": "normal",
                "labels": "on",
                "tooltips": "off"
            },
            "woodmart-woocommerce-layered-nav-12": {
                "title": "Filter by brand",
                "attribute": "brand",
                "category": [
                    "all"
                ],
                "query_type": "and",
                "display": "double",
                "size": "normal",
                "labels": "off",
                "tooltips": "on"
            }
        }
    },
    "sidebar-product-single": {
        "widgets": {
            "woocommerce_products-13": {
                "title": "YOU MAY ALSO LIKE\u2026",
                "number": 4,
                "show": "",
                "orderby": "date",
                "order": "desc",
                "hide_free": 0,
                "show_hidden": 0
            }
        }
    }
}