<?xml version="1.0" encoding="UTF-8" ?>
	<!-- This is a WordPress eXtended RSS file generated by WordPress as an export of your site. -->
	<!-- It contains information about your site's posts, pages, comments, categories, and other content. -->
	<!-- You may use this file to transfer that content from one site to another. -->
	<!-- This file is not intended to serve as a complete backup of your site. -->

	<!-- To import this information into a WordPress site follow these steps: -->
	<!-- 1. Log in to that site as an administrator. -->
	<!-- 2. Go to Tools: Import in the WordPress admin panel. -->
	<!-- 3. Install the "WordPress" importer from the list. -->
	<!-- 4. Activate & Run Importer. -->
	<!-- 5. Upload this file using the form provided on that page. -->
	<!-- 6. You will first be asked to map the authors in this export file to users -->
	<!--    on the site. For each author, you may choose to map to an -->
	<!--    existing user on the site or to create a new user. -->
	<!-- 7. WordPress will then import each of the posts, pages, comments, categories, etc. -->
	<!--    contained in this file into your site. -->

	<!-- generator="WordPress/6.5.5" created="2024-10-25 08:24" -->
<rss version="2.0"
	xmlns:excerpt="http://wordpress.org/export/1.2/excerpt/"
	xmlns:content="http://purl.org/rss/1.0/modules/content/"
	xmlns:wfw="http://wellformedweb.org/CommentAPI/"
	xmlns:dc="http://purl.org/dc/elements/1.1/"
	xmlns:wp="http://wordpress.org/export/1.2/"
>

<channel>
	<title>Gutenberg base</title>
	<link>https://dummy.xtemos.com/woodmart2/gutenberg</link>
	<description></description>
	<pubDate>Fri, 25 Oct 2024 08:24:21 +0000</pubDate>
	<language>en-US</language>
	<wp:wxr_version>1.2</wp:wxr_version>
	<wp:base_site_url>https://dummy.xtemos.com/woodmart2/</wp:base_site_url>
	<wp:base_blog_url>https://dummy.xtemos.com/woodmart2/gutenberg</wp:base_blog_url>

		<wp:author><wp:author_id>2</wp:author_id><wp:author_login><![CDATA[zakhar]]></wp:author_login><wp:author_email><![CDATA[zak@asda.as]]></wp:author_email><wp:author_display_name><![CDATA[Mr. Mackay]]></wp:author_display_name><wp:author_first_name><![CDATA[sds]]></wp:author_first_name><wp:author_last_name><![CDATA[scssc]]></wp:author_last_name></wp:author>
	<wp:author><wp:author_id>491</wp:author_id><wp:author_login><![CDATA[maksimkliakhin]]></wp:author_login><wp:author_email><![CDATA[m.kliakhin@gmail.com]]></wp:author_email><wp:author_display_name><![CDATA[Ethan Smith]]></wp:author_display_name><wp:author_first_name><![CDATA[Ethan]]></wp:author_first_name><wp:author_last_name><![CDATA[Smith]]></wp:author_last_name></wp:author>

					<wp:term>
			<wp:term_id>0</wp:term_id>
			<wp:term_taxonomy><![CDATA[]]></wp:term_taxonomy>
			<wp:term_slug><![CDATA[]]></wp:term_slug>
			<wp:term_parent><![CDATA[]]></wp:term_parent>
					</wp:term>
		
	<generator>https://wordpress.org/?v=6.5.5</generator>

					<item>
					<title><![CDATA[promo-popup]]></title>
					<link>https://dummy.xtemos.com/woodmart2/gutenberg/promo-popup-2/</link>
					<pubDate>Mon, 19 Jul 2021 11:35:48 +0000</pubDate>
					<dc:creator><![CDATA[zakhar]]></dc:creator>
					<guid isPermaLink="false">http://dummy.xtemos.com/woodmart2/gutenberg/wp-content/uploads/sites/24/2021/07/promo-popup.jpg</guid>
															<wp:post_id>936</wp:post_id>
					<wp:post_date><![CDATA[2021-07-19 11:35:48]]></wp:post_date>
					<wp:post_date_gmt><![CDATA[2021-07-19 11:35:48]]></wp:post_date_gmt>
					<wp:post_modified><![CDATA[2024-04-16 13:18:51]]></wp:post_modified>
					<wp:post_modified_gmt><![CDATA[2024-04-16 13:18:51]]></wp:post_modified_gmt>
					<wp:comment_status><![CDATA[open]]></wp:comment_status>
					<wp:post_name><![CDATA[promo-popup-2]]></wp:post_name>
					<wp:status><![CDATA[inherit]]></wp:status>
					<wp:post_parent>0</wp:post_parent>
					<wp:menu_order>0</wp:menu_order>
					<wp:post_type><![CDATA[attachment]]></wp:post_type>
											<wp:attachment_url><![CDATA[https://dummy.xtemos.com/woodmart2/gutenberg/wp-content/uploads/sites/24/2021/07/promo-popup.jpg]]></wp:attachment_url>
																					<wp:postmeta>
							<wp:meta_key><![CDATA[_wp_attached_file]]></wp:meta_key>
							<wp:meta_value><![CDATA[2021/07/promo-popup.jpg]]></wp:meta_value>
						</wp:postmeta>
										</item>
								<item>
					<title><![CDATA[page-title-shop]]></title>
					<link>https://dummy.xtemos.com/woodmart2/gutenberg/page-title-shop/</link>
					<pubDate>Fri, 23 Jul 2021 06:08:22 +0000</pubDate>
					<dc:creator><![CDATA[zakhar]]></dc:creator>
					<guid isPermaLink="false">http://dummy.xtemos.com/woodmart2/gutenberg/wp-content/uploads/sites/24/2021/07/page-title-shop.jpg</guid>
															<wp:post_id>1177</wp:post_id>
					<wp:post_date><![CDATA[2021-07-23 06:08:22]]></wp:post_date>
					<wp:post_date_gmt><![CDATA[2021-07-23 06:08:22]]></wp:post_date_gmt>
					<wp:post_modified><![CDATA[2024-04-16 13:18:51]]></wp:post_modified>
					<wp:post_modified_gmt><![CDATA[2024-04-16 13:18:51]]></wp:post_modified_gmt>
					<wp:comment_status><![CDATA[open]]></wp:comment_status>
					<wp:post_name><![CDATA[page-title-shop]]></wp:post_name>
					<wp:status><![CDATA[inherit]]></wp:status>
					<wp:post_parent>0</wp:post_parent>
					<wp:menu_order>0</wp:menu_order>
					<wp:post_type><![CDATA[attachment]]></wp:post_type>
											<wp:attachment_url><![CDATA[https://dummy.xtemos.com/woodmart2/gutenberg/wp-content/uploads/sites/24/2021/07/page-title-shop.jpg]]></wp:attachment_url>
																					<wp:postmeta>
							<wp:meta_key><![CDATA[_wp_attached_file]]></wp:meta_key>
							<wp:meta_value><![CDATA[2021/07/page-title-shop.jpg]]></wp:meta_value>
						</wp:postmeta>
										</item>
								<item>
					<title><![CDATA[jewellery-testimonial-2]]></title>
					<link>https://dummy.xtemos.com/woodmart2/gutenberg/home-jewellery/jewellery-testimonial-2/</link>
					<pubDate>Mon, 13 May 2024 12:34:32 +0000</pubDate>
					<dc:creator><![CDATA[zakhar]]></dc:creator>
					<guid isPermaLink="false">http://dummy.xtemos.com/woodmart2/gutenberg/wp-content/uploads/sites/24/2024/05/jewellery-testimonial-2.jpg</guid>
															<wp:post_id>11065</wp:post_id>
					<wp:post_date><![CDATA[2024-05-13 12:34:32]]></wp:post_date>
					<wp:post_date_gmt><![CDATA[2024-05-13 12:34:32]]></wp:post_date_gmt>
					<wp:post_modified><![CDATA[2024-05-13 12:34:32]]></wp:post_modified>
					<wp:post_modified_gmt><![CDATA[2024-05-13 12:34:32]]></wp:post_modified_gmt>
					<wp:comment_status><![CDATA[open]]></wp:comment_status>
					<wp:post_name><![CDATA[jewellery-testimonial-2]]></wp:post_name>
					<wp:status><![CDATA[inherit]]></wp:status>
					<wp:post_parent>10889</wp:post_parent>
					<wp:menu_order>0</wp:menu_order>
					<wp:post_type><![CDATA[attachment]]></wp:post_type>
											<wp:attachment_url><![CDATA[https://dummy.xtemos.com/woodmart2/gutenberg/wp-content/uploads/sites/24/2024/05/jewellery-testimonial-2.jpg]]></wp:attachment_url>
																					<wp:postmeta>
							<wp:meta_key><![CDATA[_wp_attached_file]]></wp:meta_key>
							<wp:meta_value><![CDATA[2024/05/jewellery-testimonial-2.jpg]]></wp:meta_value>
						</wp:postmeta>
										</item>
								<item>
					<title><![CDATA[cars-testimon-1]]></title>
					<link>https://dummy.xtemos.com/woodmart2/gutenberg/cars-testimon-1/</link>
					<pubDate>Mon, 10 Jun 2024 06:10:44 +0000</pubDate>
					<dc:creator><![CDATA[maksimkliakhin]]></dc:creator>
					<guid isPermaLink="false">http://dummy.xtemos.com/woodmart2/gutenberg/wp-content/uploads/sites/24/2024/06/cars-testimon-1.jpg</guid>
															<wp:post_id>14799</wp:post_id>
					<wp:post_date><![CDATA[2024-06-10 06:10:44]]></wp:post_date>
					<wp:post_date_gmt><![CDATA[2024-06-10 06:10:44]]></wp:post_date_gmt>
					<wp:post_modified><![CDATA[2024-06-10 06:10:44]]></wp:post_modified>
					<wp:post_modified_gmt><![CDATA[2024-06-10 06:10:44]]></wp:post_modified_gmt>
					<wp:comment_status><![CDATA[open]]></wp:comment_status>
					<wp:post_name><![CDATA[cars-testimon-1]]></wp:post_name>
					<wp:status><![CDATA[inherit]]></wp:status>
					<wp:post_parent>0</wp:post_parent>
					<wp:menu_order>0</wp:menu_order>
					<wp:post_type><![CDATA[attachment]]></wp:post_type>
											<wp:attachment_url><![CDATA[https://dummy.xtemos.com/woodmart2/gutenberg/wp-content/uploads/sites/24/2024/06/cars-testimon-1.jpg]]></wp:attachment_url>
																					<wp:postmeta>
							<wp:meta_key><![CDATA[_wp_attached_file]]></wp:meta_key>
							<wp:meta_value><![CDATA[2024/06/cars-testimon-1.jpg]]></wp:meta_value>
						</wp:postmeta>
										</item>
								<item>
					<title><![CDATA[cars-testimon-3]]></title>
					<link>https://dummy.xtemos.com/woodmart2/gutenberg/cars-testimon-3/</link>
					<pubDate>Mon, 10 Jun 2024 06:10:44 +0000</pubDate>
					<dc:creator><![CDATA[maksimkliakhin]]></dc:creator>
					<guid isPermaLink="false">http://dummy.xtemos.com/woodmart2/gutenberg/wp-content/uploads/sites/24/2024/06/cars-testimon-3.jpg</guid>
															<wp:post_id>14800</wp:post_id>
					<wp:post_date><![CDATA[2024-06-10 06:10:44]]></wp:post_date>
					<wp:post_date_gmt><![CDATA[2024-06-10 06:10:44]]></wp:post_date_gmt>
					<wp:post_modified><![CDATA[2024-06-10 06:10:44]]></wp:post_modified>
					<wp:post_modified_gmt><![CDATA[2024-06-10 06:10:44]]></wp:post_modified_gmt>
					<wp:comment_status><![CDATA[open]]></wp:comment_status>
					<wp:post_name><![CDATA[cars-testimon-3]]></wp:post_name>
					<wp:status><![CDATA[inherit]]></wp:status>
					<wp:post_parent>0</wp:post_parent>
					<wp:menu_order>0</wp:menu_order>
					<wp:post_type><![CDATA[attachment]]></wp:post_type>
											<wp:attachment_url><![CDATA[https://dummy.xtemos.com/woodmart2/gutenberg/wp-content/uploads/sites/24/2024/06/cars-testimon-3.jpg]]></wp:attachment_url>
																					<wp:postmeta>
							<wp:meta_key><![CDATA[_wp_attached_file]]></wp:meta_key>
							<wp:meta_value><![CDATA[2024/06/cars-testimon-3.jpg]]></wp:meta_value>
						</wp:postmeta>
										</item>
								<item>
					<title><![CDATA[Home Categories]]></title>
					<link>https://dummy.xtemos.com/woodmart2/gutenberg/home-categories/</link>
					<pubDate>Mon, 08 Jul 2024 08:52:32 +0000</pubDate>
					<dc:creator><![CDATA[maksimkliakhin]]></dc:creator>
					<guid isPermaLink="false">https://dummy.xtemos.com/woodmart2/gutenberg/?page_id=25134</guid>
											<content:encoded><![CDATA[<!-- wp:wd/product-categories {"blockId":"3d0c9d03-bff3-4650-adb8-a7fd3b5d5fce","number":"5","grid_different_sizes":"1","spacing":"","marginTop":"-40","marginBottom":"40","columnsMobile":2,"spacingMobile":"10","marginBottomTablet":"30"} /-->

<!-- wp:wd/brands {"blockId":"ef85c674-83ec-4f2a-af82-a570bdd75f29","hover":"alt","marginBottom":"55","slides_per_view":"7","hide_prev_next_buttons":true,"hide_pagination_control":true,"sync_parent_id":"wd_fca3b88c","marginBottomTablet":"35","marginBottomMobile":"15","hide_prev_next_buttonsTablet":true,"hide_prev_next_buttonsMobile":true,"hide_pagination_controlTablet":true,"hide_pagination_controlMobile":true} /-->

<!-- wp:wd/container {"blockId":"96799d2a-fab1-4b3c-9148-3106918e617a","textAlign":"center","colGap":"","rowGap":"10","marginBottom":"15"} -->
<div id="wd-96799d2a" class="wp-block-wd-container wd-dir-col wd-align"><!-- wp:wd/title {"blockId":"43669d9e-c84e-4320-bba0-cd4e6df52501","content":"OUR PRODUCTS","tpFontSize":"36","tpFontSizeTablet":"22","tpFontSizeMobile":"20"} -->
<h2 id="wd-43669d9e" class="wp-block-wd-title title">OUR PRODUCTS</h2>
<!-- /wp:wd/title -->

<!-- wp:wd/paragraph {"blockId":"702f7f32-7906-4687-ace7-d3fc976155d9","tpFontSize":"16","displayWidth":"custom","customWidth":"480"} -->
<p id="wd-702f7f32" class="wp-block-wd-paragraph wd-custom-width">Mauris tellus montes vestibulum dipiscing mi sociosqu erat a condimentum est arcu senectus sociosqu.</p>
<!-- /wp:wd/paragraph --></div>
<!-- /wp:wd/container -->

<!-- wp:wd/products-tabs {"blockId":"e11fd214-c3c0-4871-b11e-cf09ce1a4891","marginBottom":"110","marginBottomTablet":"60","marginBottomMobile":"60"} -->
<div id="wd-e11fd214" class="wp-block-wd-products-tabs wd-tabs wd-products-tabs tabs-design-default wd-hover-parent"><!-- wp:wd/products-tabs-header {"blockId":"3b9b9bb9-1b2b-4a4f-a462-be70301797fe","hasTitle":false,"titleStyle":"underline","alignment":"center"} -->
<div id="wd-3b9b9bb9" class="wp-block-wd-products-tabs-header wd-tabs-header wd-align"><div class="wd-nav-wrapper wd-nav-tabs-wrapper"><ul class="wd-nav wd-nav-tabs products-tabs-title wd-icon-pos-start wd-style-underline"><!-- wp:wd/products-tabs-tab {"blockId":"84b00026-94e5-4fa9-aff3-542dfe734321","title":"Best Sellers","items_per_page":"4","pagination":"more-btn"} -->
<li id="wd-84b00026" class="wp-block-wd-products-tabs-tab" data-atts="{&quot;pagination&quot;:&quot;more-btn&quot;,&quot;items_per_page&quot;:&quot;4&quot;,&quot;el_id&quot;:&quot;wd-84b00026&quot;}"><a href="#" class="wd-nav-link"><span class="tab-label nav-link-text">Best Sellers</span></a></li>
<!-- /wp:wd/products-tabs-tab -->

<!-- wp:wd/products-tabs-tab {"blockId":"f5ab3e40-dfbf-4d5a-8439-b9a3580f428a","title":"Featured products","items_per_page":"4","pagination":"more-btn"} -->
<li id="wd-f5ab3e40" class="wp-block-wd-products-tabs-tab" data-atts="{&quot;pagination&quot;:&quot;more-btn&quot;,&quot;items_per_page&quot;:&quot;4&quot;,&quot;el_id&quot;:&quot;wd-f5ab3e40&quot;}"><a href="#" class="wd-nav-link"><span class="tab-label nav-link-text">Featured products</span></a></li>
<!-- /wp:wd/products-tabs-tab -->

<!-- wp:wd/products-tabs-tab {"blockId":"5e6b55d9-231c-4d8d-ae21-44af36bb1dd9","title":"Sale products","include":"45","items_per_page":"4","pagination":"more-btn"} -->
<li id="wd-5e6b55d9" class="wp-block-wd-products-tabs-tab" data-atts="{&quot;include&quot;:&quot;45&quot;,&quot;pagination&quot;:&quot;more-btn&quot;,&quot;items_per_page&quot;:&quot;4&quot;,&quot;el_id&quot;:&quot;wd-5e6b55d9&quot;}"><a href="#" class="wd-nav-link"><span class="tab-label nav-link-text">Sale products</span></a></li>
<!-- /wp:wd/products-tabs-tab --></ul></div></div>
<!-- /wp:wd/products-tabs-header -->

<!-- wp:wd/products-tabs-products {"blockId":"2883ebbe-fa5b-474e-a711-32ea7936762e","title":"Best Sellers","items_per_page":"4","pagination":"more-btn"} /--></div>
<!-- /wp:wd/products-tabs -->

<!-- wp:wd/section {"blockId":"3947914c-fb00-411f-ba30-133f835eb1a6","blockGap":15,"bgImage":{"id":25197,"url":"https://dummy.xtemos.com/woodmart2/gutenberg/wp-content/uploads/sites/24/2024/07/categories-bg.jpg"},"bgPosition":"center center","bgDisplaySize":"cover","paddingTop":"140","paddingBottom":"140","marginBottom":"80","paddingTopTablet":"120","paddingTopMobile":"100","paddingBottomTablet":"120","paddingBottomMobile":"100","marginBottomTablet":"60","marginBottomMobile":"40"} -->
<div id="wd-3947914c" class="wp-block-wd-section"><!-- wp:wd/paragraph {"blockId":"855c36dc-e906-4292-8235-5014b59c58f1","textAlign":"center","colorCode":"#a5a5a5","tpFontSize":"14"} -->
<p id="wd-855c36dc" class="wp-block-wd-paragraph wd-align">SUSPENDISSE IPSUM NISL CURAE</p>
<!-- /wp:wd/paragraph -->

<!-- wp:wd/title {"blockId":"e50a7f1b-b66e-48bc-95d6-179114cc240f","textAlign":"center","content":"OUR NEW CATALOGUE: CHECK OUT OUR NEW THINGS","tpFontSize":"36","alignSelf":"center","displayWidth":"custom","customWidth":"525","tpFontSizeTablet":"22","tpFontSizeMobile":"20","displayWidthTablet":"custom","displayWidthMobile":"custom","customWidthTablet":"325","customWidthMobile":"295"} -->
<h2 id="wd-e50a7f1b" class="wp-block-wd-title title wd-align wd-custom-width wd-align-s-center">OUR NEW CATALOGUE: CHECK OUT OUR NEW THINGS</h2>
<!-- /wp:wd/title -->

<!-- wp:wd/countdown-timer {"blockId":"54b4b970-c935-45c7-870a-f54d31edde96","date":"2025-01-01T12:28:00","align":"center","size":"large"} -->
<div id="wd-54b4b970" class="wp-block-wd-countdown-timer wd-countdown-timer wd-align"><div class="wd-timer wd-size-large" data-end-date="2025-01-01T12:28:00" data-hide-on-finish="no"><span class="wd-timer-days"><span class="wd-timer-value">0</span><span class="wd-timer-text">days</span></span><span class="wd-timer-hours"><span class="wd-timer-value">00</span><span class="wd-timer-text">hr</span></span><span class="wd-timer-min"><span class="wd-timer-value">00</span><span class="wd-timer-text">min</span></span><span class="wd-timer-sec"><span class="wd-timer-value">00</span><span class="wd-timer-text">sc</span></span></div></div>
<!-- /wp:wd/countdown-timer -->

<!-- wp:wd/button {"blockId":"42635526-3bc7-4cf2-b45e-053d4e4dde92","predefinedColor":"primary","shape":"round","alignSelf":"center"} -->
<a id="wd-42635526" class="wp-block-wd-button btn btn-style-default btn-color-primary btn-size-default btn-shape-round wd-align-s-center" href="#"><span>SEe THE COLLECTION</span></a>
<!-- /wp:wd/button --></div>
<!-- /wp:wd/section -->

<!-- wp:wd/row {"blockId":"fb33d5a1-2393-456a-bbb4-fa9e0699583e","marginBottom":"30","columnsGapMobile":50,"marginBottomMobile":"10"} -->
<div id="wd-fb33d5a1" class="wp-block-wd-row"><!-- wp:wd/column {"blockId":"d4d4d473-a666-469c-b589-98c9da968e19","adjacentCount":2,"blocksGap":10,"alignItems":"center","justifyContent":"center"} -->
<div id="wd-d4d4d473" class="wp-block-wd-column wd-align-is-lg-center"><!-- wp:wd/title {"blockId":"8f16a65d-8142-43e1-913e-e8feecefe3d3","textAlign":"center","design":"simple","content":"WHAT THEY SAY ABOUT US","tpFontSize":"22","tpFontSizeMobile":"20"} -->
<h2 id="wd-8f16a65d" class="wp-block-wd-title title wd-align wd-design-simple"><span>WHAT THEY SAY ABOUT US</span></h2>
<!-- /wp:wd/title -->

<!-- wp:wd/carousel {"blockId":"197158f2-d00a-4adb-b173-5eb52219e8d7","slidesPerView":"1","paginationControl":false,"paginationControlTablet":false,"paginationControlMobile":false,"syncParentId":"wd_197158f2","displayWidth":"custom","customWidth":"490","displayWidthTablet":"custom","displayWidthMobile":"custom","customWidthTablet":"315","customWidthMobile":"444"} -->
<div id="wd-197158f2" class="wp-block-wd-carousel wd-carousel-container wd-custom-width"><div class="wd-carousel-inner"><div class="wd-carousel wd-grid" style="--wd-col-lg:1;--wd-col-md:1;--wd-col-sm:1;--wd-gap-lg:20px;--wd-gap-sm:10px" data-scroll_per_page="yes"><div class="wd-carousel-wrap"><!-- wp:wd/carousel-item {"blockId":"312c1c43-c3df-4cb1-a799-12cc908afc37"} -->
<div id="wd-312c1c43" class="wp-block-wd-carousel-item wd-carousel-item"><!-- wp:wd/testimonial {"blockId":"e9214710-5d8f-47b9-a4fb-5301f22d1ee1","design":"2","alignment":"center"} -->
<div id="wd-e9214710" class="wp-block-wd-testimonial wd-align wd-design-2"><!-- wp:wd/container {"blockId":"fef7725a-da39-4e20-9d8a-7599a23a68a9","extraClass":"wd-testimonial-heading"} -->
<div id="wd-fef7725a" class="wp-block-wd-container wd-dir-col wd-testimonial-heading"><!-- wp:wd/image {"blockId":"28c6fe49-29f4-4958-828d-26bae41a864c","image":{"id":14799,"url":"https://dummy.xtemos.com/woodmart2/gutenberg/wp-content/uploads/sites/24/2024/06/cars-testimon-1.jpg"},"imageData":{"url":"https://dummy.xtemos.com/woodmart2/gutenberg/wp-content/uploads/sites/24/2024/06/cars-testimon-1.jpg","width":150,"height":150}} -->
<div id="wd-28c6fe49" class="wp-block-wd-image wd-block-image"><img class="wp-image-14799" src="https://dummy.xtemos.com/woodmart2/gutenberg/wp-content/uploads/sites/24/2024/06/cars-testimon-1.jpg" /></div>
<!-- /wp:wd/image -->

<!-- wp:wd/container {"blockId":"4078108c-fe16-41d3-be10-4627cd10965e"} -->
<div id="wd-4078108c" class="wp-block-wd-container wd-dir-col"><!-- wp:wd/star-rating {"blockId":"54aa7db4-72d7-469a-a0fa-1bc6834fcaca"} -->
<div id="wd-54aa7db4" class="wp-block-wd-star-rating"><span class="star-rating"><span style="width:100%"></span></span></div>
<!-- /wp:wd/star-rating -->

<!-- wp:wd/paragraph {"blockId":"cb70bd5d-e794-4e15-857f-fc5ecde3eb64"} -->
<p id="wd-cb70bd5d" class="wp-block-wd-paragraph">Imperdiet a in a magna cursus tristique sed eros sed scelerisque purus netus ridiculus a gravida non fusce maecenas adipiscing suspendisse netus sed a rutrum odio nisi.</p>
<!-- /wp:wd/paragraph -->

<!-- wp:wd/paragraph {"blockId":"962f1271-733f-488d-b7f3-853fd5208059","markColorCode":"#000000"} -->
<p id="wd-962f1271" class="wp-block-wd-paragraph"><span class="wd-highlight"><strong>Colombo Nicomede</strong></span> - Happy customer</p>
<!-- /wp:wd/paragraph --></div>
<!-- /wp:wd/container --></div>
<!-- /wp:wd/container --></div>
<!-- /wp:wd/testimonial --></div>
<!-- /wp:wd/carousel-item -->

<!-- wp:wd/carousel-item {"blockId":"9c9e4791-0524-4c56-b4ee-0583fd615e2c"} -->
<div id="wd-9c9e4791" class="wp-block-wd-carousel-item wd-carousel-item"><!-- wp:wd/testimonial {"blockId":"98480fdf-cb53-4252-b41d-26b15ec5f6b2","design":"2","alignment":"center"} -->
<div id="wd-98480fdf" class="wp-block-wd-testimonial wd-align wd-design-2"><!-- wp:wd/container {"blockId":"c6791f0c-c745-44be-9665-6963378c79da","extraClass":"wd-testimonial-heading"} -->
<div id="wd-c6791f0c" class="wp-block-wd-container wd-dir-col wd-testimonial-heading"><!-- wp:wd/image {"blockId":"27174626-f1ea-4459-acd3-da9a00d425b6","image":{"id":11065,"url":"https://dummy.xtemos.com/woodmart2/gutenberg/wp-content/uploads/sites/24/2024/05/jewellery-testimonial-2.jpg"},"imageData":{"url":"https://dummy.xtemos.com/woodmart2/gutenberg/wp-content/uploads/sites/24/2024/05/jewellery-testimonial-2.jpg","width":100,"height":100}} -->
<div id="wd-27174626" class="wp-block-wd-image wd-block-image"><img class="wp-image-11065" src="https://dummy.xtemos.com/woodmart2/gutenberg/wp-content/uploads/sites/24/2024/05/jewellery-testimonial-2.jpg" /></div>
<!-- /wp:wd/image -->

<!-- wp:wd/container {"blockId":"7c2cf214-510e-4ad2-b038-06f7d871e45e"} -->
<div id="wd-7c2cf214" class="wp-block-wd-container wd-dir-col"><!-- wp:wd/star-rating {"blockId":"b74bc4f7-92e4-4bc1-a177-604d4e54c5fb"} -->
<div id="wd-b74bc4f7" class="wp-block-wd-star-rating"><span class="star-rating"><span style="width:100%"></span></span></div>
<!-- /wp:wd/star-rating -->

<!-- wp:wd/paragraph {"blockId":"1de31f91-17ca-460a-bae3-cc8848171b87"} -->
<p id="wd-1de31f91" class="wp-block-wd-paragraph">Fringilla iaculis ante torquent a diam a vestibulum diam nisi augue dictumst parturient a vestibulum tortor viverra inceptos adipiscing nec a ullamcorper.Ullamcorper aliqua.</p>
<!-- /wp:wd/paragraph -->

<!-- wp:wd/paragraph {"blockId":"db7f4ee2-e40e-484d-bd91-7289cb5f9282","markColorCode":"#000000"} -->
<p id="wd-db7f4ee2" class="wp-block-wd-paragraph"><span class="wd-highlight"><strong>Elsa Nora</strong></span> - Happy Customer</p>
<!-- /wp:wd/paragraph --></div>
<!-- /wp:wd/container --></div>
<!-- /wp:wd/container --></div>
<!-- /wp:wd/testimonial --></div>
<!-- /wp:wd/carousel-item -->

<!-- wp:wd/carousel-item {"blockId":"7e90005e-1700-43b2-9545-7598d14e901c"} -->
<div id="wd-7e90005e" class="wp-block-wd-carousel-item wd-carousel-item"><!-- wp:wd/testimonial {"blockId":"ce30610d-c945-42c2-9783-c9502291b335","design":"2","alignment":"center"} -->
<div id="wd-ce30610d" class="wp-block-wd-testimonial wd-align wd-design-2"><!-- wp:wd/container {"blockId":"4feb30ac-be08-414b-99d5-5a2d26e8528d","extraClass":"wd-testimonial-heading"} -->
<div id="wd-4feb30ac" class="wp-block-wd-container wd-dir-col wd-testimonial-heading"><!-- wp:wd/image {"blockId":"fabd4975-cbed-421a-b95c-1789d5df26fb","image":{"id":14800,"url":"https://dummy.xtemos.com/woodmart2/gutenberg/wp-content/uploads/sites/24/2024/06/cars-testimon-3.jpg"},"imageData":{"url":"https://dummy.xtemos.com/woodmart2/gutenberg/wp-content/uploads/sites/24/2024/06/cars-testimon-3.jpg","width":150,"height":150}} -->
<div id="wd-fabd4975" class="wp-block-wd-image wd-block-image"><img class="wp-image-14800" src="https://dummy.xtemos.com/woodmart2/gutenberg/wp-content/uploads/sites/24/2024/06/cars-testimon-3.jpg" /></div>
<!-- /wp:wd/image -->

<!-- wp:wd/container {"blockId":"b38d06b2-04f2-465c-890e-5c23a8ca7457"} -->
<div id="wd-b38d06b2" class="wp-block-wd-container wd-dir-col"><!-- wp:wd/star-rating {"blockId":"08b09e4d-1769-4477-822b-032a2038a9d2"} -->
<div id="wd-08b09e4d" class="wp-block-wd-star-rating"><span class="star-rating"><span style="width:100%"></span></span></div>
<!-- /wp:wd/star-rating -->

<!-- wp:wd/paragraph {"blockId":"c7a38320-6e27-4f6a-9dec-e98ba420f313"} -->
<p id="wd-c7a38320" class="wp-block-wd-paragraph">Faucibus nisi class consectetur habitant aenean id accumsan scelerisque&nbsp;libero nam sodales consequat nulla parturient hac a a nam condimentum. Accumsan a nunc lectus.</p>
<!-- /wp:wd/paragraph -->

<!-- wp:wd/paragraph {"blockId":"7be2eea7-f329-4193-bb35-cf4a1acede3e","markColorCode":"#000000"} -->
<p id="wd-7be2eea7" class="wp-block-wd-paragraph"><span class="wd-highlight"><strong>Walter Leone</strong></span> - Happy Customer</p>
<!-- /wp:wd/paragraph --></div>
<!-- /wp:wd/container --></div>
<!-- /wp:wd/container --></div>
<!-- /wp:wd/testimonial --></div>
<!-- /wp:wd/carousel-item --></div></div><div class="wd-nav-arrows wd-pos-sep wd-hover-1 wd-icon-1"><div class="wd-btn-arrow wd-prev"><div class="wd-arrow-inner"></div></div><div class="wd-btn-arrow wd-next"><div class="wd-arrow-inner"></div></div></div></div></div>
<!-- /wp:wd/carousel --></div>
<!-- /wp:wd/column -->

<!-- wp:wd/column {"blockId":"0ab3d17c-8778-47a1-82a9-6368e504e7b0","adjacentCount":2,"justifyContent":"center"} -->
<div id="wd-0ab3d17c" class="wp-block-wd-column"><!-- wp:wd/instagram {"blockId":"aff14c4a-b96c-429b-835e-6cf591f1db9c","images":[{"id":25198,"url":"https://dummy.xtemos.com/woodmart2/gutenberg/wp-content/uploads/sites/24/2024/07/categories-inst-1.jpg","width":640,"height":640},{"id":25199,"url":"https://dummy.xtemos.com/woodmart2/gutenberg/wp-content/uploads/sites/24/2024/07/categories-inst-2.jpg","width":640,"height":640},{"id":25200,"url":"https://dummy.xtemos.com/woodmart2/gutenberg/wp-content/uploads/sites/24/2024/07/categories-inst-3.jpg","width":640,"height":640},{"id":25201,"url":"https://dummy.xtemos.com/woodmart2/gutenberg/wp-content/uploads/sites/24/2024/07/categories-inst-4.jpg","width":640,"height":640},{"id":25202,"url":"https://dummy.xtemos.com/woodmart2/gutenberg/wp-content/uploads/sites/24/2024/07/categories-inst-5.jpg","width":640,"height":640},{"id":25203,"url":"https://dummy.xtemos.com/woodmart2/gutenberg/wp-content/uploads/sites/24/2024/07/categories-inst-6.jpg","width":640,"height":640}],"spacing_custom":"6","show_meta":false,"show_content":true,"per_rowMobile":2} -->
<!-- wp:wd/container {"blockId":"bb701cd7-8212-4277-8906-839aa87130d3","textAlign":"center","rowGap":"10"} -->
<div id="wd-bb701cd7" class="wp-block-wd-container wd-dir-col wd-align"><!-- wp:wd/title {"blockId":"1920b396-ceb7-4189-8f1f-47ed496a7b8e","content":"INSTAGRAM","tpFontSize":"18"} -->
<h2 id="wd-1920b396" class="wp-block-wd-title title">INSTAGRAM</h2>
<!-- /wp:wd/title -->

<!-- wp:wd/paragraph {"blockId":"9f5a4aa7-c365-4de8-957b-67c157ec7312","colorCode":"#c4c4c4","tpFontSize":"12","tpFontVariant":"600","tpFontWeight":"600"} -->
<p id="wd-9f5a4aa7" class="wp-block-wd-paragraph">@NAME_ACCOUNT</p>
<!-- /wp:wd/paragraph -->

<!-- wp:wd/paragraph {"blockId":"9f882007-7812-4ed7-8a77-46a4b74577c5"} -->
<p id="wd-9f882007" class="wp-block-wd-paragraph">Lorem ipsum dolor sit amet, consectetur adipiscing elit, sed do eiusmod tempor.</p>
<!-- /wp:wd/paragraph --></div>
<!-- /wp:wd/container -->
<!-- /wp:wd/instagram --></div>
<!-- /wp:wd/column --></div>
<!-- /wp:wd/row -->]]></content:encoded>
															<wp:post_id>25134</wp:post_id>
					<wp:post_date><![CDATA[2024-07-08 08:52:32]]></wp:post_date>
					<wp:post_date_gmt><![CDATA[2024-07-08 08:52:32]]></wp:post_date_gmt>
					<wp:post_modified><![CDATA[2024-10-22 13:40:52]]></wp:post_modified>
					<wp:post_modified_gmt><![CDATA[2024-10-22 13:40:52]]></wp:post_modified_gmt>
					<wp:comment_status><![CDATA[closed]]></wp:comment_status>
					<wp:post_name><![CDATA[home-categories]]></wp:post_name>
					<wp:status><![CDATA[publish]]></wp:status>
					<wp:post_parent>0</wp:post_parent>
					<wp:menu_order>0</wp:menu_order>
					<wp:post_type><![CDATA[page]]></wp:post_type>
																					<wp:postmeta>
							<wp:meta_key><![CDATA[_woodmart_whb_header]]></wp:meta_key>
							<wp:meta_value><![CDATA[header_158143]]></wp:meta_value>
						</wp:postmeta>
												<wp:postmeta>
							<wp:meta_key><![CDATA[_woodmart_title_off]]></wp:meta_key>
							<wp:meta_value><![CDATA[on]]></wp:meta_value>
						</wp:postmeta>
												<wp:postmeta>
							<wp:meta_key><![CDATA[_woodmart_page-title-size]]></wp:meta_key>
							<wp:meta_value><![CDATA[inherit]]></wp:meta_value>
						</wp:postmeta>
												<wp:postmeta>
							<wp:meta_key><![CDATA[_woodmart_title_image]]></wp:meta_key>
							<wp:meta_value><![CDATA[a:2:{s:3:"url";s:0:"";s:2:"id";s:0:"";}]]></wp:meta_value>
						</wp:postmeta>
												<wp:postmeta>
							<wp:meta_key><![CDATA[_woodmart_main_layout]]></wp:meta_key>
							<wp:meta_value><![CDATA[full-width]]></wp:meta_value>
						</wp:postmeta>
												<wp:postmeta>
							<wp:meta_key><![CDATA[_woodmart_prefooter_off]]></wp:meta_key>
							<wp:meta_value><![CDATA[on]]></wp:meta_value>
						</wp:postmeta>
										</item>
								<item>
					<title><![CDATA[categories-bg]]></title>
					<link>https://dummy.xtemos.com/woodmart2/gutenberg/categories-bg/</link>
					<pubDate>Mon, 08 Jul 2024 09:34:42 +0000</pubDate>
					<dc:creator><![CDATA[maksimkliakhin]]></dc:creator>
					<guid isPermaLink="false">https://dummy.xtemos.com/woodmart2/gutenberg/wp-content/uploads/sites/24/2024/07/categories-bg.jpg</guid>
															<wp:post_id>25197</wp:post_id>
					<wp:post_date><![CDATA[2024-07-08 09:34:42]]></wp:post_date>
					<wp:post_date_gmt><![CDATA[2024-07-08 09:34:42]]></wp:post_date_gmt>
					<wp:post_modified><![CDATA[2024-07-08 09:34:42]]></wp:post_modified>
					<wp:post_modified_gmt><![CDATA[2024-07-08 09:34:42]]></wp:post_modified_gmt>
					<wp:comment_status><![CDATA[open]]></wp:comment_status>
					<wp:post_name><![CDATA[categories-bg]]></wp:post_name>
					<wp:status><![CDATA[inherit]]></wp:status>
					<wp:post_parent>0</wp:post_parent>
					<wp:menu_order>0</wp:menu_order>
					<wp:post_type><![CDATA[attachment]]></wp:post_type>
											<wp:attachment_url><![CDATA[https://dummy.xtemos.com/woodmart2/gutenberg/wp-content/uploads/sites/24/2024/07/categories-bg.jpg]]></wp:attachment_url>
																					<wp:postmeta>
							<wp:meta_key><![CDATA[_wp_attached_file]]></wp:meta_key>
							<wp:meta_value><![CDATA[2024/07/categories-bg.jpg]]></wp:meta_value>
						</wp:postmeta>
										</item>
								<item>
					<title><![CDATA[categories-inst-1]]></title>
					<link>https://dummy.xtemos.com/woodmart2/gutenberg/categories-inst-1/</link>
					<pubDate>Mon, 08 Jul 2024 09:34:42 +0000</pubDate>
					<dc:creator><![CDATA[maksimkliakhin]]></dc:creator>
					<guid isPermaLink="false">https://dummy.xtemos.com/woodmart2/gutenberg/wp-content/uploads/sites/24/2024/07/categories-inst-1.jpg</guid>
															<wp:post_id>25198</wp:post_id>
					<wp:post_date><![CDATA[2024-07-08 09:34:42]]></wp:post_date>
					<wp:post_date_gmt><![CDATA[2024-07-08 09:34:42]]></wp:post_date_gmt>
					<wp:post_modified><![CDATA[2024-07-08 09:34:42]]></wp:post_modified>
					<wp:post_modified_gmt><![CDATA[2024-07-08 09:34:42]]></wp:post_modified_gmt>
					<wp:comment_status><![CDATA[open]]></wp:comment_status>
					<wp:post_name><![CDATA[categories-inst-1]]></wp:post_name>
					<wp:status><![CDATA[inherit]]></wp:status>
					<wp:post_parent>0</wp:post_parent>
					<wp:menu_order>0</wp:menu_order>
					<wp:post_type><![CDATA[attachment]]></wp:post_type>
											<wp:attachment_url><![CDATA[https://dummy.xtemos.com/woodmart2/gutenberg/wp-content/uploads/sites/24/2024/07/categories-inst-1.jpg]]></wp:attachment_url>
																					<wp:postmeta>
							<wp:meta_key><![CDATA[_wp_attached_file]]></wp:meta_key>
							<wp:meta_value><![CDATA[2024/07/categories-inst-1.jpg]]></wp:meta_value>
						</wp:postmeta>
										</item>
								<item>
					<title><![CDATA[categories-inst-2]]></title>
					<link>https://dummy.xtemos.com/woodmart2/gutenberg/categories-inst-2/</link>
					<pubDate>Mon, 08 Jul 2024 09:34:43 +0000</pubDate>
					<dc:creator><![CDATA[maksimkliakhin]]></dc:creator>
					<guid isPermaLink="false">https://dummy.xtemos.com/woodmart2/gutenberg/wp-content/uploads/sites/24/2024/07/categories-inst-2.jpg</guid>
															<wp:post_id>25199</wp:post_id>
					<wp:post_date><![CDATA[2024-07-08 09:34:43]]></wp:post_date>
					<wp:post_date_gmt><![CDATA[2024-07-08 09:34:43]]></wp:post_date_gmt>
					<wp:post_modified><![CDATA[2024-07-08 09:34:43]]></wp:post_modified>
					<wp:post_modified_gmt><![CDATA[2024-07-08 09:34:43]]></wp:post_modified_gmt>
					<wp:comment_status><![CDATA[open]]></wp:comment_status>
					<wp:post_name><![CDATA[categories-inst-2]]></wp:post_name>
					<wp:status><![CDATA[inherit]]></wp:status>
					<wp:post_parent>0</wp:post_parent>
					<wp:menu_order>0</wp:menu_order>
					<wp:post_type><![CDATA[attachment]]></wp:post_type>
											<wp:attachment_url><![CDATA[https://dummy.xtemos.com/woodmart2/gutenberg/wp-content/uploads/sites/24/2024/07/categories-inst-2.jpg]]></wp:attachment_url>
																					<wp:postmeta>
							<wp:meta_key><![CDATA[_wp_attached_file]]></wp:meta_key>
							<wp:meta_value><![CDATA[2024/07/categories-inst-2.jpg]]></wp:meta_value>
						</wp:postmeta>
										</item>
								<item>
					<title><![CDATA[categories-inst-3]]></title>
					<link>https://dummy.xtemos.com/woodmart2/gutenberg/categories-inst-3/</link>
					<pubDate>Mon, 08 Jul 2024 09:34:44 +0000</pubDate>
					<dc:creator><![CDATA[maksimkliakhin]]></dc:creator>
					<guid isPermaLink="false">https://dummy.xtemos.com/woodmart2/gutenberg/wp-content/uploads/sites/24/2024/07/categories-inst-3.jpg</guid>
															<wp:post_id>25200</wp:post_id>
					<wp:post_date><![CDATA[2024-07-08 09:34:44]]></wp:post_date>
					<wp:post_date_gmt><![CDATA[2024-07-08 09:34:44]]></wp:post_date_gmt>
					<wp:post_modified><![CDATA[2024-07-08 09:34:44]]></wp:post_modified>
					<wp:post_modified_gmt><![CDATA[2024-07-08 09:34:44]]></wp:post_modified_gmt>
					<wp:comment_status><![CDATA[open]]></wp:comment_status>
					<wp:post_name><![CDATA[categories-inst-3]]></wp:post_name>
					<wp:status><![CDATA[inherit]]></wp:status>
					<wp:post_parent>0</wp:post_parent>
					<wp:menu_order>0</wp:menu_order>
					<wp:post_type><![CDATA[attachment]]></wp:post_type>
											<wp:attachment_url><![CDATA[https://dummy.xtemos.com/woodmart2/gutenberg/wp-content/uploads/sites/24/2024/07/categories-inst-3.jpg]]></wp:attachment_url>
																					<wp:postmeta>
							<wp:meta_key><![CDATA[_wp_attached_file]]></wp:meta_key>
							<wp:meta_value><![CDATA[2024/07/categories-inst-3.jpg]]></wp:meta_value>
						</wp:postmeta>
										</item>
								<item>
					<title><![CDATA[categories-inst-4]]></title>
					<link>https://dummy.xtemos.com/woodmart2/gutenberg/categories-inst-4/</link>
					<pubDate>Mon, 08 Jul 2024 09:34:44 +0000</pubDate>
					<dc:creator><![CDATA[maksimkliakhin]]></dc:creator>
					<guid isPermaLink="false">https://dummy.xtemos.com/woodmart2/gutenberg/wp-content/uploads/sites/24/2024/07/categories-inst-4.jpg</guid>
															<wp:post_id>25201</wp:post_id>
					<wp:post_date><![CDATA[2024-07-08 09:34:44]]></wp:post_date>
					<wp:post_date_gmt><![CDATA[2024-07-08 09:34:44]]></wp:post_date_gmt>
					<wp:post_modified><![CDATA[2024-07-08 09:34:44]]></wp:post_modified>
					<wp:post_modified_gmt><![CDATA[2024-07-08 09:34:44]]></wp:post_modified_gmt>
					<wp:comment_status><![CDATA[open]]></wp:comment_status>
					<wp:post_name><![CDATA[categories-inst-4]]></wp:post_name>
					<wp:status><![CDATA[inherit]]></wp:status>
					<wp:post_parent>0</wp:post_parent>
					<wp:menu_order>0</wp:menu_order>
					<wp:post_type><![CDATA[attachment]]></wp:post_type>
											<wp:attachment_url><![CDATA[https://dummy.xtemos.com/woodmart2/gutenberg/wp-content/uploads/sites/24/2024/07/categories-inst-4.jpg]]></wp:attachment_url>
																					<wp:postmeta>
							<wp:meta_key><![CDATA[_wp_attached_file]]></wp:meta_key>
							<wp:meta_value><![CDATA[2024/07/categories-inst-4.jpg]]></wp:meta_value>
						</wp:postmeta>
										</item>
								<item>
					<title><![CDATA[categories-inst-5]]></title>
					<link>https://dummy.xtemos.com/woodmart2/gutenberg/categories-inst-5/</link>
					<pubDate>Mon, 08 Jul 2024 09:34:45 +0000</pubDate>
					<dc:creator><![CDATA[maksimkliakhin]]></dc:creator>
					<guid isPermaLink="false">https://dummy.xtemos.com/woodmart2/gutenberg/wp-content/uploads/sites/24/2024/07/categories-inst-5.jpg</guid>
															<wp:post_id>25202</wp:post_id>
					<wp:post_date><![CDATA[2024-07-08 09:34:45]]></wp:post_date>
					<wp:post_date_gmt><![CDATA[2024-07-08 09:34:45]]></wp:post_date_gmt>
					<wp:post_modified><![CDATA[2024-07-08 09:34:45]]></wp:post_modified>
					<wp:post_modified_gmt><![CDATA[2024-07-08 09:34:45]]></wp:post_modified_gmt>
					<wp:comment_status><![CDATA[open]]></wp:comment_status>
					<wp:post_name><![CDATA[categories-inst-5]]></wp:post_name>
					<wp:status><![CDATA[inherit]]></wp:status>
					<wp:post_parent>0</wp:post_parent>
					<wp:menu_order>0</wp:menu_order>
					<wp:post_type><![CDATA[attachment]]></wp:post_type>
											<wp:attachment_url><![CDATA[https://dummy.xtemos.com/woodmart2/gutenberg/wp-content/uploads/sites/24/2024/07/categories-inst-5.jpg]]></wp:attachment_url>
																					<wp:postmeta>
							<wp:meta_key><![CDATA[_wp_attached_file]]></wp:meta_key>
							<wp:meta_value><![CDATA[2024/07/categories-inst-5.jpg]]></wp:meta_value>
						</wp:postmeta>
										</item>
								<item>
					<title><![CDATA[categories-inst-6]]></title>
					<link>https://dummy.xtemos.com/woodmart2/gutenberg/categories-inst-6/</link>
					<pubDate>Mon, 08 Jul 2024 09:34:45 +0000</pubDate>
					<dc:creator><![CDATA[maksimkliakhin]]></dc:creator>
					<guid isPermaLink="false">https://dummy.xtemos.com/woodmart2/gutenberg/wp-content/uploads/sites/24/2024/07/categories-inst-6.jpg</guid>
															<wp:post_id>25203</wp:post_id>
					<wp:post_date><![CDATA[2024-07-08 09:34:45]]></wp:post_date>
					<wp:post_date_gmt><![CDATA[2024-07-08 09:34:45]]></wp:post_date_gmt>
					<wp:post_modified><![CDATA[2024-07-08 09:34:45]]></wp:post_modified>
					<wp:post_modified_gmt><![CDATA[2024-07-08 09:34:45]]></wp:post_modified_gmt>
					<wp:comment_status><![CDATA[open]]></wp:comment_status>
					<wp:post_name><![CDATA[categories-inst-6]]></wp:post_name>
					<wp:status><![CDATA[inherit]]></wp:status>
					<wp:post_parent>0</wp:post_parent>
					<wp:menu_order>0</wp:menu_order>
					<wp:post_type><![CDATA[attachment]]></wp:post_type>
											<wp:attachment_url><![CDATA[https://dummy.xtemos.com/woodmart2/gutenberg/wp-content/uploads/sites/24/2024/07/categories-inst-6.jpg]]></wp:attachment_url>
																					<wp:postmeta>
							<wp:meta_key><![CDATA[_wp_attached_file]]></wp:meta_key>
							<wp:meta_value><![CDATA[2024/07/categories-inst-6.jpg]]></wp:meta_value>
						</wp:postmeta>
										</item>
				</channel>
</rss>
	