{
    "sidebar-1": {
        "widgets": {
            "categories-2": {
                "title": "Categories",
                "count": 0,
                "hierarchical": 0,
                "dropdown": 0
            },
            "woodmart-recent-posts-2": {
                "title": "Recent Posts",
                "limit": 2,
                "offset": 0,
                "order": "DESC",
                "orderby": "date",
                "category": "all",
                "date": true,
                "comment_count": true,
                "thumb": true,
                "thumb_height": 65,
                "thumb_width": 65
            },
            "woodmart-instagram-2": {
                "woodmart_css_id": "",
                "data_divider": "",
                "data_source": "images",
                "images_divider": "",
                "images": "402,400,401,399,398,397,396,395,755",
                "images_size": "100x100",
                "images_link": "https:\/\/www.instagram.com\/ozdesignfurniture\/",
                "images_likes": "1000-10000",
                "images_comments": "0-1000",
                "rounded": "",
                "hide_mask": "",
                "rounding_size": "",
                "custom_rounding_size": "",
                "content_divider": "",
                "title": "Our Instagram",
                "number": "9",
                "size": "full",
                "content": "",
                "content_width": "",
                "content_color_scheme": "",
                "content_color": "",
                "content_bg_color": "",
                "link_divider": "",
                "username": "ozdesignfurniture",
                "target": "_self",
                "link": "",
                "layout_divider": "",
                "design": "",
                "per_row_tabs": "",
                "per_row": "",
                "per_row_tablet": "",
                "per_row_mobile": "",
                "spacing": "",
                "spacing_custom_tabs": "",
                "spacing_custom": "",
                "spacing_custom_tablet": "",
                "spacing_custom_mobile": "",
                "carousel_divider": "",
                "extra_divider": "",
                "el_class": "",
                "css": ""
            },
            "recent-comments-2": {
                "title": "RECENT COMMENTS",
                "number": 5
            }
        }
    },
    "sidebar-shop": {
        "widgets": {
            "woocommerce_price_filter-2": {
                "title": "Filter by price"
            },
            "woodmart-woocommerce-layered-nav-2": {
                "title": "iPhone Compatibility",
                "attribute": "compatibility",
                "category": [
                    "all"
                ],
                "query_type": "and",
                "display": "list",
                "size": "normal",
                "style": "inherit",
                "shape": "round",
                "labels": "on",
                "tooltips": "off",
                "checkboxes": "off",
                "search_by_filters": ""
            },
            "woodmart-woocommerce-layered-nav-3": {
                "title": "Watch Compatibility",
                "attribute": "watch-compatibility",
                "category": [
                    "all"
                ],
                "query_type": "and",
                "display": "list",
                "size": "normal",
                "style": "inherit",
                "shape": "round",
                "labels": "on",
                "tooltips": "off",
                "checkboxes": "off",
                "search_by_filters": ""
            },
            "woodmart-woocommerce-layered-nav-4": {
                "title": "Filter by brand",
                "attribute": "brand",
                "category": [
                    "all"
                ],
                "query_type": "and",
                "display": "list",
                "size": "normal",
                "style": "inherit",
                "shape": "round",
                "labels": "on",
                "tooltips": "off",
                "checkboxes": "off",
                "search_by_filters": ""
            },
            "woodmart-woocommerce-layered-nav-5": {
                "title": "Filter by Color",
                "attribute": "color",
                "category": [
                    "all"
                ],
                "query_type": "and",
                "display": "list",
                "size": "normal",
                "style": "inherit",
                "shape": "round",
                "labels": "on",
                "tooltips": "on",
                "checkboxes": "off",
                "search_by_filters": ""
            },
            "woodmart-woocommerce-layered-nav-6": {
                "title": " Filter by Material",
                "attribute": "material",
                "category": [
                    "all"
                ],
                "query_type": "and",
                "display": "list",
                "size": "normal",
                "style": "inherit",
                "shape": "round",
                "labels": "on",
                "tooltips": "on",
                "checkboxes": "off",
                "search_by_filters": ""
            },
            "woodmart-woocommerce-layered-nav-7": {
                "title": "Featured",
                "attribute": "features",
                "category": [
                    "all"
                ],
                "query_type": "and",
                "display": "list",
                "size": "normal",
                "style": "inherit",
                "shape": "round",
                "labels": "off",
                "tooltips": "off",
                "checkboxes": "off",
                "search_by_filters": ""
            },
            "wd-widget-stock-status-2": {
                "title": "Stock status",
                "instock": "1",
                "onsale": "1",
                "onbackorder": "1"
            },
            "woocommerce_top_rated_products-2": {
                "title": "Top rated products",
                "number": 3
            }
        }
    }
}