<?xml version="1.0" encoding="UTF-8" ?>
	<!-- This is a WordPress eXtended RSS file generated by WordPress as an export of your site. -->
	<!-- It contains information about your site's posts, pages, comments, categories, and other content. -->
	<!-- You may use this file to transfer that content from one site to another. -->
	<!-- This file is not intended to serve as a complete backup of your site. -->

	<!-- To import this information into a WordPress site follow these steps: -->
	<!-- 1. Log in to that site as an administrator. -->
	<!-- 2. Go to Tools: Import in the WordPress admin panel. -->
	<!-- 3. Install the "WordPress" importer from the list. -->
	<!-- 4. Activate & Run Importer. -->
	<!-- 5. Upload this file using the form provided on that page. -->
	<!-- 6. You will first be asked to map the authors in this export file to users -->
	<!--    on the site. For each author, you may choose to map to an -->
	<!--    existing user on the site or to create a new user. -->
	<!-- 7. WordPress will then import each of the posts, pages, comments, categories, etc. -->
	<!--    contained in this file into your site. -->

	<!-- generator="WordPress/6.5.5" created="2024-10-25 09:04" -->
<rss version="2.0"
	xmlns:excerpt="http://wordpress.org/export/1.2/excerpt/"
	xmlns:content="http://purl.org/rss/1.0/modules/content/"
	xmlns:wfw="http://wellformedweb.org/CommentAPI/"
	xmlns:dc="http://purl.org/dc/elements/1.1/"
	xmlns:wp="http://wordpress.org/export/1.2/"
>

<channel>
	<title>Accessories gutenberg</title>
	<link>https://dummy.xtemos.com/woodmart2/accessories-gutenberg</link>
	<description></description>
	<pubDate>Fri, 25 Oct 2024 09:04:24 +0000</pubDate>
	<language>en-US</language>
	<wp:wxr_version>1.2</wp:wxr_version>
	<wp:base_site_url>https://dummy.xtemos.com/woodmart2/</wp:base_site_url>
	<wp:base_blog_url>https://dummy.xtemos.com/woodmart2/accessories-gutenberg</wp:base_blog_url>

		<wp:author><wp:author_id>2</wp:author_id><wp:author_login><![CDATA[zakhar]]></wp:author_login><wp:author_email><![CDATA[zak@asda.as]]></wp:author_email><wp:author_display_name><![CDATA[Mr. Mackay]]></wp:author_display_name><wp:author_first_name><![CDATA[sds]]></wp:author_first_name><wp:author_last_name><![CDATA[scssc]]></wp:author_last_name></wp:author>
	<wp:author><wp:author_id>491</wp:author_id><wp:author_login><![CDATA[maksimkliakhin]]></wp:author_login><wp:author_email><![CDATA[m.kliakhin@gmail.com]]></wp:author_email><wp:author_display_name><![CDATA[Ethan Smith]]></wp:author_display_name><wp:author_first_name><![CDATA[Ethan]]></wp:author_first_name><wp:author_last_name><![CDATA[Smith]]></wp:author_last_name></wp:author>

					<wp:term>
			<wp:term_id>0</wp:term_id>
			<wp:term_taxonomy><![CDATA[]]></wp:term_taxonomy>
			<wp:term_slug><![CDATA[]]></wp:term_slug>
			<wp:term_parent><![CDATA[]]></wp:term_parent>
					</wp:term>
		
	<generator>https://wordpress.org/?v=6.5.5</generator>

					<item>
					<title><![CDATA[accessories-single-product-5]]></title>
					<link>https://dummy.xtemos.com/woodmart2/accessories-gutenberg/?attachment_id=276</link>
					<pubDate>Fri, 12 Jul 2024 12:34:55 +0000</pubDate>
					<dc:creator><![CDATA[maksimkliakhin]]></dc:creator>
					<guid isPermaLink="false">http://dummy.xtemos.com/woodmart2/accessories-gutenberg/wp-content/uploads/sites/26/2024/07/accessories-single-product-5.jpg</guid>
															<wp:post_id>276</wp:post_id>
					<wp:post_date><![CDATA[2024-07-12 12:34:55]]></wp:post_date>
					<wp:post_date_gmt><![CDATA[2024-07-12 12:34:55]]></wp:post_date_gmt>
					<wp:post_modified><![CDATA[2024-07-12 12:34:55]]></wp:post_modified>
					<wp:post_modified_gmt><![CDATA[2024-07-12 12:34:55]]></wp:post_modified_gmt>
					<wp:comment_status><![CDATA[open]]></wp:comment_status>
					<wp:post_name><![CDATA[accessories-single-product-5]]></wp:post_name>
					<wp:status><![CDATA[inherit]]></wp:status>
					<wp:post_parent>160</wp:post_parent>
					<wp:menu_order>0</wp:menu_order>
					<wp:post_type><![CDATA[attachment]]></wp:post_type>
											<wp:attachment_url><![CDATA[http://dummy.xtemos.com/woodmart2/accessories-gutenberg/wp-content/uploads/sites/26/2024/07/accessories-single-product-5.jpg]]></wp:attachment_url>
																					<wp:postmeta>
							<wp:meta_key><![CDATA[_wp_attached_file]]></wp:meta_key>
							<wp:meta_value><![CDATA[2024/07/accessories-single-product-5.jpg]]></wp:meta_value>
						</wp:postmeta>
										</item>
								<item>
					<title><![CDATA[acs-ab-us-img-avatar]]></title>
					<link>https://dummy.xtemos.com/woodmart2/accessories-gutenberg/?attachment_id=287</link>
					<pubDate>Fri, 12 Jul 2024 12:45:44 +0000</pubDate>
					<dc:creator><![CDATA[maksimkliakhin]]></dc:creator>
					<guid isPermaLink="false">http://dummy.xtemos.com/woodmart2/accessories-gutenberg/wp-content/uploads/sites/26/2024/07/acs-ab-us-img-avatar.png</guid>
															<wp:post_id>287</wp:post_id>
					<wp:post_date><![CDATA[2024-07-12 12:45:44]]></wp:post_date>
					<wp:post_date_gmt><![CDATA[2024-07-12 12:45:44]]></wp:post_date_gmt>
					<wp:post_modified><![CDATA[2024-07-12 12:45:44]]></wp:post_modified>
					<wp:post_modified_gmt><![CDATA[2024-07-12 12:45:44]]></wp:post_modified_gmt>
					<wp:comment_status><![CDATA[open]]></wp:comment_status>
					<wp:post_name><![CDATA[acs-ab-us-img-avatar]]></wp:post_name>
					<wp:status><![CDATA[inherit]]></wp:status>
					<wp:post_parent>160</wp:post_parent>
					<wp:menu_order>0</wp:menu_order>
					<wp:post_type><![CDATA[attachment]]></wp:post_type>
											<wp:attachment_url><![CDATA[http://dummy.xtemos.com/woodmart2/accessories-gutenberg/wp-content/uploads/sites/26/2024/07/acs-ab-us-img-avatar.png]]></wp:attachment_url>
																					<wp:postmeta>
							<wp:meta_key><![CDATA[_wp_attached_file]]></wp:meta_key>
							<wp:meta_value><![CDATA[2024/07/acs-ab-us-img-avatar.png]]></wp:meta_value>
						</wp:postmeta>
										</item>
								<item>
					<title><![CDATA[acs-ab-us-img-1]]></title>
					<link>https://dummy.xtemos.com/woodmart2/accessories-gutenberg/about-us/acs-ab-us-img-1/</link>
					<pubDate>Mon, 15 Jul 2024 09:50:45 +0000</pubDate>
					<dc:creator><![CDATA[maksimkliakhin]]></dc:creator>
					<guid isPermaLink="false">http://dummy.xtemos.com/woodmart2/accessories-gutenberg/wp-content/uploads/sites/26/2024/07/acs-ab-us-img-1.jpg</guid>
															<wp:post_id>483</wp:post_id>
					<wp:post_date><![CDATA[2024-07-15 09:50:45]]></wp:post_date>
					<wp:post_date_gmt><![CDATA[2024-07-15 09:50:45]]></wp:post_date_gmt>
					<wp:post_modified><![CDATA[2024-07-15 09:50:45]]></wp:post_modified>
					<wp:post_modified_gmt><![CDATA[2024-07-15 09:50:45]]></wp:post_modified_gmt>
					<wp:comment_status><![CDATA[open]]></wp:comment_status>
					<wp:post_name><![CDATA[acs-ab-us-img-1]]></wp:post_name>
					<wp:status><![CDATA[inherit]]></wp:status>
					<wp:post_parent>162</wp:post_parent>
					<wp:menu_order>0</wp:menu_order>
					<wp:post_type><![CDATA[attachment]]></wp:post_type>
											<wp:attachment_url><![CDATA[http://dummy.xtemos.com/woodmart2/accessories-gutenberg/wp-content/uploads/sites/26/2024/07/acs-ab-us-img-1.jpg]]></wp:attachment_url>
																					<wp:postmeta>
							<wp:meta_key><![CDATA[_wp_attached_file]]></wp:meta_key>
							<wp:meta_value><![CDATA[2024/07/acs-ab-us-img-1.jpg]]></wp:meta_value>
						</wp:postmeta>
										</item>
								<item>
					<title><![CDATA[acs-ab-us-img-2]]></title>
					<link>https://dummy.xtemos.com/woodmart2/accessories-gutenberg/about-us/acs-ab-us-img-2/</link>
					<pubDate>Mon, 15 Jul 2024 09:50:46 +0000</pubDate>
					<dc:creator><![CDATA[maksimkliakhin]]></dc:creator>
					<guid isPermaLink="false">http://dummy.xtemos.com/woodmart2/accessories-gutenberg/wp-content/uploads/sites/26/2024/07/acs-ab-us-img-2.jpg</guid>
															<wp:post_id>484</wp:post_id>
					<wp:post_date><![CDATA[2024-07-15 09:50:46]]></wp:post_date>
					<wp:post_date_gmt><![CDATA[2024-07-15 09:50:46]]></wp:post_date_gmt>
					<wp:post_modified><![CDATA[2024-07-15 09:50:46]]></wp:post_modified>
					<wp:post_modified_gmt><![CDATA[2024-07-15 09:50:46]]></wp:post_modified_gmt>
					<wp:comment_status><![CDATA[open]]></wp:comment_status>
					<wp:post_name><![CDATA[acs-ab-us-img-2]]></wp:post_name>
					<wp:status><![CDATA[inherit]]></wp:status>
					<wp:post_parent>162</wp:post_parent>
					<wp:menu_order>0</wp:menu_order>
					<wp:post_type><![CDATA[attachment]]></wp:post_type>
											<wp:attachment_url><![CDATA[http://dummy.xtemos.com/woodmart2/accessories-gutenberg/wp-content/uploads/sites/26/2024/07/acs-ab-us-img-2.jpg]]></wp:attachment_url>
																					<wp:postmeta>
							<wp:meta_key><![CDATA[_wp_attached_file]]></wp:meta_key>
							<wp:meta_value><![CDATA[2024/07/acs-ab-us-img-2.jpg]]></wp:meta_value>
						</wp:postmeta>
										</item>
								<item>
					<title><![CDATA[acs-ab-us-img-3]]></title>
					<link>https://dummy.xtemos.com/woodmart2/accessories-gutenberg/about-us/acs-ab-us-img-3/</link>
					<pubDate>Mon, 15 Jul 2024 09:51:13 +0000</pubDate>
					<dc:creator><![CDATA[maksimkliakhin]]></dc:creator>
					<guid isPermaLink="false">http://dummy.xtemos.com/woodmart2/accessories-gutenberg/wp-content/uploads/sites/26/2024/07/acs-ab-us-img-3.jpg</guid>
															<wp:post_id>485</wp:post_id>
					<wp:post_date><![CDATA[2024-07-15 09:51:13]]></wp:post_date>
					<wp:post_date_gmt><![CDATA[2024-07-15 09:51:13]]></wp:post_date_gmt>
					<wp:post_modified><![CDATA[2024-07-15 09:51:13]]></wp:post_modified>
					<wp:post_modified_gmt><![CDATA[2024-07-15 09:51:13]]></wp:post_modified_gmt>
					<wp:comment_status><![CDATA[open]]></wp:comment_status>
					<wp:post_name><![CDATA[acs-ab-us-img-3]]></wp:post_name>
					<wp:status><![CDATA[inherit]]></wp:status>
					<wp:post_parent>162</wp:post_parent>
					<wp:menu_order>0</wp:menu_order>
					<wp:post_type><![CDATA[attachment]]></wp:post_type>
											<wp:attachment_url><![CDATA[http://dummy.xtemos.com/woodmart2/accessories-gutenberg/wp-content/uploads/sites/26/2024/07/acs-ab-us-img-3.jpg]]></wp:attachment_url>
																					<wp:postmeta>
							<wp:meta_key><![CDATA[_wp_attached_file]]></wp:meta_key>
							<wp:meta_value><![CDATA[2024/07/acs-ab-us-img-3.jpg]]></wp:meta_value>
						</wp:postmeta>
										</item>
								<item>
					<title><![CDATA[acs-ab-us-team-1]]></title>
					<link>https://dummy.xtemos.com/woodmart2/accessories-gutenberg/about-us/acs-ab-us-team-1/</link>
					<pubDate>Mon, 15 Jul 2024 11:04:41 +0000</pubDate>
					<dc:creator><![CDATA[maksimkliakhin]]></dc:creator>
					<guid isPermaLink="false">http://dummy.xtemos.com/woodmart2/accessories-gutenberg/wp-content/uploads/sites/26/2024/07/acs-ab-us-team-1.jpg</guid>
															<wp:post_id>506</wp:post_id>
					<wp:post_date><![CDATA[2024-07-15 11:04:41]]></wp:post_date>
					<wp:post_date_gmt><![CDATA[2024-07-15 11:04:41]]></wp:post_date_gmt>
					<wp:post_modified><![CDATA[2024-07-15 11:04:41]]></wp:post_modified>
					<wp:post_modified_gmt><![CDATA[2024-07-15 11:04:41]]></wp:post_modified_gmt>
					<wp:comment_status><![CDATA[open]]></wp:comment_status>
					<wp:post_name><![CDATA[acs-ab-us-team-1]]></wp:post_name>
					<wp:status><![CDATA[inherit]]></wp:status>
					<wp:post_parent>162</wp:post_parent>
					<wp:menu_order>0</wp:menu_order>
					<wp:post_type><![CDATA[attachment]]></wp:post_type>
											<wp:attachment_url><![CDATA[http://dummy.xtemos.com/woodmart2/accessories-gutenberg/wp-content/uploads/sites/26/2024/07/acs-ab-us-team-1.jpg]]></wp:attachment_url>
																					<wp:postmeta>
							<wp:meta_key><![CDATA[_wp_attached_file]]></wp:meta_key>
							<wp:meta_value><![CDATA[2024/07/acs-ab-us-team-1.jpg]]></wp:meta_value>
						</wp:postmeta>
										</item>
								<item>
					<title><![CDATA[acs-ab-us-team-2]]></title>
					<link>https://dummy.xtemos.com/woodmart2/accessories-gutenberg/about-us/acs-ab-us-team-2/</link>
					<pubDate>Mon, 15 Jul 2024 11:04:42 +0000</pubDate>
					<dc:creator><![CDATA[maksimkliakhin]]></dc:creator>
					<guid isPermaLink="false">http://dummy.xtemos.com/woodmart2/accessories-gutenberg/wp-content/uploads/sites/26/2024/07/acs-ab-us-team-2.jpg</guid>
															<wp:post_id>507</wp:post_id>
					<wp:post_date><![CDATA[2024-07-15 11:04:42]]></wp:post_date>
					<wp:post_date_gmt><![CDATA[2024-07-15 11:04:42]]></wp:post_date_gmt>
					<wp:post_modified><![CDATA[2024-07-15 11:04:42]]></wp:post_modified>
					<wp:post_modified_gmt><![CDATA[2024-07-15 11:04:42]]></wp:post_modified_gmt>
					<wp:comment_status><![CDATA[open]]></wp:comment_status>
					<wp:post_name><![CDATA[acs-ab-us-team-2]]></wp:post_name>
					<wp:status><![CDATA[inherit]]></wp:status>
					<wp:post_parent>162</wp:post_parent>
					<wp:menu_order>0</wp:menu_order>
					<wp:post_type><![CDATA[attachment]]></wp:post_type>
											<wp:attachment_url><![CDATA[http://dummy.xtemos.com/woodmart2/accessories-gutenberg/wp-content/uploads/sites/26/2024/07/acs-ab-us-team-2.jpg]]></wp:attachment_url>
																					<wp:postmeta>
							<wp:meta_key><![CDATA[_wp_attached_file]]></wp:meta_key>
							<wp:meta_value><![CDATA[2024/07/acs-ab-us-team-2.jpg]]></wp:meta_value>
						</wp:postmeta>
										</item>
								<item>
					<title><![CDATA[acs-ab-us-team-3]]></title>
					<link>https://dummy.xtemos.com/woodmart2/accessories-gutenberg/about-us/acs-ab-us-team-3/</link>
					<pubDate>Mon, 15 Jul 2024 11:04:43 +0000</pubDate>
					<dc:creator><![CDATA[maksimkliakhin]]></dc:creator>
					<guid isPermaLink="false">http://dummy.xtemos.com/woodmart2/accessories-gutenberg/wp-content/uploads/sites/26/2024/07/acs-ab-us-team-3.jpg</guid>
															<wp:post_id>508</wp:post_id>
					<wp:post_date><![CDATA[2024-07-15 11:04:43]]></wp:post_date>
					<wp:post_date_gmt><![CDATA[2024-07-15 11:04:43]]></wp:post_date_gmt>
					<wp:post_modified><![CDATA[2024-07-15 11:04:43]]></wp:post_modified>
					<wp:post_modified_gmt><![CDATA[2024-07-15 11:04:43]]></wp:post_modified_gmt>
					<wp:comment_status><![CDATA[open]]></wp:comment_status>
					<wp:post_name><![CDATA[acs-ab-us-team-3]]></wp:post_name>
					<wp:status><![CDATA[inherit]]></wp:status>
					<wp:post_parent>162</wp:post_parent>
					<wp:menu_order>0</wp:menu_order>
					<wp:post_type><![CDATA[attachment]]></wp:post_type>
											<wp:attachment_url><![CDATA[http://dummy.xtemos.com/woodmart2/accessories-gutenberg/wp-content/uploads/sites/26/2024/07/acs-ab-us-team-3.jpg]]></wp:attachment_url>
																					<wp:postmeta>
							<wp:meta_key><![CDATA[_wp_attached_file]]></wp:meta_key>
							<wp:meta_value><![CDATA[2024/07/acs-ab-us-team-3.jpg]]></wp:meta_value>
						</wp:postmeta>
										</item>
								<item>
					<title><![CDATA[acs-ab-us-team-4]]></title>
					<link>https://dummy.xtemos.com/woodmart2/accessories-gutenberg/about-us/acs-ab-us-team-4/</link>
					<pubDate>Mon, 15 Jul 2024 11:04:44 +0000</pubDate>
					<dc:creator><![CDATA[maksimkliakhin]]></dc:creator>
					<guid isPermaLink="false">http://dummy.xtemos.com/woodmart2/accessories-gutenberg/wp-content/uploads/sites/26/2024/07/acs-ab-us-team-4.jpg</guid>
															<wp:post_id>509</wp:post_id>
					<wp:post_date><![CDATA[2024-07-15 11:04:44]]></wp:post_date>
					<wp:post_date_gmt><![CDATA[2024-07-15 11:04:44]]></wp:post_date_gmt>
					<wp:post_modified><![CDATA[2024-07-15 11:04:44]]></wp:post_modified>
					<wp:post_modified_gmt><![CDATA[2024-07-15 11:04:44]]></wp:post_modified_gmt>
					<wp:comment_status><![CDATA[open]]></wp:comment_status>
					<wp:post_name><![CDATA[acs-ab-us-team-4]]></wp:post_name>
					<wp:status><![CDATA[inherit]]></wp:status>
					<wp:post_parent>162</wp:post_parent>
					<wp:menu_order>0</wp:menu_order>
					<wp:post_type><![CDATA[attachment]]></wp:post_type>
											<wp:attachment_url><![CDATA[http://dummy.xtemos.com/woodmart2/accessories-gutenberg/wp-content/uploads/sites/26/2024/07/acs-ab-us-team-4.jpg]]></wp:attachment_url>
																					<wp:postmeta>
							<wp:meta_key><![CDATA[_wp_attached_file]]></wp:meta_key>
							<wp:meta_value><![CDATA[2024/07/acs-ab-us-team-4.jpg]]></wp:meta_value>
						</wp:postmeta>
										</item>
								<item>
					<title><![CDATA[acs-ab-us-bg]]></title>
					<link>https://dummy.xtemos.com/woodmart2/accessories-gutenberg/about-us/acs-ab-us-bg/</link>
					<pubDate>Mon, 15 Jul 2024 11:21:17 +0000</pubDate>
					<dc:creator><![CDATA[maksimkliakhin]]></dc:creator>
					<guid isPermaLink="false">http://dummy.xtemos.com/woodmart2/accessories-gutenberg/wp-content/uploads/sites/26/2024/07/acs-ab-us-bg.jpg</guid>
															<wp:post_id>519</wp:post_id>
					<wp:post_date><![CDATA[2024-07-15 11:21:17]]></wp:post_date>
					<wp:post_date_gmt><![CDATA[2024-07-15 11:21:17]]></wp:post_date_gmt>
					<wp:post_modified><![CDATA[2024-07-15 11:21:17]]></wp:post_modified>
					<wp:post_modified_gmt><![CDATA[2024-07-15 11:21:17]]></wp:post_modified_gmt>
					<wp:comment_status><![CDATA[open]]></wp:comment_status>
					<wp:post_name><![CDATA[acs-ab-us-bg]]></wp:post_name>
					<wp:status><![CDATA[inherit]]></wp:status>
					<wp:post_parent>162</wp:post_parent>
					<wp:menu_order>0</wp:menu_order>
					<wp:post_type><![CDATA[attachment]]></wp:post_type>
											<wp:attachment_url><![CDATA[http://dummy.xtemos.com/woodmart2/accessories-gutenberg/wp-content/uploads/sites/26/2024/07/acs-ab-us-bg.jpg]]></wp:attachment_url>
																					<wp:postmeta>
							<wp:meta_key><![CDATA[_wp_attached_file]]></wp:meta_key>
							<wp:meta_value><![CDATA[2024/07/acs-ab-us-bg.jpg]]></wp:meta_value>
						</wp:postmeta>
										</item>
								<item>
					<title><![CDATA[acs-ab-us-community]]></title>
					<link>https://dummy.xtemos.com/woodmart2/accessories-gutenberg/about-us/acs-ab-us-community/</link>
					<pubDate>Mon, 15 Jul 2024 11:26:37 +0000</pubDate>
					<dc:creator><![CDATA[maksimkliakhin]]></dc:creator>
					<guid isPermaLink="false">http://dummy.xtemos.com/woodmart2/accessories-gutenberg/wp-content/uploads/sites/26/2024/07/acs-ab-us-community.jpg</guid>
															<wp:post_id>526</wp:post_id>
					<wp:post_date><![CDATA[2024-07-15 11:26:37]]></wp:post_date>
					<wp:post_date_gmt><![CDATA[2024-07-15 11:26:37]]></wp:post_date_gmt>
					<wp:post_modified><![CDATA[2024-07-15 11:26:37]]></wp:post_modified>
					<wp:post_modified_gmt><![CDATA[2024-07-15 11:26:37]]></wp:post_modified_gmt>
					<wp:comment_status><![CDATA[open]]></wp:comment_status>
					<wp:post_name><![CDATA[acs-ab-us-community]]></wp:post_name>
					<wp:status><![CDATA[inherit]]></wp:status>
					<wp:post_parent>162</wp:post_parent>
					<wp:menu_order>0</wp:menu_order>
					<wp:post_type><![CDATA[attachment]]></wp:post_type>
											<wp:attachment_url><![CDATA[http://dummy.xtemos.com/woodmart2/accessories-gutenberg/wp-content/uploads/sites/26/2024/07/acs-ab-us-community.jpg]]></wp:attachment_url>
																					<wp:postmeta>
							<wp:meta_key><![CDATA[_wp_attached_file]]></wp:meta_key>
							<wp:meta_value><![CDATA[2024/07/acs-ab-us-community.jpg]]></wp:meta_value>
						</wp:postmeta>
										</item>
								<item>
					<title><![CDATA[map-point]]></title>
					<link>https://dummy.xtemos.com/woodmart2/accessories-gutenberg/faqs/map-point/</link>
					<pubDate>Mon, 15 Jul 2024 13:00:02 +0000</pubDate>
					<dc:creator><![CDATA[maksimkliakhin]]></dc:creator>
					<guid isPermaLink="false">http://dummy.xtemos.com/woodmart2/accessories-gutenberg/wp-content/uploads/sites/26/2024/07/map-point.svg</guid>
															<wp:post_id>621</wp:post_id>
					<wp:post_date><![CDATA[2024-07-15 13:00:02]]></wp:post_date>
					<wp:post_date_gmt><![CDATA[2024-07-15 13:00:02]]></wp:post_date_gmt>
					<wp:post_modified><![CDATA[2024-07-15 13:00:02]]></wp:post_modified>
					<wp:post_modified_gmt><![CDATA[2024-07-15 13:00:02]]></wp:post_modified_gmt>
					<wp:comment_status><![CDATA[open]]></wp:comment_status>
					<wp:post_name><![CDATA[map-point]]></wp:post_name>
					<wp:status><![CDATA[inherit]]></wp:status>
					<wp:post_parent>170</wp:post_parent>
					<wp:menu_order>0</wp:menu_order>
					<wp:post_type><![CDATA[attachment]]></wp:post_type>
											<wp:attachment_url><![CDATA[http://dummy.xtemos.com/woodmart2/accessories-gutenberg/wp-content/uploads/sites/26/2024/07/map-point.svg]]></wp:attachment_url>
																					<wp:postmeta>
							<wp:meta_key><![CDATA[_wp_attached_file]]></wp:meta_key>
							<wp:meta_value><![CDATA[2024/07/map-point.svg]]></wp:meta_value>
						</wp:postmeta>
										</item>
								<item>
					<title><![CDATA[faqs]]></title>
					<link>https://dummy.xtemos.com/woodmart2/accessories-gutenberg/faqs/faqs-2/</link>
					<pubDate>Mon, 15 Jul 2024 13:36:51 +0000</pubDate>
					<dc:creator><![CDATA[maksimkliakhin]]></dc:creator>
					<guid isPermaLink="false">http://dummy.xtemos.com/woodmart2/accessories-gutenberg/wp-content/uploads/sites/26/2024/07/faqs.jpg</guid>
															<wp:post_id>639</wp:post_id>
					<wp:post_date><![CDATA[2024-07-15 13:36:51]]></wp:post_date>
					<wp:post_date_gmt><![CDATA[2024-07-15 13:36:51]]></wp:post_date_gmt>
					<wp:post_modified><![CDATA[2024-07-15 13:36:51]]></wp:post_modified>
					<wp:post_modified_gmt><![CDATA[2024-07-15 13:36:51]]></wp:post_modified_gmt>
					<wp:comment_status><![CDATA[open]]></wp:comment_status>
					<wp:post_name><![CDATA[faqs-2]]></wp:post_name>
					<wp:status><![CDATA[inherit]]></wp:status>
					<wp:post_parent>170</wp:post_parent>
					<wp:menu_order>0</wp:menu_order>
					<wp:post_type><![CDATA[attachment]]></wp:post_type>
											<wp:attachment_url><![CDATA[http://dummy.xtemos.com/woodmart2/accessories-gutenberg/wp-content/uploads/sites/26/2024/07/faqs.jpg]]></wp:attachment_url>
																					<wp:postmeta>
							<wp:meta_key><![CDATA[_wp_attached_file]]></wp:meta_key>
							<wp:meta_value><![CDATA[2024/07/faqs.jpg]]></wp:meta_value>
						</wp:postmeta>
										</item>
								<item>
					<title><![CDATA[privacy-policy-xtemos-logo]]></title>
					<link>https://dummy.xtemos.com/woodmart2/accessories-gutenberg/privacy-policy/privacy-policy-xtemos-logo/</link>
					<pubDate>Mon, 15 Jul 2024 14:34:25 +0000</pubDate>
					<dc:creator><![CDATA[maksimkliakhin]]></dc:creator>
					<guid isPermaLink="false">http://dummy.xtemos.com/woodmart2/accessories-gutenberg/wp-content/uploads/sites/26/2024/07/privacy-policy-xtemos-logo.svg</guid>
															<wp:post_id>687</wp:post_id>
					<wp:post_date><![CDATA[2024-07-15 14:34:25]]></wp:post_date>
					<wp:post_date_gmt><![CDATA[2024-07-15 14:34:25]]></wp:post_date_gmt>
					<wp:post_modified><![CDATA[2024-07-15 14:34:25]]></wp:post_modified>
					<wp:post_modified_gmt><![CDATA[2024-07-15 14:34:25]]></wp:post_modified_gmt>
					<wp:comment_status><![CDATA[open]]></wp:comment_status>
					<wp:post_name><![CDATA[privacy-policy-xtemos-logo]]></wp:post_name>
					<wp:status><![CDATA[inherit]]></wp:status>
					<wp:post_parent>174</wp:post_parent>
					<wp:menu_order>0</wp:menu_order>
					<wp:post_type><![CDATA[attachment]]></wp:post_type>
											<wp:attachment_url><![CDATA[http://dummy.xtemos.com/woodmart2/accessories-gutenberg/wp-content/uploads/sites/26/2024/07/privacy-policy-xtemos-logo.svg]]></wp:attachment_url>
																					<wp:postmeta>
							<wp:meta_key><![CDATA[_wp_attached_file]]></wp:meta_key>
							<wp:meta_value><![CDATA[2024/07/privacy-policy-xtemos-logo.svg]]></wp:meta_value>
						</wp:postmeta>
										</item>
								<item>
					<title><![CDATA[shipping-2]]></title>
					<link>https://dummy.xtemos.com/woodmart2/accessories-gutenberg/shipping/shipping-2/</link>
					<pubDate>Mon, 15 Jul 2024 14:53:57 +0000</pubDate>
					<dc:creator><![CDATA[maksimkliakhin]]></dc:creator>
					<guid isPermaLink="false">http://dummy.xtemos.com/woodmart2/accessories-gutenberg/wp-content/uploads/sites/26/2024/07/shipping-2.jpg</guid>
															<wp:post_id>699</wp:post_id>
					<wp:post_date><![CDATA[2024-07-15 14:53:57]]></wp:post_date>
					<wp:post_date_gmt><![CDATA[2024-07-15 14:53:57]]></wp:post_date_gmt>
					<wp:post_modified><![CDATA[2024-07-15 14:53:57]]></wp:post_modified>
					<wp:post_modified_gmt><![CDATA[2024-07-15 14:53:57]]></wp:post_modified_gmt>
					<wp:comment_status><![CDATA[open]]></wp:comment_status>
					<wp:post_name><![CDATA[shipping-2]]></wp:post_name>
					<wp:status><![CDATA[inherit]]></wp:status>
					<wp:post_parent>176</wp:post_parent>
					<wp:menu_order>0</wp:menu_order>
					<wp:post_type><![CDATA[attachment]]></wp:post_type>
											<wp:attachment_url><![CDATA[http://dummy.xtemos.com/woodmart2/accessories-gutenberg/wp-content/uploads/sites/26/2024/07/shipping-2.jpg]]></wp:attachment_url>
																					<wp:postmeta>
							<wp:meta_key><![CDATA[_wp_attached_file]]></wp:meta_key>
							<wp:meta_value><![CDATA[2024/07/shipping-2.jpg]]></wp:meta_value>
						</wp:postmeta>
										</item>
								<item>
					<title><![CDATA[video-thumb]]></title>
					<link>https://dummy.xtemos.com/woodmart2/accessories-gutenberg/shipping/video-thumb/</link>
					<pubDate>Tue, 16 Jul 2024 06:45:10 +0000</pubDate>
					<dc:creator><![CDATA[maksimkliakhin]]></dc:creator>
					<guid isPermaLink="false">http://dummy.xtemos.com/woodmart2/accessories-gutenberg/wp-content/uploads/sites/26/2024/07/video-thumb.jpg</guid>
															<wp:post_id>723</wp:post_id>
					<wp:post_date><![CDATA[2024-07-16 06:45:10]]></wp:post_date>
					<wp:post_date_gmt><![CDATA[2024-07-16 06:45:10]]></wp:post_date_gmt>
					<wp:post_modified><![CDATA[2024-07-16 06:45:10]]></wp:post_modified>
					<wp:post_modified_gmt><![CDATA[2024-07-16 06:45:10]]></wp:post_modified_gmt>
					<wp:comment_status><![CDATA[open]]></wp:comment_status>
					<wp:post_name><![CDATA[video-thumb]]></wp:post_name>
					<wp:status><![CDATA[inherit]]></wp:status>
					<wp:post_parent>176</wp:post_parent>
					<wp:menu_order>0</wp:menu_order>
					<wp:post_type><![CDATA[attachment]]></wp:post_type>
											<wp:attachment_url><![CDATA[http://dummy.xtemos.com/woodmart2/accessories-gutenberg/wp-content/uploads/sites/26/2024/07/video-thumb.jpg]]></wp:attachment_url>
																					<wp:postmeta>
							<wp:meta_key><![CDATA[_wp_attached_file]]></wp:meta_key>
							<wp:meta_value><![CDATA[2024/07/video-thumb.jpg]]></wp:meta_value>
						</wp:postmeta>
										</item>
								<item>
					<title><![CDATA[wd-dot]]></title>
					<link>https://dummy.xtemos.com/woodmart2/accessories-gutenberg/shipping/wd-dot/</link>
					<pubDate>Fri, 20 Sep 2024 09:24:07 +0000</pubDate>
					<dc:creator><![CDATA[maksimkliakhin]]></dc:creator>
					<guid isPermaLink="false">http://dummy.xtemos.com/woodmart2/accessories-gutenberg/wp-content/uploads/sites/26/2024/09/wd-dot.svg</guid>
															<wp:post_id>1175</wp:post_id>
					<wp:post_date><![CDATA[2024-09-20 09:24:07]]></wp:post_date>
					<wp:post_date_gmt><![CDATA[2024-09-20 09:24:07]]></wp:post_date_gmt>
					<wp:post_modified><![CDATA[2024-09-20 09:24:07]]></wp:post_modified>
					<wp:post_modified_gmt><![CDATA[2024-09-20 09:24:07]]></wp:post_modified_gmt>
					<wp:comment_status><![CDATA[open]]></wp:comment_status>
					<wp:post_name><![CDATA[wd-dot]]></wp:post_name>
					<wp:status><![CDATA[inherit]]></wp:status>
					<wp:post_parent>176</wp:post_parent>
					<wp:menu_order>0</wp:menu_order>
					<wp:post_type><![CDATA[attachment]]></wp:post_type>
											<wp:attachment_url><![CDATA[http://dummy.xtemos.com/woodmart2/accessories-gutenberg/wp-content/uploads/sites/26/2024/09/wd-dot.svg]]></wp:attachment_url>
																					<wp:postmeta>
							<wp:meta_key><![CDATA[_wp_attached_file]]></wp:meta_key>
							<wp:meta_value><![CDATA[2024/09/wd-dot.svg]]></wp:meta_value>
						</wp:postmeta>
										</item>
								<item>
					<title><![CDATA[w-accessories-product-iphone-13-3.jpg]]></title>
					<link>https://dummy.xtemos.com/woodmart2/accessories-gutenberg/?attachment_id=92</link>
					<pubDate>Fri, 12 Jul 2024 11:15:48 +0000</pubDate>
					<dc:creator><![CDATA[zakhar]]></dc:creator>
					<guid isPermaLink="false">http://dummy.xtemos.com/woodmart2/accessories-gutenberg/wp-content/uploads/sites/26/2024/07/w-accessories-product-iphone-13-3.jpg</guid>
															<wp:post_id>92</wp:post_id>
					<wp:post_date><![CDATA[2024-07-12 11:15:48]]></wp:post_date>
					<wp:post_date_gmt><![CDATA[2024-07-12 11:15:48]]></wp:post_date_gmt>
					<wp:post_modified><![CDATA[2024-07-12 11:15:48]]></wp:post_modified>
					<wp:post_modified_gmt><![CDATA[2024-07-12 11:15:48]]></wp:post_modified_gmt>
					<wp:comment_status><![CDATA[open]]></wp:comment_status>
					<wp:post_name><![CDATA[w-accessories-product-iphone-13-3-jpg]]></wp:post_name>
					<wp:status><![CDATA[inherit]]></wp:status>
					<wp:post_parent>62</wp:post_parent>
					<wp:menu_order>0</wp:menu_order>
					<wp:post_type><![CDATA[attachment]]></wp:post_type>
											<wp:attachment_url><![CDATA[http://dummy.xtemos.com/woodmart2/accessories-gutenberg/wp-content/uploads/sites/26/2024/07/w-accessories-product-iphone-13-3.jpg]]></wp:attachment_url>
																					<wp:postmeta>
							<wp:meta_key><![CDATA[_wp_attached_file]]></wp:meta_key>
							<wp:meta_value><![CDATA[2024/07/w-accessories-product-iphone-13-3.jpg]]></wp:meta_value>
						</wp:postmeta>
												<wp:postmeta>
							<wp:meta_key><![CDATA[_wc_attachment_source]]></wp:meta_key>
							<wp:meta_value><![CDATA[http://dummy.xtemos.com/woodmart2/accessories-elementor/wp-content/uploads/sites/6/2022/09/w-accessories-product-iphone-13-3.jpg]]></wp:meta_value>
						</wp:postmeta>
										</item>
								<item>
					<title><![CDATA[w-accessories-product-iphone-13-3-1.jpg]]></title>
					<link>https://dummy.xtemos.com/woodmart2/accessories-gutenberg/?attachment_id=93</link>
					<pubDate>Fri, 12 Jul 2024 11:15:48 +0000</pubDate>
					<dc:creator><![CDATA[zakhar]]></dc:creator>
					<guid isPermaLink="false">http://dummy.xtemos.com/woodmart2/accessories-gutenberg/wp-content/uploads/sites/26/2024/07/w-accessories-product-iphone-13-3-1.jpg</guid>
															<wp:post_id>93</wp:post_id>
					<wp:post_date><![CDATA[2024-07-12 11:15:48]]></wp:post_date>
					<wp:post_date_gmt><![CDATA[2024-07-12 11:15:48]]></wp:post_date_gmt>
					<wp:post_modified><![CDATA[2024-07-12 11:15:48]]></wp:post_modified>
					<wp:post_modified_gmt><![CDATA[2024-07-12 11:15:48]]></wp:post_modified_gmt>
					<wp:comment_status><![CDATA[open]]></wp:comment_status>
					<wp:post_name><![CDATA[w-accessories-product-iphone-13-3-1-jpg]]></wp:post_name>
					<wp:status><![CDATA[inherit]]></wp:status>
					<wp:post_parent>62</wp:post_parent>
					<wp:menu_order>0</wp:menu_order>
					<wp:post_type><![CDATA[attachment]]></wp:post_type>
											<wp:attachment_url><![CDATA[http://dummy.xtemos.com/woodmart2/accessories-gutenberg/wp-content/uploads/sites/26/2024/07/w-accessories-product-iphone-13-3-1.jpg]]></wp:attachment_url>
																					<wp:postmeta>
							<wp:meta_key><![CDATA[_wp_attached_file]]></wp:meta_key>
							<wp:meta_value><![CDATA[2024/07/w-accessories-product-iphone-13-3-1.jpg]]></wp:meta_value>
						</wp:postmeta>
												<wp:postmeta>
							<wp:meta_key><![CDATA[_wc_attachment_source]]></wp:meta_key>
							<wp:meta_value><![CDATA[http://dummy.xtemos.com/woodmart2/accessories-elementor/wp-content/uploads/sites/6/2022/09/w-accessories-product-iphone-13-3-1.jpg]]></wp:meta_value>
						</wp:postmeta>
										</item>
								<item>
					<title><![CDATA[w-accessories-product-iphone-13-3-2.jpg]]></title>
					<link>https://dummy.xtemos.com/woodmart2/accessories-gutenberg/?attachment_id=94</link>
					<pubDate>Fri, 12 Jul 2024 11:15:49 +0000</pubDate>
					<dc:creator><![CDATA[zakhar]]></dc:creator>
					<guid isPermaLink="false">http://dummy.xtemos.com/woodmart2/accessories-gutenberg/wp-content/uploads/sites/26/2024/07/w-accessories-product-iphone-13-3-2.jpg</guid>
															<wp:post_id>94</wp:post_id>
					<wp:post_date><![CDATA[2024-07-12 11:15:49]]></wp:post_date>
					<wp:post_date_gmt><![CDATA[2024-07-12 11:15:49]]></wp:post_date_gmt>
					<wp:post_modified><![CDATA[2024-07-12 11:15:49]]></wp:post_modified>
					<wp:post_modified_gmt><![CDATA[2024-07-12 11:15:49]]></wp:post_modified_gmt>
					<wp:comment_status><![CDATA[open]]></wp:comment_status>
					<wp:post_name><![CDATA[w-accessories-product-iphone-13-3-2-jpg]]></wp:post_name>
					<wp:status><![CDATA[inherit]]></wp:status>
					<wp:post_parent>62</wp:post_parent>
					<wp:menu_order>0</wp:menu_order>
					<wp:post_type><![CDATA[attachment]]></wp:post_type>
											<wp:attachment_url><![CDATA[http://dummy.xtemos.com/woodmart2/accessories-gutenberg/wp-content/uploads/sites/26/2024/07/w-accessories-product-iphone-13-3-2.jpg]]></wp:attachment_url>
																					<wp:postmeta>
							<wp:meta_key><![CDATA[_wp_attached_file]]></wp:meta_key>
							<wp:meta_value><![CDATA[2024/07/w-accessories-product-iphone-13-3-2.jpg]]></wp:meta_value>
						</wp:postmeta>
												<wp:postmeta>
							<wp:meta_key><![CDATA[_wc_attachment_source]]></wp:meta_key>
							<wp:meta_value><![CDATA[http://dummy.xtemos.com/woodmart2/accessories-elementor/wp-content/uploads/sites/6/2022/09/w-accessories-product-iphone-13-3-2.jpg]]></wp:meta_value>
						</wp:postmeta>
										</item>
								<item>
					<title><![CDATA[w-accessories-product-iphone-13-1-3.jpg]]></title>
					<link>https://dummy.xtemos.com/woodmart2/accessories-gutenberg/?attachment_id=95</link>
					<pubDate>Fri, 12 Jul 2024 11:15:49 +0000</pubDate>
					<dc:creator><![CDATA[zakhar]]></dc:creator>
					<guid isPermaLink="false">http://dummy.xtemos.com/woodmart2/accessories-gutenberg/wp-content/uploads/sites/26/2024/07/w-accessories-product-iphone-13-1-3.jpg</guid>
															<wp:post_id>95</wp:post_id>
					<wp:post_date><![CDATA[2024-07-12 11:15:49]]></wp:post_date>
					<wp:post_date_gmt><![CDATA[2024-07-12 11:15:49]]></wp:post_date_gmt>
					<wp:post_modified><![CDATA[2024-07-12 11:15:49]]></wp:post_modified>
					<wp:post_modified_gmt><![CDATA[2024-07-12 11:15:49]]></wp:post_modified_gmt>
					<wp:comment_status><![CDATA[open]]></wp:comment_status>
					<wp:post_name><![CDATA[w-accessories-product-iphone-13-1-3-jpg]]></wp:post_name>
					<wp:status><![CDATA[inherit]]></wp:status>
					<wp:post_parent>63</wp:post_parent>
					<wp:menu_order>0</wp:menu_order>
					<wp:post_type><![CDATA[attachment]]></wp:post_type>
											<wp:attachment_url><![CDATA[http://dummy.xtemos.com/woodmart2/accessories-gutenberg/wp-content/uploads/sites/26/2024/07/w-accessories-product-iphone-13-1-3.jpg]]></wp:attachment_url>
																					<wp:postmeta>
							<wp:meta_key><![CDATA[_wp_attached_file]]></wp:meta_key>
							<wp:meta_value><![CDATA[2024/07/w-accessories-product-iphone-13-1-3.jpg]]></wp:meta_value>
						</wp:postmeta>
												<wp:postmeta>
							<wp:meta_key><![CDATA[_wc_attachment_source]]></wp:meta_key>
							<wp:meta_value><![CDATA[http://dummy.xtemos.com/woodmart2/accessories-elementor/wp-content/uploads/sites/6/2022/09/w-accessories-product-iphone-13-1-3.jpg]]></wp:meta_value>
						</wp:postmeta>
										</item>
								<item>
					<title><![CDATA[w-accessories-product-iphone-13-1-1.jpg]]></title>
					<link>https://dummy.xtemos.com/woodmart2/accessories-gutenberg/?attachment_id=96</link>
					<pubDate>Fri, 12 Jul 2024 11:15:49 +0000</pubDate>
					<dc:creator><![CDATA[zakhar]]></dc:creator>
					<guid isPermaLink="false">http://dummy.xtemos.com/woodmart2/accessories-gutenberg/wp-content/uploads/sites/26/2024/07/w-accessories-product-iphone-13-1-1.jpg</guid>
															<wp:post_id>96</wp:post_id>
					<wp:post_date><![CDATA[2024-07-12 11:15:49]]></wp:post_date>
					<wp:post_date_gmt><![CDATA[2024-07-12 11:15:49]]></wp:post_date_gmt>
					<wp:post_modified><![CDATA[2024-07-12 11:15:49]]></wp:post_modified>
					<wp:post_modified_gmt><![CDATA[2024-07-12 11:15:49]]></wp:post_modified_gmt>
					<wp:comment_status><![CDATA[open]]></wp:comment_status>
					<wp:post_name><![CDATA[w-accessories-product-iphone-13-1-1-jpg]]></wp:post_name>
					<wp:status><![CDATA[inherit]]></wp:status>
					<wp:post_parent>63</wp:post_parent>
					<wp:menu_order>0</wp:menu_order>
					<wp:post_type><![CDATA[attachment]]></wp:post_type>
											<wp:attachment_url><![CDATA[http://dummy.xtemos.com/woodmart2/accessories-gutenberg/wp-content/uploads/sites/26/2024/07/w-accessories-product-iphone-13-1-1.jpg]]></wp:attachment_url>
																					<wp:postmeta>
							<wp:meta_key><![CDATA[_wp_attached_file]]></wp:meta_key>
							<wp:meta_value><![CDATA[2024/07/w-accessories-product-iphone-13-1-1.jpg]]></wp:meta_value>
						</wp:postmeta>
												<wp:postmeta>
							<wp:meta_key><![CDATA[_wc_attachment_source]]></wp:meta_key>
							<wp:meta_value><![CDATA[http://dummy.xtemos.com/woodmart2/accessories-elementor/wp-content/uploads/sites/6/2022/09/w-accessories-product-iphone-13-1-1.jpg]]></wp:meta_value>
						</wp:postmeta>
										</item>
								<item>
					<title><![CDATA[w-accessories-product-iphone-13-1-2.jpg]]></title>
					<link>https://dummy.xtemos.com/woodmart2/accessories-gutenberg/?attachment_id=97</link>
					<pubDate>Fri, 12 Jul 2024 11:15:49 +0000</pubDate>
					<dc:creator><![CDATA[zakhar]]></dc:creator>
					<guid isPermaLink="false">http://dummy.xtemos.com/woodmart2/accessories-gutenberg/wp-content/uploads/sites/26/2024/07/w-accessories-product-iphone-13-1-2.jpg</guid>
															<wp:post_id>97</wp:post_id>
					<wp:post_date><![CDATA[2024-07-12 11:15:49]]></wp:post_date>
					<wp:post_date_gmt><![CDATA[2024-07-12 11:15:49]]></wp:post_date_gmt>
					<wp:post_modified><![CDATA[2024-07-12 11:15:49]]></wp:post_modified>
					<wp:post_modified_gmt><![CDATA[2024-07-12 11:15:49]]></wp:post_modified_gmt>
					<wp:comment_status><![CDATA[open]]></wp:comment_status>
					<wp:post_name><![CDATA[w-accessories-product-iphone-13-1-2-jpg]]></wp:post_name>
					<wp:status><![CDATA[inherit]]></wp:status>
					<wp:post_parent>63</wp:post_parent>
					<wp:menu_order>0</wp:menu_order>
					<wp:post_type><![CDATA[attachment]]></wp:post_type>
											<wp:attachment_url><![CDATA[http://dummy.xtemos.com/woodmart2/accessories-gutenberg/wp-content/uploads/sites/26/2024/07/w-accessories-product-iphone-13-1-2.jpg]]></wp:attachment_url>
																					<wp:postmeta>
							<wp:meta_key><![CDATA[_wp_attached_file]]></wp:meta_key>
							<wp:meta_value><![CDATA[2024/07/w-accessories-product-iphone-13-1-2.jpg]]></wp:meta_value>
						</wp:postmeta>
												<wp:postmeta>
							<wp:meta_key><![CDATA[_wc_attachment_source]]></wp:meta_key>
							<wp:meta_value><![CDATA[http://dummy.xtemos.com/woodmart2/accessories-elementor/wp-content/uploads/sites/6/2022/09/w-accessories-product-iphone-13-1-2.jpg]]></wp:meta_value>
						</wp:postmeta>
										</item>
								<item>
					<title><![CDATA[w-accessories-product-iphone-13-6.jpg]]></title>
					<link>https://dummy.xtemos.com/woodmart2/accessories-gutenberg/?attachment_id=98</link>
					<pubDate>Fri, 12 Jul 2024 11:15:49 +0000</pubDate>
					<dc:creator><![CDATA[zakhar]]></dc:creator>
					<guid isPermaLink="false">http://dummy.xtemos.com/woodmart2/accessories-gutenberg/wp-content/uploads/sites/26/2024/07/w-accessories-product-iphone-13-6.jpg</guid>
															<wp:post_id>98</wp:post_id>
					<wp:post_date><![CDATA[2024-07-12 11:15:49]]></wp:post_date>
					<wp:post_date_gmt><![CDATA[2024-07-12 11:15:49]]></wp:post_date_gmt>
					<wp:post_modified><![CDATA[2024-07-12 11:15:49]]></wp:post_modified>
					<wp:post_modified_gmt><![CDATA[2024-07-12 11:15:49]]></wp:post_modified_gmt>
					<wp:comment_status><![CDATA[open]]></wp:comment_status>
					<wp:post_name><![CDATA[w-accessories-product-iphone-13-6-jpg]]></wp:post_name>
					<wp:status><![CDATA[inherit]]></wp:status>
					<wp:post_parent>64</wp:post_parent>
					<wp:menu_order>0</wp:menu_order>
					<wp:post_type><![CDATA[attachment]]></wp:post_type>
											<wp:attachment_url><![CDATA[http://dummy.xtemos.com/woodmart2/accessories-gutenberg/wp-content/uploads/sites/26/2024/07/w-accessories-product-iphone-13-6.jpg]]></wp:attachment_url>
																					<wp:postmeta>
							<wp:meta_key><![CDATA[_wp_attached_file]]></wp:meta_key>
							<wp:meta_value><![CDATA[2024/07/w-accessories-product-iphone-13-6.jpg]]></wp:meta_value>
						</wp:postmeta>
												<wp:postmeta>
							<wp:meta_key><![CDATA[_wc_attachment_source]]></wp:meta_key>
							<wp:meta_value><![CDATA[http://dummy.xtemos.com/woodmart2/accessories-elementor/wp-content/uploads/sites/6/2022/09/w-accessories-product-iphone-13-6.jpg]]></wp:meta_value>
						</wp:postmeta>
										</item>
								<item>
					<title><![CDATA[w-accessories-product-iphone-13-6-1.jpg]]></title>
					<link>https://dummy.xtemos.com/woodmart2/accessories-gutenberg/?attachment_id=99</link>
					<pubDate>Fri, 12 Jul 2024 11:15:50 +0000</pubDate>
					<dc:creator><![CDATA[zakhar]]></dc:creator>
					<guid isPermaLink="false">http://dummy.xtemos.com/woodmart2/accessories-gutenberg/wp-content/uploads/sites/26/2024/07/w-accessories-product-iphone-13-6-1.jpg</guid>
															<wp:post_id>99</wp:post_id>
					<wp:post_date><![CDATA[2024-07-12 11:15:50]]></wp:post_date>
					<wp:post_date_gmt><![CDATA[2024-07-12 11:15:50]]></wp:post_date_gmt>
					<wp:post_modified><![CDATA[2024-07-12 11:15:50]]></wp:post_modified>
					<wp:post_modified_gmt><![CDATA[2024-07-12 11:15:50]]></wp:post_modified_gmt>
					<wp:comment_status><![CDATA[open]]></wp:comment_status>
					<wp:post_name><![CDATA[w-accessories-product-iphone-13-6-1-jpg]]></wp:post_name>
					<wp:status><![CDATA[inherit]]></wp:status>
					<wp:post_parent>64</wp:post_parent>
					<wp:menu_order>0</wp:menu_order>
					<wp:post_type><![CDATA[attachment]]></wp:post_type>
											<wp:attachment_url><![CDATA[http://dummy.xtemos.com/woodmart2/accessories-gutenberg/wp-content/uploads/sites/26/2024/07/w-accessories-product-iphone-13-6-1.jpg]]></wp:attachment_url>
																					<wp:postmeta>
							<wp:meta_key><![CDATA[_wp_attached_file]]></wp:meta_key>
							<wp:meta_value><![CDATA[2024/07/w-accessories-product-iphone-13-6-1.jpg]]></wp:meta_value>
						</wp:postmeta>
												<wp:postmeta>
							<wp:meta_key><![CDATA[_wc_attachment_source]]></wp:meta_key>
							<wp:meta_value><![CDATA[http://dummy.xtemos.com/woodmart2/accessories-elementor/wp-content/uploads/sites/6/2022/09/w-accessories-product-iphone-13-6-1.jpg]]></wp:meta_value>
						</wp:postmeta>
										</item>
								<item>
					<title><![CDATA[w-accessories-product-iphone-13-6-2.jpg]]></title>
					<link>https://dummy.xtemos.com/woodmart2/accessories-gutenberg/?attachment_id=100</link>
					<pubDate>Fri, 12 Jul 2024 11:15:50 +0000</pubDate>
					<dc:creator><![CDATA[zakhar]]></dc:creator>
					<guid isPermaLink="false">http://dummy.xtemos.com/woodmart2/accessories-gutenberg/wp-content/uploads/sites/26/2024/07/w-accessories-product-iphone-13-6-2.jpg</guid>
															<wp:post_id>100</wp:post_id>
					<wp:post_date><![CDATA[2024-07-12 11:15:50]]></wp:post_date>
					<wp:post_date_gmt><![CDATA[2024-07-12 11:15:50]]></wp:post_date_gmt>
					<wp:post_modified><![CDATA[2024-07-12 11:15:50]]></wp:post_modified>
					<wp:post_modified_gmt><![CDATA[2024-07-12 11:15:50]]></wp:post_modified_gmt>
					<wp:comment_status><![CDATA[open]]></wp:comment_status>
					<wp:post_name><![CDATA[w-accessories-product-iphone-13-6-2-jpg]]></wp:post_name>
					<wp:status><![CDATA[inherit]]></wp:status>
					<wp:post_parent>64</wp:post_parent>
					<wp:menu_order>0</wp:menu_order>
					<wp:post_type><![CDATA[attachment]]></wp:post_type>
											<wp:attachment_url><![CDATA[http://dummy.xtemos.com/woodmart2/accessories-gutenberg/wp-content/uploads/sites/26/2024/07/w-accessories-product-iphone-13-6-2.jpg]]></wp:attachment_url>
																					<wp:postmeta>
							<wp:meta_key><![CDATA[_wp_attached_file]]></wp:meta_key>
							<wp:meta_value><![CDATA[2024/07/w-accessories-product-iphone-13-6-2.jpg]]></wp:meta_value>
						</wp:postmeta>
												<wp:postmeta>
							<wp:meta_key><![CDATA[_wc_attachment_source]]></wp:meta_key>
							<wp:meta_value><![CDATA[http://dummy.xtemos.com/woodmart2/accessories-elementor/wp-content/uploads/sites/6/2022/09/w-accessories-product-iphone-13-6-2.jpg]]></wp:meta_value>
						</wp:postmeta>
										</item>
								<item>
					<title><![CDATA[w-accessories-product-iphone-13-2-1.jpg]]></title>
					<link>https://dummy.xtemos.com/woodmart2/accessories-gutenberg/?attachment_id=102</link>
					<pubDate>Fri, 12 Jul 2024 11:15:50 +0000</pubDate>
					<dc:creator><![CDATA[zakhar]]></dc:creator>
					<guid isPermaLink="false">http://dummy.xtemos.com/woodmart2/accessories-gutenberg/wp-content/uploads/sites/26/2024/07/w-accessories-product-iphone-13-2-1.jpg</guid>
															<wp:post_id>102</wp:post_id>
					<wp:post_date><![CDATA[2024-07-12 11:15:50]]></wp:post_date>
					<wp:post_date_gmt><![CDATA[2024-07-12 11:15:50]]></wp:post_date_gmt>
					<wp:post_modified><![CDATA[2024-07-12 11:15:50]]></wp:post_modified>
					<wp:post_modified_gmt><![CDATA[2024-07-12 11:15:50]]></wp:post_modified_gmt>
					<wp:comment_status><![CDATA[open]]></wp:comment_status>
					<wp:post_name><![CDATA[w-accessories-product-iphone-13-2-1-jpg]]></wp:post_name>
					<wp:status><![CDATA[inherit]]></wp:status>
					<wp:post_parent>65</wp:post_parent>
					<wp:menu_order>0</wp:menu_order>
					<wp:post_type><![CDATA[attachment]]></wp:post_type>
											<wp:attachment_url><![CDATA[http://dummy.xtemos.com/woodmart2/accessories-gutenberg/wp-content/uploads/sites/26/2024/07/w-accessories-product-iphone-13-2-1.jpg]]></wp:attachment_url>
																					<wp:postmeta>
							<wp:meta_key><![CDATA[_wp_attached_file]]></wp:meta_key>
							<wp:meta_value><![CDATA[2024/07/w-accessories-product-iphone-13-2-1.jpg]]></wp:meta_value>
						</wp:postmeta>
												<wp:postmeta>
							<wp:meta_key><![CDATA[_wc_attachment_source]]></wp:meta_key>
							<wp:meta_value><![CDATA[http://dummy.xtemos.com/woodmart2/accessories-elementor/wp-content/uploads/sites/6/2022/09/w-accessories-product-iphone-13-2-1.jpg]]></wp:meta_value>
						</wp:postmeta>
										</item>
								<item>
					<title><![CDATA[straps-canvas-3.jpg]]></title>
					<link>https://dummy.xtemos.com/woodmart2/accessories-gutenberg/?attachment_id=161</link>
					<pubDate>Fri, 12 Jul 2024 11:16:03 +0000</pubDate>
					<dc:creator><![CDATA[zakhar]]></dc:creator>
					<guid isPermaLink="false">http://dummy.xtemos.com/woodmart2/accessories-gutenberg/wp-content/uploads/sites/26/2024/07/straps-canvas-3.jpg</guid>
															<wp:post_id>161</wp:post_id>
					<wp:post_date><![CDATA[2024-07-12 11:16:03]]></wp:post_date>
					<wp:post_date_gmt><![CDATA[2024-07-12 11:16:03]]></wp:post_date_gmt>
					<wp:post_modified><![CDATA[2024-07-12 11:16:03]]></wp:post_modified>
					<wp:post_modified_gmt><![CDATA[2024-07-12 11:16:03]]></wp:post_modified_gmt>
					<wp:comment_status><![CDATA[open]]></wp:comment_status>
					<wp:post_name><![CDATA[straps-canvas-3-jpg]]></wp:post_name>
					<wp:status><![CDATA[inherit]]></wp:status>
					<wp:post_parent>160</wp:post_parent>
					<wp:menu_order>0</wp:menu_order>
					<wp:post_type><![CDATA[attachment]]></wp:post_type>
											<wp:attachment_url><![CDATA[http://dummy.xtemos.com/woodmart2/accessories-gutenberg/wp-content/uploads/sites/26/2024/07/straps-canvas-3.jpg]]></wp:attachment_url>
																					<wp:postmeta>
							<wp:meta_key><![CDATA[_wp_attached_file]]></wp:meta_key>
							<wp:meta_value><![CDATA[2024/07/straps-canvas-3.jpg]]></wp:meta_value>
						</wp:postmeta>
												<wp:postmeta>
							<wp:meta_key><![CDATA[_wc_attachment_source]]></wp:meta_key>
							<wp:meta_value><![CDATA[http://dummy.xtemos.com/woodmart2/accessories-elementor/wp-content/uploads/sites/6/2022/09/straps-canvas-3.jpg]]></wp:meta_value>
						</wp:postmeta>
										</item>
								<item>
					<title><![CDATA[accessories-single-product-3-1]]></title>
					<link>https://dummy.xtemos.com/woodmart2/accessories-gutenberg/?attachment_id=274</link>
					<pubDate>Fri, 12 Jul 2024 12:34:53 +0000</pubDate>
					<dc:creator><![CDATA[maksimkliakhin]]></dc:creator>
					<guid isPermaLink="false">http://dummy.xtemos.com/woodmart2/accessories-gutenberg/wp-content/uploads/sites/26/2024/07/accessories-single-product-3-1.jpg</guid>
															<wp:post_id>274</wp:post_id>
					<wp:post_date><![CDATA[2024-07-12 12:34:53]]></wp:post_date>
					<wp:post_date_gmt><![CDATA[2024-07-12 12:34:53]]></wp:post_date_gmt>
					<wp:post_modified><![CDATA[2024-07-12 12:34:53]]></wp:post_modified>
					<wp:post_modified_gmt><![CDATA[2024-07-12 12:34:53]]></wp:post_modified_gmt>
					<wp:comment_status><![CDATA[open]]></wp:comment_status>
					<wp:post_name><![CDATA[accessories-single-product-3-1]]></wp:post_name>
					<wp:status><![CDATA[inherit]]></wp:status>
					<wp:post_parent>160</wp:post_parent>
					<wp:menu_order>0</wp:menu_order>
					<wp:post_type><![CDATA[attachment]]></wp:post_type>
											<wp:attachment_url><![CDATA[http://dummy.xtemos.com/woodmart2/accessories-gutenberg/wp-content/uploads/sites/26/2024/07/accessories-single-product-3-1.jpg]]></wp:attachment_url>
																					<wp:postmeta>
							<wp:meta_key><![CDATA[_wp_attached_file]]></wp:meta_key>
							<wp:meta_value><![CDATA[2024/07/accessories-single-product-3-1.jpg]]></wp:meta_value>
						</wp:postmeta>
										</item>
								<item>
					<title><![CDATA[accessories-single-product-4-1]]></title>
					<link>https://dummy.xtemos.com/woodmart2/accessories-gutenberg/?attachment_id=275</link>
					<pubDate>Fri, 12 Jul 2024 12:34:54 +0000</pubDate>
					<dc:creator><![CDATA[maksimkliakhin]]></dc:creator>
					<guid isPermaLink="false">http://dummy.xtemos.com/woodmart2/accessories-gutenberg/wp-content/uploads/sites/26/2024/07/accessories-single-product-4-1.jpg</guid>
															<wp:post_id>275</wp:post_id>
					<wp:post_date><![CDATA[2024-07-12 12:34:54]]></wp:post_date>
					<wp:post_date_gmt><![CDATA[2024-07-12 12:34:54]]></wp:post_date_gmt>
					<wp:post_modified><![CDATA[2024-07-12 12:34:54]]></wp:post_modified>
					<wp:post_modified_gmt><![CDATA[2024-07-12 12:34:54]]></wp:post_modified_gmt>
					<wp:comment_status><![CDATA[open]]></wp:comment_status>
					<wp:post_name><![CDATA[accessories-single-product-4-1]]></wp:post_name>
					<wp:status><![CDATA[inherit]]></wp:status>
					<wp:post_parent>160</wp:post_parent>
					<wp:menu_order>0</wp:menu_order>
					<wp:post_type><![CDATA[attachment]]></wp:post_type>
											<wp:attachment_url><![CDATA[http://dummy.xtemos.com/woodmart2/accessories-gutenberg/wp-content/uploads/sites/26/2024/07/accessories-single-product-4-1.jpg]]></wp:attachment_url>
																					<wp:postmeta>
							<wp:meta_key><![CDATA[_wp_attached_file]]></wp:meta_key>
							<wp:meta_value><![CDATA[2024/07/accessories-single-product-4-1.jpg]]></wp:meta_value>
						</wp:postmeta>
										</item>
								<item>
					<title><![CDATA[accessories-single-product-6]]></title>
					<link>https://dummy.xtemos.com/woodmart2/accessories-gutenberg/?attachment_id=277</link>
					<pubDate>Fri, 12 Jul 2024 12:34:56 +0000</pubDate>
					<dc:creator><![CDATA[maksimkliakhin]]></dc:creator>
					<guid isPermaLink="false">http://dummy.xtemos.com/woodmart2/accessories-gutenberg/wp-content/uploads/sites/26/2024/07/accessories-single-product-6.jpg</guid>
															<wp:post_id>277</wp:post_id>
					<wp:post_date><![CDATA[2024-07-12 12:34:56]]></wp:post_date>
					<wp:post_date_gmt><![CDATA[2024-07-12 12:34:56]]></wp:post_date_gmt>
					<wp:post_modified><![CDATA[2024-07-12 12:34:56]]></wp:post_modified>
					<wp:post_modified_gmt><![CDATA[2024-07-12 12:34:56]]></wp:post_modified_gmt>
					<wp:comment_status><![CDATA[open]]></wp:comment_status>
					<wp:post_name><![CDATA[accessories-single-product-6]]></wp:post_name>
					<wp:status><![CDATA[inherit]]></wp:status>
					<wp:post_parent>160</wp:post_parent>
					<wp:menu_order>0</wp:menu_order>
					<wp:post_type><![CDATA[attachment]]></wp:post_type>
											<wp:attachment_url><![CDATA[http://dummy.xtemos.com/woodmart2/accessories-gutenberg/wp-content/uploads/sites/26/2024/07/accessories-single-product-6.jpg]]></wp:attachment_url>
																					<wp:postmeta>
							<wp:meta_key><![CDATA[_wp_attached_file]]></wp:meta_key>
							<wp:meta_value><![CDATA[2024/07/accessories-single-product-6.jpg]]></wp:meta_value>
						</wp:postmeta>
										</item>
								<item>
					<title><![CDATA[chargers]]></title>
					<link>https://dummy.xtemos.com/woodmart2/accessories-gutenberg/?attachment_id=279</link>
					<pubDate>Fri, 12 Jul 2024 12:38:34 +0000</pubDate>
					<dc:creator><![CDATA[maksimkliakhin]]></dc:creator>
					<guid isPermaLink="false">http://dummy.xtemos.com/woodmart2/accessories-gutenberg/wp-content/uploads/sites/26/2024/07/chargers.svg</guid>
															<wp:post_id>279</wp:post_id>
					<wp:post_date><![CDATA[2024-07-12 12:38:34]]></wp:post_date>
					<wp:post_date_gmt><![CDATA[2024-07-12 12:38:34]]></wp:post_date_gmt>
					<wp:post_modified><![CDATA[2024-07-12 12:38:34]]></wp:post_modified>
					<wp:post_modified_gmt><![CDATA[2024-07-12 12:38:34]]></wp:post_modified_gmt>
					<wp:comment_status><![CDATA[open]]></wp:comment_status>
					<wp:post_name><![CDATA[chargers]]></wp:post_name>
					<wp:status><![CDATA[inherit]]></wp:status>
					<wp:post_parent>160</wp:post_parent>
					<wp:menu_order>0</wp:menu_order>
					<wp:post_type><![CDATA[attachment]]></wp:post_type>
											<wp:attachment_url><![CDATA[http://dummy.xtemos.com/woodmart2/accessories-gutenberg/wp-content/uploads/sites/26/2024/07/chargers.svg]]></wp:attachment_url>
																					<wp:postmeta>
							<wp:meta_key><![CDATA[_wp_attached_file]]></wp:meta_key>
							<wp:meta_value><![CDATA[2024/07/chargers.svg]]></wp:meta_value>
						</wp:postmeta>
										</item>
								<item>
					<title><![CDATA[creativity]]></title>
					<link>https://dummy.xtemos.com/woodmart2/accessories-gutenberg/?attachment_id=280</link>
					<pubDate>Fri, 12 Jul 2024 12:38:34 +0000</pubDate>
					<dc:creator><![CDATA[maksimkliakhin]]></dc:creator>
					<guid isPermaLink="false">http://dummy.xtemos.com/woodmart2/accessories-gutenberg/wp-content/uploads/sites/26/2024/07/creativity.svg</guid>
															<wp:post_id>280</wp:post_id>
					<wp:post_date><![CDATA[2024-07-12 12:38:34]]></wp:post_date>
					<wp:post_date_gmt><![CDATA[2024-07-12 12:38:34]]></wp:post_date_gmt>
					<wp:post_modified><![CDATA[2024-07-12 12:38:34]]></wp:post_modified>
					<wp:post_modified_gmt><![CDATA[2024-07-12 12:38:34]]></wp:post_modified_gmt>
					<wp:comment_status><![CDATA[open]]></wp:comment_status>
					<wp:post_name><![CDATA[creativity]]></wp:post_name>
					<wp:status><![CDATA[inherit]]></wp:status>
					<wp:post_parent>160</wp:post_parent>
					<wp:menu_order>0</wp:menu_order>
					<wp:post_type><![CDATA[attachment]]></wp:post_type>
											<wp:attachment_url><![CDATA[http://dummy.xtemos.com/woodmart2/accessories-gutenberg/wp-content/uploads/sites/26/2024/07/creativity.svg]]></wp:attachment_url>
																					<wp:postmeta>
							<wp:meta_key><![CDATA[_wp_attached_file]]></wp:meta_key>
							<wp:meta_value><![CDATA[2024/07/creativity.svg]]></wp:meta_value>
						</wp:postmeta>
										</item>
								<item>
					<title><![CDATA[ecology]]></title>
					<link>https://dummy.xtemos.com/woodmart2/accessories-gutenberg/?attachment_id=281</link>
					<pubDate>Fri, 12 Jul 2024 12:38:35 +0000</pubDate>
					<dc:creator><![CDATA[maksimkliakhin]]></dc:creator>
					<guid isPermaLink="false">http://dummy.xtemos.com/woodmart2/accessories-gutenberg/wp-content/uploads/sites/26/2024/07/ecology.svg</guid>
															<wp:post_id>281</wp:post_id>
					<wp:post_date><![CDATA[2024-07-12 12:38:35]]></wp:post_date>
					<wp:post_date_gmt><![CDATA[2024-07-12 12:38:35]]></wp:post_date_gmt>
					<wp:post_modified><![CDATA[2024-07-12 12:38:35]]></wp:post_modified>
					<wp:post_modified_gmt><![CDATA[2024-07-12 12:38:35]]></wp:post_modified_gmt>
					<wp:comment_status><![CDATA[open]]></wp:comment_status>
					<wp:post_name><![CDATA[ecology]]></wp:post_name>
					<wp:status><![CDATA[inherit]]></wp:status>
					<wp:post_parent>160</wp:post_parent>
					<wp:menu_order>0</wp:menu_order>
					<wp:post_type><![CDATA[attachment]]></wp:post_type>
											<wp:attachment_url><![CDATA[http://dummy.xtemos.com/woodmart2/accessories-gutenberg/wp-content/uploads/sites/26/2024/07/ecology.svg]]></wp:attachment_url>
																					<wp:postmeta>
							<wp:meta_key><![CDATA[_wp_attached_file]]></wp:meta_key>
							<wp:meta_value><![CDATA[2024/07/ecology.svg]]></wp:meta_value>
						</wp:postmeta>
										</item>
								<item>
					<title><![CDATA[mag-safe]]></title>
					<link>https://dummy.xtemos.com/woodmart2/accessories-gutenberg/?attachment_id=282</link>
					<pubDate>Fri, 12 Jul 2024 12:38:35 +0000</pubDate>
					<dc:creator><![CDATA[maksimkliakhin]]></dc:creator>
					<guid isPermaLink="false">http://dummy.xtemos.com/woodmart2/accessories-gutenberg/wp-content/uploads/sites/26/2024/07/mag-safe.svg</guid>
															<wp:post_id>282</wp:post_id>
					<wp:post_date><![CDATA[2024-07-12 12:38:35]]></wp:post_date>
					<wp:post_date_gmt><![CDATA[2024-07-12 12:38:35]]></wp:post_date_gmt>
					<wp:post_modified><![CDATA[2024-07-12 12:38:35]]></wp:post_modified>
					<wp:post_modified_gmt><![CDATA[2024-07-12 12:38:35]]></wp:post_modified_gmt>
					<wp:comment_status><![CDATA[open]]></wp:comment_status>
					<wp:post_name><![CDATA[mag-safe]]></wp:post_name>
					<wp:status><![CDATA[inherit]]></wp:status>
					<wp:post_parent>160</wp:post_parent>
					<wp:menu_order>0</wp:menu_order>
					<wp:post_type><![CDATA[attachment]]></wp:post_type>
											<wp:attachment_url><![CDATA[http://dummy.xtemos.com/woodmart2/accessories-gutenberg/wp-content/uploads/sites/26/2024/07/mag-safe.svg]]></wp:attachment_url>
																					<wp:postmeta>
							<wp:meta_key><![CDATA[_wp_attached_file]]></wp:meta_key>
							<wp:meta_value><![CDATA[2024/07/mag-safe.svg]]></wp:meta_value>
						</wp:postmeta>
										</item>
								<item>
					<title><![CDATA[materials]]></title>
					<link>https://dummy.xtemos.com/woodmart2/accessories-gutenberg/?attachment_id=283</link>
					<pubDate>Fri, 12 Jul 2024 12:38:36 +0000</pubDate>
					<dc:creator><![CDATA[maksimkliakhin]]></dc:creator>
					<guid isPermaLink="false">http://dummy.xtemos.com/woodmart2/accessories-gutenberg/wp-content/uploads/sites/26/2024/07/materials.svg</guid>
															<wp:post_id>283</wp:post_id>
					<wp:post_date><![CDATA[2024-07-12 12:38:36]]></wp:post_date>
					<wp:post_date_gmt><![CDATA[2024-07-12 12:38:36]]></wp:post_date_gmt>
					<wp:post_modified><![CDATA[2024-07-12 12:38:36]]></wp:post_modified>
					<wp:post_modified_gmt><![CDATA[2024-07-12 12:38:36]]></wp:post_modified_gmt>
					<wp:comment_status><![CDATA[open]]></wp:comment_status>
					<wp:post_name><![CDATA[materials]]></wp:post_name>
					<wp:status><![CDATA[inherit]]></wp:status>
					<wp:post_parent>160</wp:post_parent>
					<wp:menu_order>0</wp:menu_order>
					<wp:post_type><![CDATA[attachment]]></wp:post_type>
											<wp:attachment_url><![CDATA[http://dummy.xtemos.com/woodmart2/accessories-gutenberg/wp-content/uploads/sites/26/2024/07/materials.svg]]></wp:attachment_url>
																					<wp:postmeta>
							<wp:meta_key><![CDATA[_wp_attached_file]]></wp:meta_key>
							<wp:meta_value><![CDATA[2024/07/materials.svg]]></wp:meta_value>
						</wp:postmeta>
										</item>
								<item>
					<title><![CDATA[power-cables]]></title>
					<link>https://dummy.xtemos.com/woodmart2/accessories-gutenberg/?attachment_id=284</link>
					<pubDate>Fri, 12 Jul 2024 12:38:37 +0000</pubDate>
					<dc:creator><![CDATA[maksimkliakhin]]></dc:creator>
					<guid isPermaLink="false">http://dummy.xtemos.com/woodmart2/accessories-gutenberg/wp-content/uploads/sites/26/2024/07/power-cables.svg</guid>
															<wp:post_id>284</wp:post_id>
					<wp:post_date><![CDATA[2024-07-12 12:38:37]]></wp:post_date>
					<wp:post_date_gmt><![CDATA[2024-07-12 12:38:37]]></wp:post_date_gmt>
					<wp:post_modified><![CDATA[2024-07-12 12:38:37]]></wp:post_modified>
					<wp:post_modified_gmt><![CDATA[2024-07-12 12:38:37]]></wp:post_modified_gmt>
					<wp:comment_status><![CDATA[open]]></wp:comment_status>
					<wp:post_name><![CDATA[power-cables]]></wp:post_name>
					<wp:status><![CDATA[inherit]]></wp:status>
					<wp:post_parent>160</wp:post_parent>
					<wp:menu_order>0</wp:menu_order>
					<wp:post_type><![CDATA[attachment]]></wp:post_type>
											<wp:attachment_url><![CDATA[http://dummy.xtemos.com/woodmart2/accessories-gutenberg/wp-content/uploads/sites/26/2024/07/power-cables.svg]]></wp:attachment_url>
																					<wp:postmeta>
							<wp:meta_key><![CDATA[_wp_attached_file]]></wp:meta_key>
							<wp:meta_value><![CDATA[2024/07/power-cables.svg]]></wp:meta_value>
						</wp:postmeta>
										</item>
								<item>
					<title><![CDATA[w-accessories-product-iphone-13-2.jpg]]></title>
					<link>https://dummy.xtemos.com/woodmart2/accessories-gutenberg/?attachment_id=101</link>
					<pubDate>Fri, 12 Jul 2024 11:15:50 +0000</pubDate>
					<dc:creator><![CDATA[zakhar]]></dc:creator>
					<guid isPermaLink="false">http://dummy.xtemos.com/woodmart2/accessories-gutenberg/wp-content/uploads/sites/26/2024/07/w-accessories-product-iphone-13-2.jpg</guid>
															<wp:post_id>101</wp:post_id>
					<wp:post_date><![CDATA[2024-07-12 11:15:50]]></wp:post_date>
					<wp:post_date_gmt><![CDATA[2024-07-12 11:15:50]]></wp:post_date_gmt>
					<wp:post_modified><![CDATA[2024-07-12 11:15:50]]></wp:post_modified>
					<wp:post_modified_gmt><![CDATA[2024-07-12 11:15:50]]></wp:post_modified_gmt>
					<wp:comment_status><![CDATA[open]]></wp:comment_status>
					<wp:post_name><![CDATA[w-accessories-product-iphone-13-2-jpg]]></wp:post_name>
					<wp:status><![CDATA[inherit]]></wp:status>
					<wp:post_parent>65</wp:post_parent>
					<wp:menu_order>0</wp:menu_order>
					<wp:post_type><![CDATA[attachment]]></wp:post_type>
											<wp:attachment_url><![CDATA[http://dummy.xtemos.com/woodmart2/accessories-gutenberg/wp-content/uploads/sites/26/2024/07/w-accessories-product-iphone-13-2.jpg]]></wp:attachment_url>
																					<wp:postmeta>
							<wp:meta_key><![CDATA[_wp_attached_file]]></wp:meta_key>
							<wp:meta_value><![CDATA[2024/07/w-accessories-product-iphone-13-2.jpg]]></wp:meta_value>
						</wp:postmeta>
												<wp:postmeta>
							<wp:meta_key><![CDATA[_wc_attachment_source]]></wp:meta_key>
							<wp:meta_value><![CDATA[http://dummy.xtemos.com/woodmart2/accessories-elementor/wp-content/uploads/sites/6/2022/09/w-accessories-product-iphone-13-2.jpg]]></wp:meta_value>
						</wp:postmeta>
										</item>
								<item>
					<title><![CDATA[w-accessories-product-iphone-13-2-2.jpg]]></title>
					<link>https://dummy.xtemos.com/woodmart2/accessories-gutenberg/?attachment_id=103</link>
					<pubDate>Fri, 12 Jul 2024 11:15:50 +0000</pubDate>
					<dc:creator><![CDATA[zakhar]]></dc:creator>
					<guid isPermaLink="false">http://dummy.xtemos.com/woodmart2/accessories-gutenberg/wp-content/uploads/sites/26/2024/07/w-accessories-product-iphone-13-2-2.jpg</guid>
															<wp:post_id>103</wp:post_id>
					<wp:post_date><![CDATA[2024-07-12 11:15:50]]></wp:post_date>
					<wp:post_date_gmt><![CDATA[2024-07-12 11:15:50]]></wp:post_date_gmt>
					<wp:post_modified><![CDATA[2024-07-12 11:15:50]]></wp:post_modified>
					<wp:post_modified_gmt><![CDATA[2024-07-12 11:15:50]]></wp:post_modified_gmt>
					<wp:comment_status><![CDATA[open]]></wp:comment_status>
					<wp:post_name><![CDATA[w-accessories-product-iphone-13-2-2-jpg]]></wp:post_name>
					<wp:status><![CDATA[inherit]]></wp:status>
					<wp:post_parent>65</wp:post_parent>
					<wp:menu_order>0</wp:menu_order>
					<wp:post_type><![CDATA[attachment]]></wp:post_type>
											<wp:attachment_url><![CDATA[http://dummy.xtemos.com/woodmart2/accessories-gutenberg/wp-content/uploads/sites/26/2024/07/w-accessories-product-iphone-13-2-2.jpg]]></wp:attachment_url>
																					<wp:postmeta>
							<wp:meta_key><![CDATA[_wp_attached_file]]></wp:meta_key>
							<wp:meta_value><![CDATA[2024/07/w-accessories-product-iphone-13-2-2.jpg]]></wp:meta_value>
						</wp:postmeta>
												<wp:postmeta>
							<wp:meta_key><![CDATA[_wc_attachment_source]]></wp:meta_key>
							<wp:meta_value><![CDATA[http://dummy.xtemos.com/woodmart2/accessories-elementor/wp-content/uploads/sites/6/2022/09/w-accessories-product-iphone-13-2-2.jpg]]></wp:meta_value>
						</wp:postmeta>
										</item>
								<item>
					<title><![CDATA[w-accessories-product-link-3-1.jpg]]></title>
					<link>https://dummy.xtemos.com/woodmart2/accessories-gutenberg/?attachment_id=104</link>
					<pubDate>Fri, 12 Jul 2024 11:15:50 +0000</pubDate>
					<dc:creator><![CDATA[zakhar]]></dc:creator>
					<guid isPermaLink="false">http://dummy.xtemos.com/woodmart2/accessories-gutenberg/wp-content/uploads/sites/26/2024/07/w-accessories-product-link-3-1.jpg</guid>
															<wp:post_id>104</wp:post_id>
					<wp:post_date><![CDATA[2024-07-12 11:15:50]]></wp:post_date>
					<wp:post_date_gmt><![CDATA[2024-07-12 11:15:50]]></wp:post_date_gmt>
					<wp:post_modified><![CDATA[2024-07-12 11:15:50]]></wp:post_modified>
					<wp:post_modified_gmt><![CDATA[2024-07-12 11:15:50]]></wp:post_modified_gmt>
					<wp:comment_status><![CDATA[open]]></wp:comment_status>
					<wp:post_name><![CDATA[w-accessories-product-link-3-1-jpg]]></wp:post_name>
					<wp:status><![CDATA[inherit]]></wp:status>
					<wp:post_parent>66</wp:post_parent>
					<wp:menu_order>0</wp:menu_order>
					<wp:post_type><![CDATA[attachment]]></wp:post_type>
											<wp:attachment_url><![CDATA[http://dummy.xtemos.com/woodmart2/accessories-gutenberg/wp-content/uploads/sites/26/2024/07/w-accessories-product-link-3-1.jpg]]></wp:attachment_url>
																					<wp:postmeta>
							<wp:meta_key><![CDATA[_wp_attached_file]]></wp:meta_key>
							<wp:meta_value><![CDATA[2024/07/w-accessories-product-link-3-1.jpg]]></wp:meta_value>
						</wp:postmeta>
												<wp:postmeta>
							<wp:meta_key><![CDATA[_wc_attachment_source]]></wp:meta_key>
							<wp:meta_value><![CDATA[http://dummy.xtemos.com/woodmart2/accessories-elementor/wp-content/uploads/sites/6/2022/09/w-accessories-product-link-3-1.jpg]]></wp:meta_value>
						</wp:postmeta>
										</item>
								<item>
					<title><![CDATA[w-accessories-product-link-3-1-1.jpg]]></title>
					<link>https://dummy.xtemos.com/woodmart2/accessories-gutenberg/?attachment_id=105</link>
					<pubDate>Fri, 12 Jul 2024 11:15:51 +0000</pubDate>
					<dc:creator><![CDATA[zakhar]]></dc:creator>
					<guid isPermaLink="false">http://dummy.xtemos.com/woodmart2/accessories-gutenberg/wp-content/uploads/sites/26/2024/07/w-accessories-product-link-3-1-1.jpg</guid>
															<wp:post_id>105</wp:post_id>
					<wp:post_date><![CDATA[2024-07-12 11:15:51]]></wp:post_date>
					<wp:post_date_gmt><![CDATA[2024-07-12 11:15:51]]></wp:post_date_gmt>
					<wp:post_modified><![CDATA[2024-07-12 11:15:51]]></wp:post_modified>
					<wp:post_modified_gmt><![CDATA[2024-07-12 11:15:51]]></wp:post_modified_gmt>
					<wp:comment_status><![CDATA[open]]></wp:comment_status>
					<wp:post_name><![CDATA[w-accessories-product-link-3-1-1-jpg]]></wp:post_name>
					<wp:status><![CDATA[inherit]]></wp:status>
					<wp:post_parent>66</wp:post_parent>
					<wp:menu_order>0</wp:menu_order>
					<wp:post_type><![CDATA[attachment]]></wp:post_type>
											<wp:attachment_url><![CDATA[http://dummy.xtemos.com/woodmart2/accessories-gutenberg/wp-content/uploads/sites/26/2024/07/w-accessories-product-link-3-1-1.jpg]]></wp:attachment_url>
																					<wp:postmeta>
							<wp:meta_key><![CDATA[_wp_attached_file]]></wp:meta_key>
							<wp:meta_value><![CDATA[2024/07/w-accessories-product-link-3-1-1.jpg]]></wp:meta_value>
						</wp:postmeta>
												<wp:postmeta>
							<wp:meta_key><![CDATA[_wc_attachment_source]]></wp:meta_key>
							<wp:meta_value><![CDATA[http://dummy.xtemos.com/woodmart2/accessories-elementor/wp-content/uploads/sites/6/2022/09/w-accessories-product-link-3-1-1.jpg]]></wp:meta_value>
						</wp:postmeta>
										</item>
								<item>
					<title><![CDATA[w-accessories-product-link-3-2.jpg]]></title>
					<link>https://dummy.xtemos.com/woodmart2/accessories-gutenberg/?attachment_id=106</link>
					<pubDate>Fri, 12 Jul 2024 11:15:51 +0000</pubDate>
					<dc:creator><![CDATA[zakhar]]></dc:creator>
					<guid isPermaLink="false">http://dummy.xtemos.com/woodmart2/accessories-gutenberg/wp-content/uploads/sites/26/2024/07/w-accessories-product-link-3-2.jpg</guid>
															<wp:post_id>106</wp:post_id>
					<wp:post_date><![CDATA[2024-07-12 11:15:51]]></wp:post_date>
					<wp:post_date_gmt><![CDATA[2024-07-12 11:15:51]]></wp:post_date_gmt>
					<wp:post_modified><![CDATA[2024-07-12 11:15:51]]></wp:post_modified>
					<wp:post_modified_gmt><![CDATA[2024-07-12 11:15:51]]></wp:post_modified_gmt>
					<wp:comment_status><![CDATA[open]]></wp:comment_status>
					<wp:post_name><![CDATA[w-accessories-product-link-3-2-jpg]]></wp:post_name>
					<wp:status><![CDATA[inherit]]></wp:status>
					<wp:post_parent>66</wp:post_parent>
					<wp:menu_order>0</wp:menu_order>
					<wp:post_type><![CDATA[attachment]]></wp:post_type>
											<wp:attachment_url><![CDATA[http://dummy.xtemos.com/woodmart2/accessories-gutenberg/wp-content/uploads/sites/26/2024/07/w-accessories-product-link-3-2.jpg]]></wp:attachment_url>
																					<wp:postmeta>
							<wp:meta_key><![CDATA[_wp_attached_file]]></wp:meta_key>
							<wp:meta_value><![CDATA[2024/07/w-accessories-product-link-3-2.jpg]]></wp:meta_value>
						</wp:postmeta>
												<wp:postmeta>
							<wp:meta_key><![CDATA[_wc_attachment_source]]></wp:meta_key>
							<wp:meta_value><![CDATA[http://dummy.xtemos.com/woodmart2/accessories-elementor/wp-content/uploads/sites/6/2022/09/w-accessories-product-link-3-2.jpg]]></wp:meta_value>
						</wp:postmeta>
										</item>
								<item>
					<title><![CDATA[w-accessories-product-link-1-1.jpg]]></title>
					<link>https://dummy.xtemos.com/woodmart2/accessories-gutenberg/?attachment_id=107</link>
					<pubDate>Fri, 12 Jul 2024 11:15:51 +0000</pubDate>
					<dc:creator><![CDATA[zakhar]]></dc:creator>
					<guid isPermaLink="false">http://dummy.xtemos.com/woodmart2/accessories-gutenberg/wp-content/uploads/sites/26/2024/07/w-accessories-product-link-1-1.jpg</guid>
															<wp:post_id>107</wp:post_id>
					<wp:post_date><![CDATA[2024-07-12 11:15:51]]></wp:post_date>
					<wp:post_date_gmt><![CDATA[2024-07-12 11:15:51]]></wp:post_date_gmt>
					<wp:post_modified><![CDATA[2024-07-12 11:15:51]]></wp:post_modified>
					<wp:post_modified_gmt><![CDATA[2024-07-12 11:15:51]]></wp:post_modified_gmt>
					<wp:comment_status><![CDATA[open]]></wp:comment_status>
					<wp:post_name><![CDATA[w-accessories-product-link-1-1-jpg]]></wp:post_name>
					<wp:status><![CDATA[inherit]]></wp:status>
					<wp:post_parent>67</wp:post_parent>
					<wp:menu_order>0</wp:menu_order>
					<wp:post_type><![CDATA[attachment]]></wp:post_type>
											<wp:attachment_url><![CDATA[http://dummy.xtemos.com/woodmart2/accessories-gutenberg/wp-content/uploads/sites/26/2024/07/w-accessories-product-link-1-1.jpg]]></wp:attachment_url>
																					<wp:postmeta>
							<wp:meta_key><![CDATA[_wp_attached_file]]></wp:meta_key>
							<wp:meta_value><![CDATA[2024/07/w-accessories-product-link-1-1.jpg]]></wp:meta_value>
						</wp:postmeta>
												<wp:postmeta>
							<wp:meta_key><![CDATA[_wc_attachment_source]]></wp:meta_key>
							<wp:meta_value><![CDATA[http://dummy.xtemos.com/woodmart2/accessories-elementor/wp-content/uploads/sites/6/2022/09/w-accessories-product-link-1-1.jpg]]></wp:meta_value>
						</wp:postmeta>
										</item>
								<item>
					<title><![CDATA[w-accessories-product-link-1-1-1.jpg]]></title>
					<link>https://dummy.xtemos.com/woodmart2/accessories-gutenberg/?attachment_id=108</link>
					<pubDate>Fri, 12 Jul 2024 11:15:51 +0000</pubDate>
					<dc:creator><![CDATA[zakhar]]></dc:creator>
					<guid isPermaLink="false">http://dummy.xtemos.com/woodmart2/accessories-gutenberg/wp-content/uploads/sites/26/2024/07/w-accessories-product-link-1-1-1.jpg</guid>
															<wp:post_id>108</wp:post_id>
					<wp:post_date><![CDATA[2024-07-12 11:15:51]]></wp:post_date>
					<wp:post_date_gmt><![CDATA[2024-07-12 11:15:51]]></wp:post_date_gmt>
					<wp:post_modified><![CDATA[2024-07-12 11:15:51]]></wp:post_modified>
					<wp:post_modified_gmt><![CDATA[2024-07-12 11:15:51]]></wp:post_modified_gmt>
					<wp:comment_status><![CDATA[open]]></wp:comment_status>
					<wp:post_name><![CDATA[w-accessories-product-link-1-1-1-jpg]]></wp:post_name>
					<wp:status><![CDATA[inherit]]></wp:status>
					<wp:post_parent>67</wp:post_parent>
					<wp:menu_order>0</wp:menu_order>
					<wp:post_type><![CDATA[attachment]]></wp:post_type>
											<wp:attachment_url><![CDATA[http://dummy.xtemos.com/woodmart2/accessories-gutenberg/wp-content/uploads/sites/26/2024/07/w-accessories-product-link-1-1-1.jpg]]></wp:attachment_url>
																					<wp:postmeta>
							<wp:meta_key><![CDATA[_wp_attached_file]]></wp:meta_key>
							<wp:meta_value><![CDATA[2024/07/w-accessories-product-link-1-1-1.jpg]]></wp:meta_value>
						</wp:postmeta>
												<wp:postmeta>
							<wp:meta_key><![CDATA[_wc_attachment_source]]></wp:meta_key>
							<wp:meta_value><![CDATA[http://dummy.xtemos.com/woodmart2/accessories-elementor/wp-content/uploads/sites/6/2022/09/w-accessories-product-link-1-1-1.jpg]]></wp:meta_value>
						</wp:postmeta>
										</item>
								<item>
					<title><![CDATA[w-accessories-product-link-2-1.jpg]]></title>
					<link>https://dummy.xtemos.com/woodmart2/accessories-gutenberg/?attachment_id=109</link>
					<pubDate>Fri, 12 Jul 2024 11:15:51 +0000</pubDate>
					<dc:creator><![CDATA[zakhar]]></dc:creator>
					<guid isPermaLink="false">http://dummy.xtemos.com/woodmart2/accessories-gutenberg/wp-content/uploads/sites/26/2024/07/w-accessories-product-link-2-1.jpg</guid>
															<wp:post_id>109</wp:post_id>
					<wp:post_date><![CDATA[2024-07-12 11:15:51]]></wp:post_date>
					<wp:post_date_gmt><![CDATA[2024-07-12 11:15:51]]></wp:post_date_gmt>
					<wp:post_modified><![CDATA[2024-07-12 11:15:51]]></wp:post_modified>
					<wp:post_modified_gmt><![CDATA[2024-07-12 11:15:51]]></wp:post_modified_gmt>
					<wp:comment_status><![CDATA[open]]></wp:comment_status>
					<wp:post_name><![CDATA[w-accessories-product-link-2-1-jpg]]></wp:post_name>
					<wp:status><![CDATA[inherit]]></wp:status>
					<wp:post_parent>68</wp:post_parent>
					<wp:menu_order>0</wp:menu_order>
					<wp:post_type><![CDATA[attachment]]></wp:post_type>
											<wp:attachment_url><![CDATA[http://dummy.xtemos.com/woodmart2/accessories-gutenberg/wp-content/uploads/sites/26/2024/07/w-accessories-product-link-2-1.jpg]]></wp:attachment_url>
																					<wp:postmeta>
							<wp:meta_key><![CDATA[_wp_attached_file]]></wp:meta_key>
							<wp:meta_value><![CDATA[2024/07/w-accessories-product-link-2-1.jpg]]></wp:meta_value>
						</wp:postmeta>
												<wp:postmeta>
							<wp:meta_key><![CDATA[_wc_attachment_source]]></wp:meta_key>
							<wp:meta_value><![CDATA[http://dummy.xtemos.com/woodmart2/accessories-elementor/wp-content/uploads/sites/6/2022/09/w-accessories-product-link-2-1.jpg]]></wp:meta_value>
						</wp:postmeta>
										</item>
								<item>
					<title><![CDATA[w-accessories-product-link-2-1-1.jpg]]></title>
					<link>https://dummy.xtemos.com/woodmart2/accessories-gutenberg/?attachment_id=110</link>
					<pubDate>Fri, 12 Jul 2024 11:15:52 +0000</pubDate>
					<dc:creator><![CDATA[zakhar]]></dc:creator>
					<guid isPermaLink="false">http://dummy.xtemos.com/woodmart2/accessories-gutenberg/wp-content/uploads/sites/26/2024/07/w-accessories-product-link-2-1-1.jpg</guid>
															<wp:post_id>110</wp:post_id>
					<wp:post_date><![CDATA[2024-07-12 11:15:52]]></wp:post_date>
					<wp:post_date_gmt><![CDATA[2024-07-12 11:15:52]]></wp:post_date_gmt>
					<wp:post_modified><![CDATA[2024-07-12 11:15:52]]></wp:post_modified>
					<wp:post_modified_gmt><![CDATA[2024-07-12 11:15:52]]></wp:post_modified_gmt>
					<wp:comment_status><![CDATA[open]]></wp:comment_status>
					<wp:post_name><![CDATA[w-accessories-product-link-2-1-1-jpg]]></wp:post_name>
					<wp:status><![CDATA[inherit]]></wp:status>
					<wp:post_parent>68</wp:post_parent>
					<wp:menu_order>0</wp:menu_order>
					<wp:post_type><![CDATA[attachment]]></wp:post_type>
											<wp:attachment_url><![CDATA[http://dummy.xtemos.com/woodmart2/accessories-gutenberg/wp-content/uploads/sites/26/2024/07/w-accessories-product-link-2-1-1.jpg]]></wp:attachment_url>
																					<wp:postmeta>
							<wp:meta_key><![CDATA[_wp_attached_file]]></wp:meta_key>
							<wp:meta_value><![CDATA[2024/07/w-accessories-product-link-2-1-1.jpg]]></wp:meta_value>
						</wp:postmeta>
												<wp:postmeta>
							<wp:meta_key><![CDATA[_wc_attachment_source]]></wp:meta_key>
							<wp:meta_value><![CDATA[http://dummy.xtemos.com/woodmart2/accessories-elementor/wp-content/uploads/sites/6/2022/09/w-accessories-product-link-2-1-1.jpg]]></wp:meta_value>
						</wp:postmeta>
										</item>
				</channel>
</rss>
	