<?xml version="1.0" encoding="UTF-8" ?>
	<!-- This is a WordPress eXtended RSS file generated by WordPress as an export of your site. -->
	<!-- It contains information about your site's posts, pages, comments, categories, and other content. -->
	<!-- You may use this file to transfer that content from one site to another. -->
	<!-- This file is not intended to serve as a complete backup of your site. -->

	<!-- To import this information into a WordPress site follow these steps: -->
	<!-- 1. Log in to that site as an administrator. -->
	<!-- 2. Go to Tools: Import in the WordPress admin panel. -->
	<!-- 3. Install the "WordPress" importer from the list. -->
	<!-- 4. Activate & Run Importer. -->
	<!-- 5. Upload this file using the form provided on that page. -->
	<!-- 6. You will first be asked to map the authors in this export file to users -->
	<!--    on the site. For each author, you may choose to map to an -->
	<!--    existing user on the site or to create a new user. -->
	<!-- 7. WordPress will then import each of the posts, pages, comments, categories, etc. -->
	<!--    contained in this file into your site. -->

	<!-- generator="WordPress/6.5.5" created="2024-11-08 14:59" -->
<rss version="2.0"
	xmlns:excerpt="http://wordpress.org/export/1.2/excerpt/"
	xmlns:content="http://purl.org/rss/1.0/modules/content/"
	xmlns:wfw="http://wellformedweb.org/CommentAPI/"
	xmlns:dc="http://purl.org/dc/elements/1.1/"
	xmlns:wp="http://wordpress.org/export/1.2/"
>

<channel>
	<title>Gutenberg base</title>
	<link>https://dummy.xtemos.com/woodmart2/gutenberg</link>
	<description></description>
	<pubDate>Fri, 08 Nov 2024 14:59:43 +0000</pubDate>
	<language>en-US</language>
	<wp:wxr_version>1.2</wp:wxr_version>
	<wp:base_site_url>https://dummy.xtemos.com/woodmart2/</wp:base_site_url>
	<wp:base_blog_url>https://dummy.xtemos.com/woodmart2/gutenberg</wp:base_blog_url>

		<wp:author><wp:author_id>2</wp:author_id><wp:author_login><![CDATA[zakhar]]></wp:author_login><wp:author_email><![CDATA[zak@asda.as]]></wp:author_email><wp:author_display_name><![CDATA[Mr. Mackay]]></wp:author_display_name><wp:author_first_name><![CDATA[sds]]></wp:author_first_name><wp:author_last_name><![CDATA[scssc]]></wp:author_last_name></wp:author>
	<wp:author><wp:author_id>491</wp:author_id><wp:author_login><![CDATA[maksimkliakhin]]></wp:author_login><wp:author_email><![CDATA[m.kliakhin@gmail.com]]></wp:author_email><wp:author_display_name><![CDATA[Ethan Smith]]></wp:author_display_name><wp:author_first_name><![CDATA[Ethan]]></wp:author_first_name><wp:author_last_name><![CDATA[Smith]]></wp:author_last_name></wp:author>

					<wp:term>
			<wp:term_id>0</wp:term_id>
			<wp:term_taxonomy><![CDATA[]]></wp:term_taxonomy>
			<wp:term_slug><![CDATA[]]></wp:term_slug>
			<wp:term_parent><![CDATA[]]></wp:term_parent>
					</wp:term>
		
	<generator>https://wordpress.org/?v=6.5.5</generator>

					<item>
					<title><![CDATA[promo-popup]]></title>
					<link>https://dummy.xtemos.com/woodmart2/gutenberg/promo-popup-2/</link>
					<pubDate>Mon, 19 Jul 2021 11:35:48 +0000</pubDate>
					<dc:creator><![CDATA[zakhar]]></dc:creator>
					<guid isPermaLink="false">http://dummy.xtemos.com/woodmart2/gutenberg/wp-content/uploads/sites/24/2021/07/promo-popup.jpg</guid>
															<wp:post_id>936</wp:post_id>
					<wp:post_date><![CDATA[2021-07-19 11:35:48]]></wp:post_date>
					<wp:post_date_gmt><![CDATA[2021-07-19 11:35:48]]></wp:post_date_gmt>
					<wp:post_modified><![CDATA[2024-04-16 13:18:51]]></wp:post_modified>
					<wp:post_modified_gmt><![CDATA[2024-04-16 13:18:51]]></wp:post_modified_gmt>
					<wp:comment_status><![CDATA[open]]></wp:comment_status>
					<wp:post_name><![CDATA[promo-popup-2]]></wp:post_name>
					<wp:status><![CDATA[inherit]]></wp:status>
					<wp:post_parent>0</wp:post_parent>
					<wp:menu_order>0</wp:menu_order>
					<wp:post_type><![CDATA[attachment]]></wp:post_type>
											<wp:attachment_url><![CDATA[https://dummy.xtemos.com/woodmart2/gutenberg/wp-content/uploads/sites/24/2021/07/promo-popup.jpg]]></wp:attachment_url>
																					<wp:postmeta>
							<wp:meta_key><![CDATA[_wp_attached_file]]></wp:meta_key>
							<wp:meta_value><![CDATA[2021/07/promo-popup.jpg]]></wp:meta_value>
						</wp:postmeta>
										</item>
								<item>
					<title><![CDATA[page-title-shop]]></title>
					<link>https://dummy.xtemos.com/woodmart2/gutenberg/page-title-shop/</link>
					<pubDate>Fri, 23 Jul 2021 06:08:22 +0000</pubDate>
					<dc:creator><![CDATA[zakhar]]></dc:creator>
					<guid isPermaLink="false">http://dummy.xtemos.com/woodmart2/gutenberg/wp-content/uploads/sites/24/2021/07/page-title-shop.jpg</guid>
															<wp:post_id>1177</wp:post_id>
					<wp:post_date><![CDATA[2021-07-23 06:08:22]]></wp:post_date>
					<wp:post_date_gmt><![CDATA[2021-07-23 06:08:22]]></wp:post_date_gmt>
					<wp:post_modified><![CDATA[2024-04-16 13:18:51]]></wp:post_modified>
					<wp:post_modified_gmt><![CDATA[2024-04-16 13:18:51]]></wp:post_modified_gmt>
					<wp:comment_status><![CDATA[open]]></wp:comment_status>
					<wp:post_name><![CDATA[page-title-shop]]></wp:post_name>
					<wp:status><![CDATA[inherit]]></wp:status>
					<wp:post_parent>0</wp:post_parent>
					<wp:menu_order>0</wp:menu_order>
					<wp:post_type><![CDATA[attachment]]></wp:post_type>
											<wp:attachment_url><![CDATA[https://dummy.xtemos.com/woodmart2/gutenberg/wp-content/uploads/sites/24/2021/07/page-title-shop.jpg]]></wp:attachment_url>
																					<wp:postmeta>
							<wp:meta_key><![CDATA[_wp_attached_file]]></wp:meta_key>
							<wp:meta_value><![CDATA[2021/07/page-title-shop.jpg]]></wp:meta_value>
						</wp:postmeta>
										</item>
								<item>
					<title><![CDATA[Home Basic]]></title>
					<link>https://dummy.xtemos.com/woodmart2/gutenberg/home-basic/</link>
					<pubDate>Wed, 19 Jun 2024 07:43:59 +0000</pubDate>
					<dc:creator><![CDATA[maksimkliakhin]]></dc:creator>
					<guid isPermaLink="false">https://dummy.xtemos.com/woodmart2/gutenberg/?page_id=17608</guid>
											<content:encoded><![CDATA[<!-- wp:wd/slider {"blockId":"f5923d4d-3cfc-48e7-9c9f-c10057eeb540","arrows":false,"arrowsTablet":false,"arrowsMobile":false,"paginationStyle":"3","stretch":true,"height":"700","marginTop":"-40","marginBottom":"20","heightTablet":"660","heightMobile":"580"} -->
<div id="wd-f5923d4d" class="wp-block-wd-slider wd-slider wd-carousel-container wd-anim-slide wd-stretched"><div class="wd-carousel-inner"><div class="wd-carousel wd-grid" data-effect="slide" data-wrap="yes" data-autoheight="yes" data-sliding_speed="700" style="--wd-col-lg:1;--wd-col-md:1;--wd-col-sm:1"><div class="wd-carousel-wrap"><!-- wp:wd/slider-item {"blockId":"73de1be7-6d81-40e4-9ddc-c102b0a0222f","align":"flex-start","bgImage":{"id":20817,"url":"http://dummy.xtemos.com/woodmart2/gutenberg/wp-content/uploads/sites/24/2024/07/basic-slide-bg-1.jpg"},"bgPosition":"center center","bgRepeat":"no-repeat","bgColorCode":"#F3F3F3","bgHoverImage":{"id":"","url":""},"paddingRightMobile":"15","paddingLeftMobile":"15"} -->
<div id="wd-73de1be7" class="wp-block-wd-slider-item wd-slide wd-carousel-item"><div class="wd-slide-container"><!-- wp:wd/container {"blockId":"d2184a11-6e00-408b-9451-8ae9e2e14f66","textAlign":"center","rowGap":"","displayWidth":"custom","customWidth":"580","displayWidthTablet":"custom","displayWidthMobile":"full-width","customWidthTablet":"390"} -->
<div id="wd-d2184a11" class="wp-block-wd-container wd-dir-col wd-align wd-custom-width"><!-- wp:wd/paragraph {"blockId":"4eecd4ad-c59b-44fe-9ce6-c87ede3a5e9c","colorVariable":"\u002d\u002dwd-primary-color","tpFontSize":"18","tpFontVariant":"700","tpFontWeight":"700","animation":"slide-from-top","animationDelay":"400","tpFontSizeTablet":"16","tpFontSizeMobile":"14"} -->
<p id="wd-4eecd4ad" class="wp-block-wd-paragraph wd-animation wd-transform wd-animation-slide-from-top wd_delay_400">THIS IS CUSTOM SUBTITLE</p>
<!-- /wp:wd/paragraph -->

<!-- wp:wd/title {"blockId":"b9b5b029-706f-4976-8fa6-6c5d9a02acfb","content":"Flexible Styled Theme Designed by Xtemos.","tpFontSize":"52","tpLineHeight":"1.2","animation":"slide-from-top","animationDelay":"250","tpFontSizeTablet":"40","tpFontSizeMobile":"28","tpLineHeightUnits":"em"} -->
<h2 id="wd-b9b5b029" class="wp-block-wd-title title wd-animation wd-transform wd-animation-slide-from-top wd_delay_250">Flexible Styled Theme Designed by Xtemos.</h2>
<!-- /wp:wd/title -->

<!-- wp:wd/paragraph {"blockId":"091404a1-048f-4d22-bbee-dcf0a3342c0f","animation":"slide-from-bottom","animationDelay":"250","alignSelf":"center","displayWidth":"custom","customWidth":"485"} -->
<p id="wd-091404a1" class="wp-block-wd-paragraph wd-animation wd-transform wd-animation-slide-from-bottom wd_delay_250 wd-custom-width wd-align-s-center">Tempor adipiscing porta a in eros eros sodales non dis ut ullamcorper aliquam tellus nisl. Lluctus nec ullamcorper mattis.</p>
<!-- /wp:wd/paragraph -->

<!-- wp:wd/container {"blockId":"10d59854-cb4f-4813-af3d-8dde6c274bec","direction":"row","animation":"slide-from-bottom","animationDelay":"400","displayWidth":"","directionTablet":"row","directionMobile":"row"} -->
<div id="wd-10d59854" class="wp-block-wd-container wd-dir-row wd-dir-row-md wd-dir-row-sm wd-animation wd-transform wd-animation-slide-from-bottom wd_delay_400"><!-- wp:wd/button {"blockId":"221db2de-713c-4ee4-8f8d-263bbc8fad22","predefinedColor":"primary","animationDelay":"400"} -->
<a id="wd-221db2de" class="wp-block-wd-button btn btn-style-default btn-color-primary btn-size-default btn-shape-rectangle" href="#"><span>read more</span></a>
<!-- /wp:wd/button -->

<!-- wp:wd/button {"blockId":"383a8684-5334-4328-b8af-574a99616add","design":"bordered","predefinedColor":"","bgHoverColorCode":"#e0e0e0","animationDelay":""} -->
<a id="wd-383a8684" class="wp-block-wd-button btn btn-style-bordered btn-size-default btn-shape-rectangle" href="#"><span>add to cart</span></a>
<!-- /wp:wd/button --></div>
<!-- /wp:wd/container --></div>
<!-- /wp:wd/container --></div><div class="wd-slide-bg wd-fill"></div></div>
<!-- /wp:wd/slider-item -->

<!-- wp:wd/slider-item {"blockId":"fdf2b8a7-48c2-406e-b876-3f47cd825ef3","align":"flex-start","colorScheme":"light","bgImage":{"id":20818,"url":"http://dummy.xtemos.com/woodmart2/gutenberg/wp-content/uploads/sites/24/2024/07/sliders-basic-slide-2.jpg"},"bgPosition":"center center","bgRepeat":"no-repeat","bgColorCode":"#F3F3F3","bgHoverImage":{"id":"","url":""},"paddingRightMobile":"15","paddingLeftMobile":"15"} -->
<div id="wd-fdf2b8a7" class="wp-block-wd-slider-item wd-slide wd-carousel-item color-scheme-light"><div class="wd-slide-container"><!-- wp:wd/paragraph {"blockId":"d3dca1a3-99e1-4705-9161-ff459287e54d","textAlign":"center","tpFontSize":"18","tpFontVariant":"700","tpFontWeight":"700","animation":"slide-from-left","tpFontSizeTablet":"16","tpFontSizeMobile":"14"} -->
<p id="wd-d3dca1a3" class="wp-block-wd-paragraph wd-align wd-animation wd-transform wd-animation-slide-from-left wd_delay_100">THIS IS CUSTOM SUBTITLE</p>
<!-- /wp:wd/paragraph -->

<!-- wp:wd/title {"blockId":"d5a31992-a702-4a5f-992a-e6621a37bb6b","content":"The Currency Of Blogging Is Trust Authenticity","tpFontSize":"52","tpLineHeight":"1.2","animation":"slide-from-left","animationDelay":"200","displayWidth":"custom","customWidth":"580","tpFontSizeTablet":"40","tpFontSizeMobile":"28","tpLineHeightUnits":"em","displayWidthTablet":"custom","displayWidthMobile":"full-width","customWidthTablet":"380"} -->
<h2 id="wd-d5a31992" class="wp-block-wd-title title wd-animation wd-transform wd-animation-slide-from-left wd_delay_200 wd-custom-width">The Currency Of Blogging Is Trust Authenticity</h2>
<!-- /wp:wd/title -->

<!-- wp:wd/paragraph {"blockId":"bc2cf6b9-b70b-43d4-b2aa-f792196b283c","animation":"slide-from-left","animationDelay":"300","displayWidth":"custom","customWidth":"485"} -->
<p id="wd-bc2cf6b9" class="wp-block-wd-paragraph wd-animation wd-transform wd-animation-slide-from-left wd_delay_300 wd-custom-width">Tempor adipiscing porta a in eros eros sodales non dis ut ullamcorper aliquam tellus nisl. Lluctus nec ullamcorper mattis.</p>
<!-- /wp:wd/paragraph -->

<!-- wp:wd/container {"blockId":"29d2100e-764a-49fa-94e6-287428e2d352","direction":"row","animation":"slide-from-left","animationDelay":"400","displayWidth":"","directionTablet":"row","directionMobile":"row"} -->
<div id="wd-29d2100e" class="wp-block-wd-container wd-dir-row wd-dir-row-md wd-dir-row-sm wd-animation wd-transform wd-animation-slide-from-left wd_delay_400"><!-- wp:wd/button {"blockId":"5e3f9cfb-ce4e-4f2d-9671-567c29a475ea","predefinedColor":"primary","animationDelay":""} -->
<a id="wd-5e3f9cfb" class="wp-block-wd-button btn btn-style-default btn-color-primary btn-size-default btn-shape-rectangle" href="#"><span>read more</span></a>
<!-- /wp:wd/button -->

<!-- wp:wd/button {"blockId":"bf5fe338-4a0e-4f1b-8245-80f51d755b39","design":"bordered","predefinedColor":"white","animationDelay":""} -->
<a id="wd-bf5fe338" class="wp-block-wd-button btn btn-style-bordered btn-color-white btn-size-default btn-shape-rectangle" href="#"><span>add to cart</span></a>
<!-- /wp:wd/button --></div>
<!-- /wp:wd/container --></div><div class="wd-slide-bg wd-fill"></div></div>
<!-- /wp:wd/slider-item --></div></div></div><div class="wd-nav-pagin-wrap wd-slider-pagin wd-custom-style wd-style-shape-3 color-scheme-dark"><ul class="wd-nav-pagin"></ul></div></div>
<!-- /wp:wd/slider -->

<!-- wp:wd/row {"blockId":"c5aa9c44-a76b-477e-8edd-0e1a59adb134","columnsGap":20,"marginBottom":"100","marginBottomTablet":"60"} -->
<div id="wd-c5aa9c44" class="wp-block-wd-row"><!-- wp:wd/column {"blockId":"e89979df-80fa-459e-8782-5855dbfb66cd","adjacentCount":2} -->
<div id="wd-e89979df" class="wp-block-wd-column"><!-- wp:wd/cover {"blockId":"865e6b18-e0c5-4145-a021-5c617b983bbe","hover":"zoom-in","align":"center","contentAlignHorizontal":"end","contentAlignVertical":"center","imageAspectRatio":"600/400","height":"250","bgImage":{"id":20802,"url":"http://dummy.xtemos.com/woodmart2/gutenberg/wp-content/uploads/sites/24/2024/07/basic-banner-1-1.jpg"},"paddingTop":"15","paddingRight":"15","paddingBottom":"15","paddingLeft":"15","paddingLock":true,"boxShadowVertical":10,"boxShadowBlur":20,"boxShadowSpread":-9,"aspectRatioTablet":"1/1","aspectRatioMobile":"custom","heightTablet":"220","heightMobile":"240","paddingLockMobile":true} -->
<div id="wd-865e6b18" class="wp-block-wd-cover wd-hover-parent wd-align wd-hover-zoom-in"><div class="wd-block-cover-img"></div><!-- wp:wd/container {"blockId":"fc2dd3cb-b518-4d35-812a-ee305bfe9561","transformTranslateY":"36","transformParentHoverTranslateY":"0","transitionTransform":0.3,"displayWidth":"custom","customWidth":"195","transformTranslateYTablet":"0","metadata":{"name":"Banner content"}} -->
<div id="wd-fc2dd3cb" class="wp-block-wd-container wd-dir-col wd-custom-width wd-transform"><!-- wp:wd/title {"blockId":"5d6cb670-fce8-4211-89e7-4b99160a581c","content":"Sofa Lounge","tpFontSize":"26","transformTranslateX":"","transformTranslateY":"","transformParentHoverTranslateX":"","transformParentHoverTranslateY":"","displayWidth":"custom","customWidth":"100","tpFontSizeTablet":"22","tpFontSizeMobile":"20"} -->
<h2 id="wd-5d6cb670" class="wp-block-wd-title title wd-custom-width">Sofa Lounge</h2>
<!-- /wp:wd/title -->

<!-- wp:wd/paragraph {"blockId":"8ebf0589-1237-479f-b55e-8ec4c6a9c1f1"} -->
<p id="wd-8ebf0589" class="wp-block-wd-paragraph">Iaculis velit dictum ligula elementum diam.</p>
<!-- /wp:wd/paragraph -->

<!-- wp:wd/button {"blockId":"bedf03ba-5453-461b-87a7-c2d5059d6b41","design":"bordered","predefinedColor":"","size":"small","bgColorCode":"rgba(0,0,0,0)","bgHoverColorCode":"#e0e0e0","transformTranslateX":"","transformTranslateY":"","transformParentHoverTranslateX":"","transformParentHoverTranslateY":"","hideOnMobile":true,"transitionOpacity":0.3,"visibility":"","opacity":0,"opacityParentHover":1,"transformTranslateYTablet":"0","opacityTablet":1} -->
<a id="wd-bedf03ba" class="wp-block-wd-button btn btn-style-bordered btn-size-small btn-shape-rectangle wd-hide-sm" href="#"><span>read more</span></a>
<!-- /wp:wd/button --></div>
<!-- /wp:wd/container --></div>
<!-- /wp:wd/cover --></div>
<!-- /wp:wd/column -->

<!-- wp:wd/column {"blockId":"260045bc-876a-4692-a268-e2f438a4432c","adjacentCount":2} -->
<div id="wd-260045bc" class="wp-block-wd-column"><!-- wp:wd/cover {"blockId":"3aace959-1e4b-448e-a034-a7a8ff12bbc0","hover":"zoom-in","align":"center","contentAlignHorizontal":"end","contentAlignVertical":"center","imageAspectRatio":"/","height":"250","bgImage":{"id":20803,"url":"http://dummy.xtemos.com/woodmart2/gutenberg/wp-content/uploads/sites/24/2024/07/basic-banner-2-1.jpg"},"paddingTop":"15","paddingRight":"15","paddingBottom":"15","paddingLeft":"15","paddingLock":true,"boxShadowVertical":10,"boxShadowBlur":20,"boxShadowSpread":-9,"aspectRatioTablet":"1/1","aspectRatioMobile":"asImage","heightTablet":"220","heightMobile":"240"} -->
<div id="wd-3aace959" class="wp-block-wd-cover wd-hover-parent wd-align wd-hover-zoom-in"><div class="wd-block-cover-img"></div><!-- wp:wd/container {"blockId":"edf4e34c-d76f-4b70-b54e-19e6fe0816f1","transformTranslateY":"36","transformParentHoverTranslateY":"0","transitionTransform":0.3,"displayWidth":"custom","customWidth":"195","transformTranslateYTablet":"0","displayWidthMobile":"custom","metadata":{"name":"Banner content"}} -->
<div id="wd-edf4e34c" class="wp-block-wd-container wd-dir-col wd-custom-width wd-transform"><!-- wp:wd/title {"blockId":"ad50765f-9e03-4d6a-8408-fefdddf37ff3","content":"Side Tables","tpFontSize":"26","boxShadowVertical":10,"boxShadowBlur":20,"boxShadowSpread":-9,"transformTranslateX":"","transformTranslateY":"","transformParentHoverTranslateX":"","transformParentHoverTranslateY":"","displayWidth":"custom","customWidth":"100","tpFontSizeTablet":"22","tpFontSizeMobile":"20","transformTranslateYTablet":"0"} -->
<h2 id="wd-ad50765f" class="wp-block-wd-title title wd-custom-width">Side Tables</h2>
<!-- /wp:wd/title -->

<!-- wp:wd/paragraph {"blockId":"c47c54d9-aaf1-4485-aaf5-f4de199f21e4"} -->
<p id="wd-c47c54d9" class="wp-block-wd-paragraph">Vesti parturient sapien a curabitur elit.</p>
<!-- /wp:wd/paragraph -->

<!-- wp:wd/button {"blockId":"5d1b9a8d-50c9-4c82-a8e7-b10af95e9d06","design":"bordered","predefinedColor":"","size":"small","bgColorCode":"rgba(0,0,0,0)","bgHoverColorCode":"#e0e0e0","transformTranslateX":"","transformTranslateY":"","transformParentHoverTranslateX":"","transformParentHoverTranslateY":"","hideOnMobile":true,"transitionOpacity":0.3,"visibility":"","opacity":0,"opacityParentHover":1,"transformTranslateYTablet":"0","opacityTablet":1} -->
<a id="wd-5d1b9a8d" class="wp-block-wd-button btn btn-style-bordered btn-size-small btn-shape-rectangle wd-hide-sm" href="#"><span>read more</span></a>
<!-- /wp:wd/button --></div>
<!-- /wp:wd/container --></div>
<!-- /wp:wd/cover --></div>
<!-- /wp:wd/column -->

<!-- wp:wd/column {"blockId":"9a6201e2-264b-4da9-b7d8-eadc6bc085fd","adjacentCount":2,"hideOnTablet":true} -->
<div id="wd-9a6201e2" class="wp-block-wd-column wd-hide-md-sm"><!-- wp:wd/cover {"blockId":"586c9223-9edf-4c9d-90b2-ded5c37f1028","hover":"zoom-in","align":"center","contentAlignHorizontal":"end","contentAlignVertical":"center","imageAspectRatio":"/","height":"250","bgImage":{"id":20804,"url":"http://dummy.xtemos.com/woodmart2/gutenberg/wp-content/uploads/sites/24/2024/07/basic-banner-3-1.jpg"},"paddingTop":"15","paddingRight":"15","paddingBottom":"15","paddingLeft":"15","paddingLock":true,"boxShadowVertical":10,"boxShadowBlur":20,"boxShadowSpread":-9,"aspectRatioMobile":"asImage","heightTablet":"220","heightMobile":"240"} -->
<div id="wd-586c9223" class="wp-block-wd-cover wd-hover-parent wd-align wd-hover-zoom-in"><div class="wd-block-cover-img"></div><!-- wp:wd/container {"blockId":"8745c29c-71f3-499d-bb34-b38fde9763c0","transformTranslateY":"36","transformParentHoverTranslateY":"0","transitionTransform":0.3,"displayWidth":"custom","customWidth":"195","transformTranslateYTablet":"0","metadata":{"name":"Banner content"}} -->
<div id="wd-8745c29c" class="wp-block-wd-container wd-dir-col wd-custom-width wd-transform"><!-- wp:wd/title {"blockId":"e07afbf0-0b85-4022-858b-fbb1c6954c33","content":"Chair Orgone","tpFontSize":"26","transformTranslateX":"","transformTranslateY":"","transformParentHoverTranslateX":"","transformParentHoverTranslateY":"","displayWidth":"custom","customWidth":"100","tpFontSizeTablet":"22","tpFontSizeMobile":"20","transformTranslateYTablet":"0"} -->
<h2 id="wd-e07afbf0" class="wp-block-wd-title title wd-custom-width">Chair Orgone</h2>
<!-- /wp:wd/title -->

<!-- wp:wd/paragraph {"blockId":"91d7f768-e06f-4db8-bb24-68e44fb1dd9a"} -->
<p id="wd-91d7f768" class="wp-block-wd-paragraph">A eleifend proin diam ligula augue ntum.</p>
<!-- /wp:wd/paragraph -->

<!-- wp:wd/button {"blockId":"33c9d456-3058-442e-98c9-726d6e1e4249","design":"bordered","predefinedColor":"","size":"small","bgColorCode":"rgba(0,0,0,0)","bgHoverColorCode":"#e0e0e0","transformTranslateX":"","transformTranslateY":"","transformParentHoverTranslateX":"","transformParentHoverTranslateY":"","hideOnMobile":true,"transitionOpacity":0.3,"visibility":"","opacity":0,"opacityParentHover":1,"transformTranslateYTablet":"0","opacityTablet":1} -->
<a id="wd-33c9d456" class="wp-block-wd-button btn btn-style-bordered btn-size-small btn-shape-rectangle wd-hide-sm" href="#"><span>read more</span></a>
<!-- /wp:wd/button --></div>
<!-- /wp:wd/container --></div>
<!-- /wp:wd/cover --></div>
<!-- /wp:wd/column --></div>
<!-- /wp:wd/row -->

<!-- wp:wd/paragraph {"blockId":"6f815243-5061-4e2e-a0dd-1f405b0f29de","textAlign":"center","colorVariable":"\u002d\u002dwd-primary-color","tpFontVariant":"600","tpFontWeight":"600","marginBottom":"10","tpFontSizeTablet":"14"} -->
<p id="wd-6f815243" class="wp-block-wd-paragraph wd-align">WOODMART COLLECTIONS​</p>
<!-- /wp:wd/paragraph -->

<!-- wp:wd/title {"blockId":"b39180d7-b0f4-4e69-99a8-ee19e8bf3d43","textAlign":"center","design":"underlined","content":"BROWSE OUR CATEGORIES​","tpFontSize":"26","activeBorderColorVariable":"\u002d\u002dwd-primary-color","marginBottom":"10","tpFontSizeTablet":"22","tpFontSizeMobile":"20"} -->
<h2 id="wd-b39180d7" class="wp-block-wd-title title wd-align wd-design-underlined"><span>BROWSE OUR CATEGORIES​</span></h2>
<!-- /wp:wd/title -->

<!-- wp:wd/paragraph {"blockId":"50089201-3012-4353-aaf4-dd24d3cfc13e","textAlign":"center","marginBottom":"30","alignSelf":"center","displayWidth":"","customWidth":"497"} -->
<p id="wd-50089201" class="wp-block-wd-paragraph wd-align wd-align-s-center">WoodMart is a powerful eCommerce theme for WordPress.​</p>
<!-- /wp:wd/paragraph -->

<!-- wp:wd/product-categories {"blockId":"a449c3b9-2e37-4b28-a83f-6a84d0854aed","number":"5","categories_design":"alt","style":"carousel","marginBottom":"90","slides_per_view":"4","sync_parent_id":"wd_1cb45f83","marginBottomTablet":"60"} /-->

<!-- wp:wd/paragraph {"blockId":"cf722f23-cd56-4017-b618-32d2b607eeb5","textAlign":"center","colorVariable":"\u002d\u002dwd-primary-color","tpFontVariant":"600","tpFontWeight":"600","marginBottom":"10","tpFontSizeTablet":"14"} -->
<p id="wd-cf722f23" class="wp-block-wd-paragraph wd-align">WOODMART COLLECTIONS​</p>
<!-- /wp:wd/paragraph -->

<!-- wp:wd/title {"blockId":"9a0fcb5d-f050-43bf-8781-27c3e05ed69a","textAlign":"center","design":"underlined","content":"BEST SELLING PRODUCTS​","tpFontSize":"26","activeBorderColorVariable":"\u002d\u002dwd-primary-color","marginBottom":"10","tpFontSizeTablet":"22","tpFontSizeMobile":"20"} -->
<h2 id="wd-9a0fcb5d" class="wp-block-wd-title title wd-align wd-design-underlined"><span>BEST SELLING PRODUCTS​</span></h2>
<!-- /wp:wd/title -->

<!-- wp:wd/paragraph {"blockId":"f62661ef-3e0e-43d7-8bd2-1a1a73b4817d","textAlign":"center","marginBottom":"30","alignSelf":"center","displayWidth":"","customWidth":""} -->
<p id="wd-f62661ef" class="wp-block-wd-paragraph wd-align wd-align-s-center">WoodMart is a powerful eCommerce theme for WordPress.​</p>
<!-- /wp:wd/paragraph -->

<!-- wp:wd/products {"blockId":"8857a461-c0bd-461f-91f5-ca196f45cc79","layout":"carousel","items_per_page":"5","marginBottom":"90","slides_per_view":"4","sync_parent_id":"wd_e26533fe","marginBottomTablet":"60","slides_per_viewMobile":"2"} /-->

<!-- wp:wd/section {"blockId":"b8f6c5d9-6696-422b-8240-40bf440a07e5","bgType":"video","bgExternalVideo":"https://www.youtube.com/watch?v=lR3spOdggNc","bgVideo":{"id":27070,"url":"https://dummy.xtemos.com/woodmart2/gutenberg/wp-content/uploads/sites/24/2024/07/wd-basic-video-bg.mp4"},"bgVideoSource":"local","bgColorCode":"#dddddd","paddingTop":"130","paddingRight":"30","paddingBottom":"130","paddingLeft":"30","marginBottom":"80","overlayColorCode":"#000000","overlay":true,"overlayOpacity":0.5,"paddingTopMobile":"70","paddingRightMobile":"20","paddingBottomMobile":"70","paddingLeftMobile":"20","marginBottomTablet":"60","marginBottomMobile":"60"} -->
<div id="wd-b8f6c5d9" class="wp-block-wd-section wd-bg-parent"><div class="wd-bg-video"><video class="wd-bg-video-html" src="https://dummy.xtemos.com/woodmart2/gutenberg/wp-content/uploads/sites/24/2024/07/wd-basic-video-bg.mp4" autoplay muted loop></video></div><div class="wd-bg-overlay"></div><!-- wp:wd/container {"blockId":"63a3479b-186b-4a5f-a52c-09ddb96b99fa","textAlign":"center","rowGap":"10","colorScheme":"light","paddingTop":"90","paddingRight":"15","paddingBottom":"90","paddingLeft":"15","borderType":"solid","borderColorCode":"rgba(255,255,255,0.15)","borderWidth":"5","borderWidthTop":"5","borderWidthRight":"5","borderWidthBottom":"5","borderWidthLeft":"5","displayWidth":"custom","customWidth":"815","paddingTopMobile":"70","paddingBottomMobile":"70","alignSelfTablet":"center","displayWidthTablet":"custom","customWidthTablet":"650"} -->
<div id="wd-63a3479b" class="wp-block-wd-container wd-dir-col color-scheme-light wd-align wd-custom-width wd-align-s-center-md"><!-- wp:wd/paragraph {"blockId":"6c94779d-ed68-4cfe-b75f-2cd5a772ceeb","tpFontFamily":"var(\u002d\u002dwd-title-font)","tpFontSize":"18","tpFontVariant":"600","tpFontWeight":"600"} -->
<p id="wd-6c94779d" class="wp-block-wd-paragraph">LAOREET IN VITAE AMET​</p>
<!-- /wp:wd/paragraph -->

<!-- wp:wd/title {"blockId":"347cd37d-f33f-4816-970e-423bad97cd9a","content":"HEY YOU, SIGN UP AND CONNECT TO WOODMART!","tpFontSize":"36","displayWidth":"custom","customWidth":"520","tpFontSizeTablet":"22","tpFontSizeMobile":"22","displayWidthTablet":"custom","customWidthTablet":"325"} -->
<h2 id="wd-347cd37d" class="wp-block-wd-title title wd-custom-width">HEY YOU, SIGN UP AND CONNECT TO WOODMART!</h2>
<!-- /wp:wd/title -->

<!-- wp:wd/paragraph {"blockId":"012b010c-ec24-4b6a-bfb0-79cbb05762cf"} -->
<p id="wd-012b010c" class="wp-block-wd-paragraph">Lorem ipsum dolor sit amet, consectetuer adipiscing elit, sed diam.​</p>
<!-- /wp:wd/paragraph -->

<!-- wp:wd/mailchimp {"blockId":"88da3c6f-4124-4b4b-9bf6-6789617ece4d","form_id":"74","marginTop":"10","marginBottom":"10","displayWidth":"custom","customWidth":"420"} /-->

<!-- wp:wd/paragraph {"blockId":"2e3e4ce0-a89f-4d33-a590-28446beb023e"} -->
<p id="wd-2e3e4ce0" class="wp-block-wd-paragraph">Will be used in accordance with our&nbsp;<strong><a href="#">Privacy Policy</a></strong></p>
<!-- /wp:wd/paragraph -->

<!-- wp:wd/social-buttons {"blockId":"4c3ec596-9d05-4860-a679-0a3c4747e7cb","alignment":"center","style":"bordered","size":"small"} /--></div>
<!-- /wp:wd/container --></div>
<!-- /wp:wd/section -->

<!-- wp:wd/paragraph {"blockId":"7508209d-4aa4-43c0-9a18-d7ef7f0bb12d","textAlign":"center","colorVariable":"\u002d\u002dwd-primary-color","tpFontVariant":"600","tpFontWeight":"600","marginBottom":"10","tpFontSizeTablet":"14"} -->
<p id="wd-7508209d" class="wp-block-wd-paragraph wd-align">WOODMART COLLECTIONS​</p>
<!-- /wp:wd/paragraph -->

<!-- wp:wd/title {"blockId":"c3352ae6-1d22-49e2-aaac-ae716fe0ad97","textAlign":"center","design":"underlined","content":"OUT BLOG POSTS​","tpFontSize":"26","activeBorderColorVariable":"\u002d\u002dwd-primary-color","marginBottom":"10","tpFontSizeTablet":"22","tpFontSizeMobile":"20"} -->
<h2 id="wd-c3352ae6" class="wp-block-wd-title title wd-align wd-design-underlined"><span>OUT BLOG POSTS​</span></h2>
<!-- /wp:wd/title -->

<!-- wp:wd/paragraph {"blockId":"01fbe079-14da-43fb-848b-527247e365d1","textAlign":"center","marginBottom":"30","alignSelf":"center","displayWidth":"","customWidth":""} -->
<p id="wd-01fbe079" class="wp-block-wd-paragraph wd-align wd-align-s-center">WoodMart is a powerful eCommerce theme for WordPress.​</p>
<!-- /wp:wd/paragraph -->

<!-- wp:wd/blog {"blockId":"9ea95a23-ed76-405c-bdeb-f2cf53d8476e","items_per_page":"4","layout":"carousel","marginBottom":"90","sync_parent_id":"wd_e0278553","marginBottomTablet":"60","slides_per_viewMobile":"1"} /-->

<!-- wp:wd/section {"blockId":"d199a675-e399-4c45-a03a-1e54d1e527da","paddingRight":"0","paddingLeft":"0","marginBottom":"-40"} -->
<div id="wd-d199a675" class="wp-block-wd-section"><!-- wp:wd/instagram {"blockId":"a39951e4-ae70-4c0f-b8d7-aa2b73c51fe3","images":[{"id":20815,"url":"http://dummy.xtemos.com/woodmart2/gutenberg/wp-content/uploads/sites/24/2024/07/basic-inst-11-1.jpg","width":640,"height":640},{"id":20814,"url":"http://dummy.xtemos.com/woodmart2/gutenberg/wp-content/uploads/sites/24/2024/07/basic-inst-10-1.jpg","width":640,"height":640},{"id":20816,"url":"http://dummy.xtemos.com/woodmart2/gutenberg/wp-content/uploads/sites/24/2024/07/basic-inst-12-1.jpg","width":640,"height":640},{"id":20812,"url":"http://dummy.xtemos.com/woodmart2/gutenberg/wp-content/uploads/sites/24/2024/07/basic-inst-8-1.jpg","width":640,"height":640},{"id":20813,"url":"http://dummy.xtemos.com/woodmart2/gutenberg/wp-content/uploads/sites/24/2024/07/basic-inst-9-1.jpg","width":640,"height":640},{"id":20811,"url":"http://dummy.xtemos.com/woodmart2/gutenberg/wp-content/uploads/sites/24/2024/07/basic-inst-7-1.jpg","width":640,"height":640},{"id":20810,"url":"http://dummy.xtemos.com/woodmart2/gutenberg/wp-content/uploads/sites/24/2024/07/basic-inst-6-1.jpg","width":640,"height":640},{"id":20809,"url":"http://dummy.xtemos.com/woodmart2/gutenberg/wp-content/uploads/sites/24/2024/07/basic-inst-5-1.jpg","width":640,"height":640},{"id":20808,"url":"http://dummy.xtemos.com/woodmart2/gutenberg/wp-content/uploads/sites/24/2024/07/basic-inst-4-1.jpg","width":640,"height":640},{"id":20807,"url":"http://dummy.xtemos.com/woodmart2/gutenberg/wp-content/uploads/sites/24/2024/07/basic-inst-3-1.jpg","width":640,"height":640},{"id":20805,"url":"http://dummy.xtemos.com/woodmart2/gutenberg/wp-content/uploads/sites/24/2024/07/basic-inst-1-1.jpg","width":640,"height":640},{"id":20806,"url":"http://dummy.xtemos.com/woodmart2/gutenberg/wp-content/uploads/sites/24/2024/07/basic-inst-2-1.jpg","width":640,"height":640}],"per_row":6,"spacing_custom":"0","show_content":true,"displayWidth":"full-width","per_rowMobile":3} -->
<!-- wp:wd/container {"blockId":"90e6e4c6-6d78-408d-ac08-84de428984c5","textAlign":"center","rowGap":"10","paddingTop":"30","paddingRight":"30","paddingBottom":"30","paddingLeft":"30","paddingLock":true} -->
<div id="wd-90e6e4c6" class="wp-block-wd-container wd-dir-col wd-align"><!-- wp:wd/title {"blockId":"5801e198-8747-4cde-b8f7-505c61a1b629","content":"INSTAGRAM","tpFontSize":"18"} -->
<h2 id="wd-5801e198" class="wp-block-wd-title title">INSTAGRAM</h2>
<!-- /wp:wd/title -->

<!-- wp:wd/paragraph {"blockId":"c584c829-6c34-4714-9146-3017a5cffbad","colorCode":"#c4c4c4","tpFontSize":"12","tpFontVariant":"600","tpFontWeight":"600"} -->
<p id="wd-c584c829" class="wp-block-wd-paragraph">@NAME_ACCOUNT</p>
<!-- /wp:wd/paragraph -->

<!-- wp:wd/paragraph {"blockId":"6fd3c4b0-3245-4f70-aece-6d2b6dc94ce7","textAlign":"center"} -->
<p id="wd-6fd3c4b0" class="wp-block-wd-paragraph wd-align">Lorem ipsum dolor sit amet, consectetur adipiscing elit, sed do eiusmod tempor.</p>
<!-- /wp:wd/paragraph --></div>
<!-- /wp:wd/container -->
<!-- /wp:wd/instagram --></div>
<!-- /wp:wd/section -->]]></content:encoded>
															<wp:post_id>17608</wp:post_id>
					<wp:post_date><![CDATA[2024-06-19 07:43:59]]></wp:post_date>
					<wp:post_date_gmt><![CDATA[2024-06-19 07:43:59]]></wp:post_date_gmt>
					<wp:post_modified><![CDATA[2024-11-08 14:59:26]]></wp:post_modified>
					<wp:post_modified_gmt><![CDATA[2024-11-08 14:59:26]]></wp:post_modified_gmt>
					<wp:comment_status><![CDATA[closed]]></wp:comment_status>
					<wp:post_name><![CDATA[home-basic]]></wp:post_name>
					<wp:status><![CDATA[publish]]></wp:status>
					<wp:post_parent>0</wp:post_parent>
					<wp:menu_order>0</wp:menu_order>
					<wp:post_type><![CDATA[page]]></wp:post_type>
																					<wp:postmeta>
							<wp:meta_key><![CDATA[_woodmart_whb_header]]></wp:meta_key>
							<wp:meta_value><![CDATA[header_676109]]></wp:meta_value>
						</wp:postmeta>
												<wp:postmeta>
							<wp:meta_key><![CDATA[_woodmart_title_off]]></wp:meta_key>
							<wp:meta_value><![CDATA[on]]></wp:meta_value>
						</wp:postmeta>
												<wp:postmeta>
							<wp:meta_key><![CDATA[_woodmart_page-title-size]]></wp:meta_key>
							<wp:meta_value><![CDATA[inherit]]></wp:meta_value>
						</wp:postmeta>
												<wp:postmeta>
							<wp:meta_key><![CDATA[_woodmart_title_image]]></wp:meta_key>
							<wp:meta_value><![CDATA[a:2:{s:3:"url";s:0:"";s:2:"id";s:0:"";}]]></wp:meta_value>
						</wp:postmeta>
												<wp:postmeta>
							<wp:meta_key><![CDATA[_woodmart_main_layout]]></wp:meta_key>
							<wp:meta_value><![CDATA[full-width]]></wp:meta_value>
						</wp:postmeta>
												<wp:postmeta>
							<wp:meta_key><![CDATA[_woodmart_prefooter_off]]></wp:meta_key>
							<wp:meta_value><![CDATA[on]]></wp:meta_value>
						</wp:postmeta>
										</item>
								<item>
					<title><![CDATA[basic-banner-1-1]]></title>
					<link>https://dummy.xtemos.com/woodmart2/gutenberg/basic-banner-1-1/</link>
					<pubDate>Mon, 01 Jul 2024 07:09:35 +0000</pubDate>
					<dc:creator><![CDATA[maksimkliakhin]]></dc:creator>
					<guid isPermaLink="false">http://dummy.xtemos.com/woodmart2/gutenberg/wp-content/uploads/sites/24/2024/07/basic-banner-1-1.jpg</guid>
															<wp:post_id>20802</wp:post_id>
					<wp:post_date><![CDATA[2024-07-01 07:09:35]]></wp:post_date>
					<wp:post_date_gmt><![CDATA[2024-07-01 07:09:35]]></wp:post_date_gmt>
					<wp:post_modified><![CDATA[2024-07-01 07:09:35]]></wp:post_modified>
					<wp:post_modified_gmt><![CDATA[2024-07-01 07:09:35]]></wp:post_modified_gmt>
					<wp:comment_status><![CDATA[open]]></wp:comment_status>
					<wp:post_name><![CDATA[basic-banner-1-1]]></wp:post_name>
					<wp:status><![CDATA[inherit]]></wp:status>
					<wp:post_parent>0</wp:post_parent>
					<wp:menu_order>0</wp:menu_order>
					<wp:post_type><![CDATA[attachment]]></wp:post_type>
											<wp:attachment_url><![CDATA[https://dummy.xtemos.com/woodmart2/gutenberg/wp-content/uploads/sites/24/2024/07/basic-banner-1-1.jpg]]></wp:attachment_url>
																					<wp:postmeta>
							<wp:meta_key><![CDATA[_wp_attached_file]]></wp:meta_key>
							<wp:meta_value><![CDATA[2024/07/basic-banner-1-1.jpg]]></wp:meta_value>
						</wp:postmeta>
										</item>
								<item>
					<title><![CDATA[basic-banner-2-1]]></title>
					<link>https://dummy.xtemos.com/woodmart2/gutenberg/basic-banner-2-1/</link>
					<pubDate>Mon, 01 Jul 2024 07:09:36 +0000</pubDate>
					<dc:creator><![CDATA[maksimkliakhin]]></dc:creator>
					<guid isPermaLink="false">http://dummy.xtemos.com/woodmart2/gutenberg/wp-content/uploads/sites/24/2024/07/basic-banner-2-1.jpg</guid>
															<wp:post_id>20803</wp:post_id>
					<wp:post_date><![CDATA[2024-07-01 07:09:36]]></wp:post_date>
					<wp:post_date_gmt><![CDATA[2024-07-01 07:09:36]]></wp:post_date_gmt>
					<wp:post_modified><![CDATA[2024-07-01 07:09:36]]></wp:post_modified>
					<wp:post_modified_gmt><![CDATA[2024-07-01 07:09:36]]></wp:post_modified_gmt>
					<wp:comment_status><![CDATA[open]]></wp:comment_status>
					<wp:post_name><![CDATA[basic-banner-2-1]]></wp:post_name>
					<wp:status><![CDATA[inherit]]></wp:status>
					<wp:post_parent>0</wp:post_parent>
					<wp:menu_order>0</wp:menu_order>
					<wp:post_type><![CDATA[attachment]]></wp:post_type>
											<wp:attachment_url><![CDATA[https://dummy.xtemos.com/woodmart2/gutenberg/wp-content/uploads/sites/24/2024/07/basic-banner-2-1.jpg]]></wp:attachment_url>
																					<wp:postmeta>
							<wp:meta_key><![CDATA[_wp_attached_file]]></wp:meta_key>
							<wp:meta_value><![CDATA[2024/07/basic-banner-2-1.jpg]]></wp:meta_value>
						</wp:postmeta>
										</item>
								<item>
					<title><![CDATA[basic-banner-3-1]]></title>
					<link>https://dummy.xtemos.com/woodmart2/gutenberg/basic-banner-3-1/</link>
					<pubDate>Mon, 01 Jul 2024 07:09:37 +0000</pubDate>
					<dc:creator><![CDATA[maksimkliakhin]]></dc:creator>
					<guid isPermaLink="false">http://dummy.xtemos.com/woodmart2/gutenberg/wp-content/uploads/sites/24/2024/07/basic-banner-3-1.jpg</guid>
															<wp:post_id>20804</wp:post_id>
					<wp:post_date><![CDATA[2024-07-01 07:09:37]]></wp:post_date>
					<wp:post_date_gmt><![CDATA[2024-07-01 07:09:37]]></wp:post_date_gmt>
					<wp:post_modified><![CDATA[2024-07-01 07:09:37]]></wp:post_modified>
					<wp:post_modified_gmt><![CDATA[2024-07-01 07:09:37]]></wp:post_modified_gmt>
					<wp:comment_status><![CDATA[open]]></wp:comment_status>
					<wp:post_name><![CDATA[basic-banner-3-1]]></wp:post_name>
					<wp:status><![CDATA[inherit]]></wp:status>
					<wp:post_parent>0</wp:post_parent>
					<wp:menu_order>0</wp:menu_order>
					<wp:post_type><![CDATA[attachment]]></wp:post_type>
											<wp:attachment_url><![CDATA[https://dummy.xtemos.com/woodmart2/gutenberg/wp-content/uploads/sites/24/2024/07/basic-banner-3-1.jpg]]></wp:attachment_url>
																					<wp:postmeta>
							<wp:meta_key><![CDATA[_wp_attached_file]]></wp:meta_key>
							<wp:meta_value><![CDATA[2024/07/basic-banner-3-1.jpg]]></wp:meta_value>
						</wp:postmeta>
										</item>
								<item>
					<title><![CDATA[basic-inst-1-1]]></title>
					<link>https://dummy.xtemos.com/woodmart2/gutenberg/basic-inst-1-1/</link>
					<pubDate>Mon, 01 Jul 2024 07:09:37 +0000</pubDate>
					<dc:creator><![CDATA[maksimkliakhin]]></dc:creator>
					<guid isPermaLink="false">http://dummy.xtemos.com/woodmart2/gutenberg/wp-content/uploads/sites/24/2024/07/basic-inst-1-1.jpg</guid>
															<wp:post_id>20805</wp:post_id>
					<wp:post_date><![CDATA[2024-07-01 07:09:37]]></wp:post_date>
					<wp:post_date_gmt><![CDATA[2024-07-01 07:09:37]]></wp:post_date_gmt>
					<wp:post_modified><![CDATA[2024-07-01 07:09:37]]></wp:post_modified>
					<wp:post_modified_gmt><![CDATA[2024-07-01 07:09:37]]></wp:post_modified_gmt>
					<wp:comment_status><![CDATA[open]]></wp:comment_status>
					<wp:post_name><![CDATA[basic-inst-1-1]]></wp:post_name>
					<wp:status><![CDATA[inherit]]></wp:status>
					<wp:post_parent>0</wp:post_parent>
					<wp:menu_order>0</wp:menu_order>
					<wp:post_type><![CDATA[attachment]]></wp:post_type>
											<wp:attachment_url><![CDATA[https://dummy.xtemos.com/woodmart2/gutenberg/wp-content/uploads/sites/24/2024/07/basic-inst-1-1.jpg]]></wp:attachment_url>
																					<wp:postmeta>
							<wp:meta_key><![CDATA[_wp_attached_file]]></wp:meta_key>
							<wp:meta_value><![CDATA[2024/07/basic-inst-1-1.jpg]]></wp:meta_value>
						</wp:postmeta>
										</item>
								<item>
					<title><![CDATA[basic-inst-3-1]]></title>
					<link>https://dummy.xtemos.com/woodmart2/gutenberg/basic-inst-3-1/</link>
					<pubDate>Mon, 01 Jul 2024 07:09:38 +0000</pubDate>
					<dc:creator><![CDATA[maksimkliakhin]]></dc:creator>
					<guid isPermaLink="false">http://dummy.xtemos.com/woodmart2/gutenberg/wp-content/uploads/sites/24/2024/07/basic-inst-3-1.jpg</guid>
															<wp:post_id>20807</wp:post_id>
					<wp:post_date><![CDATA[2024-07-01 07:09:38]]></wp:post_date>
					<wp:post_date_gmt><![CDATA[2024-07-01 07:09:38]]></wp:post_date_gmt>
					<wp:post_modified><![CDATA[2024-07-01 07:09:38]]></wp:post_modified>
					<wp:post_modified_gmt><![CDATA[2024-07-01 07:09:38]]></wp:post_modified_gmt>
					<wp:comment_status><![CDATA[open]]></wp:comment_status>
					<wp:post_name><![CDATA[basic-inst-3-1]]></wp:post_name>
					<wp:status><![CDATA[inherit]]></wp:status>
					<wp:post_parent>0</wp:post_parent>
					<wp:menu_order>0</wp:menu_order>
					<wp:post_type><![CDATA[attachment]]></wp:post_type>
											<wp:attachment_url><![CDATA[https://dummy.xtemos.com/woodmart2/gutenberg/wp-content/uploads/sites/24/2024/07/basic-inst-3-1.jpg]]></wp:attachment_url>
																					<wp:postmeta>
							<wp:meta_key><![CDATA[_wp_attached_file]]></wp:meta_key>
							<wp:meta_value><![CDATA[2024/07/basic-inst-3-1.jpg]]></wp:meta_value>
						</wp:postmeta>
										</item>
								<item>
					<title><![CDATA[basic-inst-4-1]]></title>
					<link>https://dummy.xtemos.com/woodmart2/gutenberg/basic-inst-4-1/</link>
					<pubDate>Mon, 01 Jul 2024 07:09:38 +0000</pubDate>
					<dc:creator><![CDATA[maksimkliakhin]]></dc:creator>
					<guid isPermaLink="false">http://dummy.xtemos.com/woodmart2/gutenberg/wp-content/uploads/sites/24/2024/07/basic-inst-4-1.jpg</guid>
															<wp:post_id>20808</wp:post_id>
					<wp:post_date><![CDATA[2024-07-01 07:09:38]]></wp:post_date>
					<wp:post_date_gmt><![CDATA[2024-07-01 07:09:38]]></wp:post_date_gmt>
					<wp:post_modified><![CDATA[2024-07-01 07:09:38]]></wp:post_modified>
					<wp:post_modified_gmt><![CDATA[2024-07-01 07:09:38]]></wp:post_modified_gmt>
					<wp:comment_status><![CDATA[open]]></wp:comment_status>
					<wp:post_name><![CDATA[basic-inst-4-1]]></wp:post_name>
					<wp:status><![CDATA[inherit]]></wp:status>
					<wp:post_parent>0</wp:post_parent>
					<wp:menu_order>0</wp:menu_order>
					<wp:post_type><![CDATA[attachment]]></wp:post_type>
											<wp:attachment_url><![CDATA[https://dummy.xtemos.com/woodmart2/gutenberg/wp-content/uploads/sites/24/2024/07/basic-inst-4-1.jpg]]></wp:attachment_url>
																					<wp:postmeta>
							<wp:meta_key><![CDATA[_wp_attached_file]]></wp:meta_key>
							<wp:meta_value><![CDATA[2024/07/basic-inst-4-1.jpg]]></wp:meta_value>
						</wp:postmeta>
										</item>
								<item>
					<title><![CDATA[basic-inst-5-1]]></title>
					<link>https://dummy.xtemos.com/woodmart2/gutenberg/basic-inst-5-1/</link>
					<pubDate>Mon, 01 Jul 2024 07:09:39 +0000</pubDate>
					<dc:creator><![CDATA[maksimkliakhin]]></dc:creator>
					<guid isPermaLink="false">http://dummy.xtemos.com/woodmart2/gutenberg/wp-content/uploads/sites/24/2024/07/basic-inst-5-1.jpg</guid>
															<wp:post_id>20809</wp:post_id>
					<wp:post_date><![CDATA[2024-07-01 07:09:39]]></wp:post_date>
					<wp:post_date_gmt><![CDATA[2024-07-01 07:09:39]]></wp:post_date_gmt>
					<wp:post_modified><![CDATA[2024-07-01 07:09:39]]></wp:post_modified>
					<wp:post_modified_gmt><![CDATA[2024-07-01 07:09:39]]></wp:post_modified_gmt>
					<wp:comment_status><![CDATA[open]]></wp:comment_status>
					<wp:post_name><![CDATA[basic-inst-5-1]]></wp:post_name>
					<wp:status><![CDATA[inherit]]></wp:status>
					<wp:post_parent>0</wp:post_parent>
					<wp:menu_order>0</wp:menu_order>
					<wp:post_type><![CDATA[attachment]]></wp:post_type>
											<wp:attachment_url><![CDATA[https://dummy.xtemos.com/woodmart2/gutenberg/wp-content/uploads/sites/24/2024/07/basic-inst-5-1.jpg]]></wp:attachment_url>
																					<wp:postmeta>
							<wp:meta_key><![CDATA[_wp_attached_file]]></wp:meta_key>
							<wp:meta_value><![CDATA[2024/07/basic-inst-5-1.jpg]]></wp:meta_value>
						</wp:postmeta>
										</item>
								<item>
					<title><![CDATA[basic-inst-6-1]]></title>
					<link>https://dummy.xtemos.com/woodmart2/gutenberg/basic-inst-6-1/</link>
					<pubDate>Mon, 01 Jul 2024 07:09:39 +0000</pubDate>
					<dc:creator><![CDATA[maksimkliakhin]]></dc:creator>
					<guid isPermaLink="false">http://dummy.xtemos.com/woodmart2/gutenberg/wp-content/uploads/sites/24/2024/07/basic-inst-6-1.jpg</guid>
															<wp:post_id>20810</wp:post_id>
					<wp:post_date><![CDATA[2024-07-01 07:09:39]]></wp:post_date>
					<wp:post_date_gmt><![CDATA[2024-07-01 07:09:39]]></wp:post_date_gmt>
					<wp:post_modified><![CDATA[2024-07-01 07:09:39]]></wp:post_modified>
					<wp:post_modified_gmt><![CDATA[2024-07-01 07:09:39]]></wp:post_modified_gmt>
					<wp:comment_status><![CDATA[open]]></wp:comment_status>
					<wp:post_name><![CDATA[basic-inst-6-1]]></wp:post_name>
					<wp:status><![CDATA[inherit]]></wp:status>
					<wp:post_parent>0</wp:post_parent>
					<wp:menu_order>0</wp:menu_order>
					<wp:post_type><![CDATA[attachment]]></wp:post_type>
											<wp:attachment_url><![CDATA[https://dummy.xtemos.com/woodmart2/gutenberg/wp-content/uploads/sites/24/2024/07/basic-inst-6-1.jpg]]></wp:attachment_url>
																					<wp:postmeta>
							<wp:meta_key><![CDATA[_wp_attached_file]]></wp:meta_key>
							<wp:meta_value><![CDATA[2024/07/basic-inst-6-1.jpg]]></wp:meta_value>
						</wp:postmeta>
										</item>
								<item>
					<title><![CDATA[basic-inst-7-1]]></title>
					<link>https://dummy.xtemos.com/woodmart2/gutenberg/basic-inst-7-1/</link>
					<pubDate>Mon, 01 Jul 2024 07:09:39 +0000</pubDate>
					<dc:creator><![CDATA[maksimkliakhin]]></dc:creator>
					<guid isPermaLink="false">http://dummy.xtemos.com/woodmart2/gutenberg/wp-content/uploads/sites/24/2024/07/basic-inst-7-1.jpg</guid>
															<wp:post_id>20811</wp:post_id>
					<wp:post_date><![CDATA[2024-07-01 07:09:39]]></wp:post_date>
					<wp:post_date_gmt><![CDATA[2024-07-01 07:09:39]]></wp:post_date_gmt>
					<wp:post_modified><![CDATA[2024-07-01 07:09:39]]></wp:post_modified>
					<wp:post_modified_gmt><![CDATA[2024-07-01 07:09:39]]></wp:post_modified_gmt>
					<wp:comment_status><![CDATA[open]]></wp:comment_status>
					<wp:post_name><![CDATA[basic-inst-7-1]]></wp:post_name>
					<wp:status><![CDATA[inherit]]></wp:status>
					<wp:post_parent>0</wp:post_parent>
					<wp:menu_order>0</wp:menu_order>
					<wp:post_type><![CDATA[attachment]]></wp:post_type>
											<wp:attachment_url><![CDATA[https://dummy.xtemos.com/woodmart2/gutenberg/wp-content/uploads/sites/24/2024/07/basic-inst-7-1.jpg]]></wp:attachment_url>
																					<wp:postmeta>
							<wp:meta_key><![CDATA[_wp_attached_file]]></wp:meta_key>
							<wp:meta_value><![CDATA[2024/07/basic-inst-7-1.jpg]]></wp:meta_value>
						</wp:postmeta>
										</item>
								<item>
					<title><![CDATA[basic-inst-8-1]]></title>
					<link>https://dummy.xtemos.com/woodmart2/gutenberg/basic-inst-8-1/</link>
					<pubDate>Mon, 01 Jul 2024 07:09:40 +0000</pubDate>
					<dc:creator><![CDATA[maksimkliakhin]]></dc:creator>
					<guid isPermaLink="false">http://dummy.xtemos.com/woodmart2/gutenberg/wp-content/uploads/sites/24/2024/07/basic-inst-8-1.jpg</guid>
															<wp:post_id>20812</wp:post_id>
					<wp:post_date><![CDATA[2024-07-01 07:09:40]]></wp:post_date>
					<wp:post_date_gmt><![CDATA[2024-07-01 07:09:40]]></wp:post_date_gmt>
					<wp:post_modified><![CDATA[2024-07-01 07:09:40]]></wp:post_modified>
					<wp:post_modified_gmt><![CDATA[2024-07-01 07:09:40]]></wp:post_modified_gmt>
					<wp:comment_status><![CDATA[open]]></wp:comment_status>
					<wp:post_name><![CDATA[basic-inst-8-1]]></wp:post_name>
					<wp:status><![CDATA[inherit]]></wp:status>
					<wp:post_parent>0</wp:post_parent>
					<wp:menu_order>0</wp:menu_order>
					<wp:post_type><![CDATA[attachment]]></wp:post_type>
											<wp:attachment_url><![CDATA[https://dummy.xtemos.com/woodmart2/gutenberg/wp-content/uploads/sites/24/2024/07/basic-inst-8-1.jpg]]></wp:attachment_url>
																					<wp:postmeta>
							<wp:meta_key><![CDATA[_wp_attached_file]]></wp:meta_key>
							<wp:meta_value><![CDATA[2024/07/basic-inst-8-1.jpg]]></wp:meta_value>
						</wp:postmeta>
										</item>
								<item>
					<title><![CDATA[basic-inst-9-1]]></title>
					<link>https://dummy.xtemos.com/woodmart2/gutenberg/basic-inst-9-1/</link>
					<pubDate>Mon, 01 Jul 2024 07:09:40 +0000</pubDate>
					<dc:creator><![CDATA[maksimkliakhin]]></dc:creator>
					<guid isPermaLink="false">http://dummy.xtemos.com/woodmart2/gutenberg/wp-content/uploads/sites/24/2024/07/basic-inst-9-1.jpg</guid>
															<wp:post_id>20813</wp:post_id>
					<wp:post_date><![CDATA[2024-07-01 07:09:40]]></wp:post_date>
					<wp:post_date_gmt><![CDATA[2024-07-01 07:09:40]]></wp:post_date_gmt>
					<wp:post_modified><![CDATA[2024-07-01 07:09:40]]></wp:post_modified>
					<wp:post_modified_gmt><![CDATA[2024-07-01 07:09:40]]></wp:post_modified_gmt>
					<wp:comment_status><![CDATA[open]]></wp:comment_status>
					<wp:post_name><![CDATA[basic-inst-9-1]]></wp:post_name>
					<wp:status><![CDATA[inherit]]></wp:status>
					<wp:post_parent>0</wp:post_parent>
					<wp:menu_order>0</wp:menu_order>
					<wp:post_type><![CDATA[attachment]]></wp:post_type>
											<wp:attachment_url><![CDATA[https://dummy.xtemos.com/woodmart2/gutenberg/wp-content/uploads/sites/24/2024/07/basic-inst-9-1.jpg]]></wp:attachment_url>
																					<wp:postmeta>
							<wp:meta_key><![CDATA[_wp_attached_file]]></wp:meta_key>
							<wp:meta_value><![CDATA[2024/07/basic-inst-9-1.jpg]]></wp:meta_value>
						</wp:postmeta>
										</item>
								<item>
					<title><![CDATA[basic-inst-10-1]]></title>
					<link>https://dummy.xtemos.com/woodmart2/gutenberg/basic-inst-10-1/</link>
					<pubDate>Mon, 01 Jul 2024 07:09:41 +0000</pubDate>
					<dc:creator><![CDATA[maksimkliakhin]]></dc:creator>
					<guid isPermaLink="false">http://dummy.xtemos.com/woodmart2/gutenberg/wp-content/uploads/sites/24/2024/07/basic-inst-10-1.jpg</guid>
															<wp:post_id>20814</wp:post_id>
					<wp:post_date><![CDATA[2024-07-01 07:09:41]]></wp:post_date>
					<wp:post_date_gmt><![CDATA[2024-07-01 07:09:41]]></wp:post_date_gmt>
					<wp:post_modified><![CDATA[2024-07-01 07:09:41]]></wp:post_modified>
					<wp:post_modified_gmt><![CDATA[2024-07-01 07:09:41]]></wp:post_modified_gmt>
					<wp:comment_status><![CDATA[open]]></wp:comment_status>
					<wp:post_name><![CDATA[basic-inst-10-1]]></wp:post_name>
					<wp:status><![CDATA[inherit]]></wp:status>
					<wp:post_parent>0</wp:post_parent>
					<wp:menu_order>0</wp:menu_order>
					<wp:post_type><![CDATA[attachment]]></wp:post_type>
											<wp:attachment_url><![CDATA[https://dummy.xtemos.com/woodmart2/gutenberg/wp-content/uploads/sites/24/2024/07/basic-inst-10-1.jpg]]></wp:attachment_url>
																					<wp:postmeta>
							<wp:meta_key><![CDATA[_wp_attached_file]]></wp:meta_key>
							<wp:meta_value><![CDATA[2024/07/basic-inst-10-1.jpg]]></wp:meta_value>
						</wp:postmeta>
										</item>
								<item>
					<title><![CDATA[basic-inst-11-1]]></title>
					<link>https://dummy.xtemos.com/woodmart2/gutenberg/basic-inst-11-1/</link>
					<pubDate>Mon, 01 Jul 2024 07:09:41 +0000</pubDate>
					<dc:creator><![CDATA[maksimkliakhin]]></dc:creator>
					<guid isPermaLink="false">http://dummy.xtemos.com/woodmart2/gutenberg/wp-content/uploads/sites/24/2024/07/basic-inst-11-1.jpg</guid>
															<wp:post_id>20815</wp:post_id>
					<wp:post_date><![CDATA[2024-07-01 07:09:41]]></wp:post_date>
					<wp:post_date_gmt><![CDATA[2024-07-01 07:09:41]]></wp:post_date_gmt>
					<wp:post_modified><![CDATA[2024-07-01 07:09:41]]></wp:post_modified>
					<wp:post_modified_gmt><![CDATA[2024-07-01 07:09:41]]></wp:post_modified_gmt>
					<wp:comment_status><![CDATA[open]]></wp:comment_status>
					<wp:post_name><![CDATA[basic-inst-11-1]]></wp:post_name>
					<wp:status><![CDATA[inherit]]></wp:status>
					<wp:post_parent>0</wp:post_parent>
					<wp:menu_order>0</wp:menu_order>
					<wp:post_type><![CDATA[attachment]]></wp:post_type>
											<wp:attachment_url><![CDATA[https://dummy.xtemos.com/woodmart2/gutenberg/wp-content/uploads/sites/24/2024/07/basic-inst-11-1.jpg]]></wp:attachment_url>
																					<wp:postmeta>
							<wp:meta_key><![CDATA[_wp_attached_file]]></wp:meta_key>
							<wp:meta_value><![CDATA[2024/07/basic-inst-11-1.jpg]]></wp:meta_value>
						</wp:postmeta>
										</item>
								<item>
					<title><![CDATA[basic-inst-12-1]]></title>
					<link>https://dummy.xtemos.com/woodmart2/gutenberg/basic-inst-12-1/</link>
					<pubDate>Mon, 01 Jul 2024 07:09:41 +0000</pubDate>
					<dc:creator><![CDATA[maksimkliakhin]]></dc:creator>
					<guid isPermaLink="false">http://dummy.xtemos.com/woodmart2/gutenberg/wp-content/uploads/sites/24/2024/07/basic-inst-12-1.jpg</guid>
															<wp:post_id>20816</wp:post_id>
					<wp:post_date><![CDATA[2024-07-01 07:09:41]]></wp:post_date>
					<wp:post_date_gmt><![CDATA[2024-07-01 07:09:41]]></wp:post_date_gmt>
					<wp:post_modified><![CDATA[2024-07-01 07:09:41]]></wp:post_modified>
					<wp:post_modified_gmt><![CDATA[2024-07-01 07:09:41]]></wp:post_modified_gmt>
					<wp:comment_status><![CDATA[open]]></wp:comment_status>
					<wp:post_name><![CDATA[basic-inst-12-1]]></wp:post_name>
					<wp:status><![CDATA[inherit]]></wp:status>
					<wp:post_parent>0</wp:post_parent>
					<wp:menu_order>0</wp:menu_order>
					<wp:post_type><![CDATA[attachment]]></wp:post_type>
											<wp:attachment_url><![CDATA[https://dummy.xtemos.com/woodmart2/gutenberg/wp-content/uploads/sites/24/2024/07/basic-inst-12-1.jpg]]></wp:attachment_url>
																					<wp:postmeta>
							<wp:meta_key><![CDATA[_wp_attached_file]]></wp:meta_key>
							<wp:meta_value><![CDATA[2024/07/basic-inst-12-1.jpg]]></wp:meta_value>
						</wp:postmeta>
										</item>
								<item>
					<title><![CDATA[basic-slide-bg-1]]></title>
					<link>https://dummy.xtemos.com/woodmart2/gutenberg/basic-slide-bg-1/</link>
					<pubDate>Mon, 01 Jul 2024 07:09:42 +0000</pubDate>
					<dc:creator><![CDATA[maksimkliakhin]]></dc:creator>
					<guid isPermaLink="false">http://dummy.xtemos.com/woodmart2/gutenberg/wp-content/uploads/sites/24/2024/07/basic-slide-bg-1.jpg</guid>
															<wp:post_id>20817</wp:post_id>
					<wp:post_date><![CDATA[2024-07-01 07:09:42]]></wp:post_date>
					<wp:post_date_gmt><![CDATA[2024-07-01 07:09:42]]></wp:post_date_gmt>
					<wp:post_modified><![CDATA[2024-07-01 07:09:42]]></wp:post_modified>
					<wp:post_modified_gmt><![CDATA[2024-07-01 07:09:42]]></wp:post_modified_gmt>
					<wp:comment_status><![CDATA[open]]></wp:comment_status>
					<wp:post_name><![CDATA[basic-slide-bg-1]]></wp:post_name>
					<wp:status><![CDATA[inherit]]></wp:status>
					<wp:post_parent>0</wp:post_parent>
					<wp:menu_order>0</wp:menu_order>
					<wp:post_type><![CDATA[attachment]]></wp:post_type>
											<wp:attachment_url><![CDATA[https://dummy.xtemos.com/woodmart2/gutenberg/wp-content/uploads/sites/24/2024/07/basic-slide-bg-1.jpg]]></wp:attachment_url>
																					<wp:postmeta>
							<wp:meta_key><![CDATA[_wp_attached_file]]></wp:meta_key>
							<wp:meta_value><![CDATA[2024/07/basic-slide-bg-1.jpg]]></wp:meta_value>
						</wp:postmeta>
										</item>
								<item>
					<title><![CDATA[sliders-basic-slide-2]]></title>
					<link>https://dummy.xtemos.com/woodmart2/gutenberg/sliders-basic-slide-2/</link>
					<pubDate>Mon, 01 Jul 2024 07:09:43 +0000</pubDate>
					<dc:creator><![CDATA[maksimkliakhin]]></dc:creator>
					<guid isPermaLink="false">http://dummy.xtemos.com/woodmart2/gutenberg/wp-content/uploads/sites/24/2024/07/sliders-basic-slide-2.jpg</guid>
															<wp:post_id>20818</wp:post_id>
					<wp:post_date><![CDATA[2024-07-01 07:09:43]]></wp:post_date>
					<wp:post_date_gmt><![CDATA[2024-07-01 07:09:43]]></wp:post_date_gmt>
					<wp:post_modified><![CDATA[2024-07-01 07:09:43]]></wp:post_modified>
					<wp:post_modified_gmt><![CDATA[2024-07-01 07:09:43]]></wp:post_modified_gmt>
					<wp:comment_status><![CDATA[open]]></wp:comment_status>
					<wp:post_name><![CDATA[sliders-basic-slide-2]]></wp:post_name>
					<wp:status><![CDATA[inherit]]></wp:status>
					<wp:post_parent>0</wp:post_parent>
					<wp:menu_order>0</wp:menu_order>
					<wp:post_type><![CDATA[attachment]]></wp:post_type>
											<wp:attachment_url><![CDATA[https://dummy.xtemos.com/woodmart2/gutenberg/wp-content/uploads/sites/24/2024/07/sliders-basic-slide-2.jpg]]></wp:attachment_url>
																					<wp:postmeta>
							<wp:meta_key><![CDATA[_wp_attached_file]]></wp:meta_key>
							<wp:meta_value><![CDATA[2024/07/sliders-basic-slide-2.jpg]]></wp:meta_value>
						</wp:postmeta>
										</item>
								<item>
					<title><![CDATA[wd-basic-video-bg]]></title>
					<link>https://dummy.xtemos.com/woodmart2/gutenberg/home-basic/wd-basic-video-bg/</link>
					<pubDate>Thu, 18 Jul 2024 14:23:52 +0000</pubDate>
					<dc:creator><![CDATA[maksimkliakhin]]></dc:creator>
					<guid isPermaLink="false">https://dummy.xtemos.com/woodmart2/gutenberg/wp-content/uploads/sites/24/2024/07/wd-basic-video-bg.mp4</guid>
															<wp:post_id>27070</wp:post_id>
					<wp:post_date><![CDATA[2024-07-18 14:23:52]]></wp:post_date>
					<wp:post_date_gmt><![CDATA[2024-07-18 14:23:52]]></wp:post_date_gmt>
					<wp:post_modified><![CDATA[2024-07-18 14:23:52]]></wp:post_modified>
					<wp:post_modified_gmt><![CDATA[2024-07-18 14:23:52]]></wp:post_modified_gmt>
					<wp:comment_status><![CDATA[open]]></wp:comment_status>
					<wp:post_name><![CDATA[wd-basic-video-bg]]></wp:post_name>
					<wp:status><![CDATA[inherit]]></wp:status>
					<wp:post_parent>17608</wp:post_parent>
					<wp:menu_order>0</wp:menu_order>
					<wp:post_type><![CDATA[attachment]]></wp:post_type>
											<wp:attachment_url><![CDATA[https://dummy.xtemos.com/woodmart2/gutenberg/wp-content/uploads/sites/24/2024/07/wd-basic-video-bg.mp4]]></wp:attachment_url>
																					<wp:postmeta>
							<wp:meta_key><![CDATA[_wp_attached_file]]></wp:meta_key>
							<wp:meta_value><![CDATA[2024/07/wd-basic-video-bg.mp4]]></wp:meta_value>
						</wp:postmeta>
										</item>
								<item>
					<title><![CDATA[wood-logo-white-reserve]]></title>
					<link>https://dummy.xtemos.com/woodmart2/gutenberg/wood-logo-white-reserve/</link>
					<pubDate>Wed, 21 Jun 2017 08:17:11 +0000</pubDate>
					<dc:creator><![CDATA[zakhar]]></dc:creator>
					<guid isPermaLink="false">http://dummy.xtemos.com/woodmart2/gutenberg/wp-content/uploads/sites/24/2017/06/wood-logo-white-reserve.svg</guid>
															<wp:post_id>302</wp:post_id>
					<wp:post_date><![CDATA[2017-06-21 08:17:11]]></wp:post_date>
					<wp:post_date_gmt><![CDATA[2017-06-21 08:17:11]]></wp:post_date_gmt>
					<wp:post_modified><![CDATA[2024-04-16 13:18:51]]></wp:post_modified>
					<wp:post_modified_gmt><![CDATA[2024-04-16 13:18:51]]></wp:post_modified_gmt>
					<wp:comment_status><![CDATA[open]]></wp:comment_status>
					<wp:post_name><![CDATA[wood-logo-white-reserve]]></wp:post_name>
					<wp:status><![CDATA[inherit]]></wp:status>
					<wp:post_parent>0</wp:post_parent>
					<wp:menu_order>0</wp:menu_order>
					<wp:post_type><![CDATA[attachment]]></wp:post_type>
											<wp:attachment_url><![CDATA[https://dummy.xtemos.com/woodmart2/gutenberg/wp-content/uploads/sites/24/2017/06/wood-logo-white-reserve.svg]]></wp:attachment_url>
																					<wp:postmeta>
							<wp:meta_key><![CDATA[_wp_attached_file]]></wp:meta_key>
							<wp:meta_value><![CDATA[2017/06/wood-logo-white-reserve.svg]]></wp:meta_value>
						</wp:postmeta>
										</item>
								<item>
					<title><![CDATA[Footer 1 column Light]]></title>
					<link>https://dummy.xtemos.com/woodmart2/gutenberg/?cms_block=footer-1-column-light</link>
					<pubDate>Fri, 24 May 2024 13:40:27 +0000</pubDate>
					<dc:creator><![CDATA[maksimkliakhin]]></dc:creator>
					<guid isPermaLink="false">https://dummy.xtemos.com/woodmart2/gutenberg/?post_type=cms_block&#038;p=12962</guid>
											<content:encoded><![CDATA[<!-- wp:wd/row {"blockId":"44ed7d08-e070-4837-b8c5-83401769c4d1","paddingTop":"40","paddingBottom":"40"} -->
<div id="wd-44ed7d08" class="wp-block-wd-row"><!-- wp:wd/column {"blockId":"d5a06582-d2b6-4d73-83f9-ccc08f331d22","adjacentCount":5,"colWidth":25,"adjacentCountTablet":2,"adjacentCountMobile":1,"colWidthTablet":50,"colWidthMobile":100} -->
<div id="wd-d5a06582" class="wp-block-wd-column"><!-- wp:wd/image {"blockId":"c5abda6e-a688-4703-a78b-90f5d6a6f56b","image":{"id":302,"url":"http://dummy.xtemos.com/woodmart2/gutenberg/wp-content/uploads/sites/24/2017/06/wood-logo-white-reserve.svg"},"imageData":{"url":"https://dummy.xtemos.com/woodmart2/gutenberg/wp-content/uploads/sites/24/2017/06/wood-logo-white-reserve.svg","width":369,"height":53},"displayWidth":"custom","customWidth":"220"} -->
<div id="wd-c5abda6e" class="wp-block-wd-image wd-block-image wd-custom-width"><a href="#" class="wd-block-image-link"><img class="wp-image-302" src="http://dummy.xtemos.com/woodmart2/gutenberg/wp-content/uploads/sites/24/2017/06/wood-logo-white-reserve.svg" alt="" /></a></div>
<!-- /wp:wd/image -->

<!-- wp:wd/paragraph {"blockId":"39bb1cb8-0e8f-4e06-97b6-6ee7b5f22eb7"} -->
<p id="wd-39bb1cb8" class="wp-block-wd-paragraph">Condimentum adipiscing vel neque dis nam parturient orci at scelerisque neque dis nam parturient.</p>
<!-- /wp:wd/paragraph -->

<!-- wp:wd/list {"blockId":"3ec8ddf6-183c-4442-a719-87a08fa4d6da","iconType":"image","blockGap":10,"iconSize":"14"} -->
<ul id="wd-3ec8ddf6" class="wp-block-wd-list wd-list wd-type-image wd-style-default"><!-- wp:wd/list-item {"blockId":"9594a34b-8005-48e5-89f8-0c0297a4b014","iconType":"image","itemIconType":"image","svg":"","itemImage":{"id":34179,"url":"https://dummy.xtemos.com/woodmart2/gutenberg/wp-content/uploads/sites/24/2024/05/wd-cursor-light.svg"}} -->
<li id="wd-9594a34b" class="wp-block-wd-list-item"><div class="wd-icon"><img src="https://dummy.xtemos.com/woodmart2/gutenberg/wp-content/uploads/sites/24/2024/05/wd-cursor-light.svg" alt="" class="wp-image-34179" /></div><span class="wd-list-content">451 Wall Street, UK, London</span></li>
<!-- /wp:wd/list-item -->

<!-- wp:wd/list-item {"blockId":"1412b618-201f-4334-9501-b26e36eab83b","iconType":"image","itemIconType":"image","svg":"","itemImage":{"id":34181,"url":"https://dummy.xtemos.com/woodmart2/gutenberg/wp-content/uploads/sites/24/2024/05/wd-phone-light.svg"}} -->
<li id="wd-1412b618" class="wp-block-wd-list-item"><div class="wd-icon"><img src="https://dummy.xtemos.com/woodmart2/gutenberg/wp-content/uploads/sites/24/2024/05/wd-phone-light.svg" alt="" class="wp-image-34181" /></div><span class="wd-list-content">Phone: (064) 332-1233</span></li>
<!-- /wp:wd/list-item -->

<!-- wp:wd/list-item {"blockId":"c6d27078-3a9a-4c69-beee-5cf04241bcd2","iconType":"image","itemIconType":"image","svg":"","itemImage":{"id":34180,"url":"https://dummy.xtemos.com/woodmart2/gutenberg/wp-content/uploads/sites/24/2024/05/wd-envelope-light.svg"}} -->
<li id="wd-c6d27078" class="wp-block-wd-list-item"><div class="wd-icon"><img src="https://dummy.xtemos.com/woodmart2/gutenberg/wp-content/uploads/sites/24/2024/05/wd-envelope-light.svg" alt="" class="wp-image-34180" /></div><span class="wd-list-content">Fax: (099) 453-1357</span></li>
<!-- /wp:wd/list-item --></ul>
<!-- /wp:wd/list --></div>
<!-- /wp:wd/column -->

<!-- wp:wd/column {"blockId":"98b8d28d-df06-4526-a2bd-d23e2a0d4125","adjacentCount":5,"colWidth":25,"adjacentCountTablet":2,"adjacentCountMobile":1,"colWidthTablet":50,"colWidthMobile":100} -->
<div id="wd-98b8d28d" class="wp-block-wd-column"><!-- wp:wd/toggle {"blockId":"6bb6003d-186d-4bce-8473-8a3665428c0a","state":"static","stateTablet":"static"} -->
<div id="wd-6bb6003d" class="wp-block-wd-toggle wd-toggle wd-state-static-lg wd-state-static-md-sm wd-state-closed-sm wd-active-lg wd-active-md-sm wd-icon-rotate"><!-- wp:wd/container {"blockId":"9bd09b3b-45bb-48c1-b2dc-fbd08b4a10bb","direction":"row","extraClass":"wd-toggle-head","metadata":{"name":"Toggle head"}} -->
<div id="wd-9bd09b3b" class="wp-block-wd-container wd-dir-row wd-toggle-head"><!-- wp:wd/title {"blockId":"c3e1a331-8297-4430-ac8a-695285fbd731","content":"RECENT POSTS","htmlTag":"h5"} -->
<h5 id="wd-c3e1a331" class="wp-block-wd-title title">RECENT POSTS</h5>
<!-- /wp:wd/title -->

<!-- wp:wd/icon {"blockId":"d5404405-b597-476c-9baf-c1422d558a2a","type":"svg","svg":"\u003csvg xmlns=\u0022http://www.w3.org/2000/svg \u0022 width=\u002264\u0022 height=\u002264\u0022 viewBox=\u00220 0 64 64\u0022\u003e\u003cpath d=\u0022M59.7678 20.7678C60.2551 20.2804 60.4992 19.6419 60.5 19.0031C60.5008 18.3623 60.2567 17.7212 59.7678 17.2322C59.2796 16.7441 58.6398 16.5 58 16.5C57.3602 16.5 56.7204 16.7441 56.2322 17.2322L32 41.4645L7.76777 17.2322C7.27961 16.7441 6.63981 16.5 6 16.5C5.36019 16.5 4.72039 16.7441 4.23223 17.2322C3.74408 17.7204 3.5 18.3602 3.5 19C3.5 19.6398 3.74408 20.2796 4.23223 20.7678L30.2322 46.7678C30.7204 47.2559 31.3602 47.5 32 47.5C32.6398 47.5 33.2796 47.2559 33.7678 46.7678L59.7678 20.7678Z\u0022 /\u003e\u003c/svg\u003e","extraClass":"wd-toggle-icon"} -->
<div id="wd-d5404405" class="wp-block-wd-icon wd-toggle-icon"><svg xmlns="http://www.w3.org/2000/svg " width="64" height="64" viewBox="0 0 64 64" aria-hidden="true"><path d="M59.7678 20.7678C60.2551 20.2804 60.4992 19.6419 60.5 19.0031C60.5008 18.3623 60.2567 17.7212 59.7678 17.2322C59.2796 16.7441 58.6398 16.5 58 16.5C57.3602 16.5 56.7204 16.7441 56.2322 17.2322L32 41.4645L7.76777 17.2322C7.27961 16.7441 6.63981 16.5 6 16.5C5.36019 16.5 4.72039 16.7441 4.23223 17.2322C3.74408 17.7204 3.5 18.3602 3.5 19C3.5 19.6398 3.74408 20.2796 4.23223 20.7678L30.2322 46.7678C30.7204 47.2559 31.3602 47.5 32 47.5C32.6398 47.5 33.2796 47.2559 33.7678 46.7678L59.7678 20.7678Z"></path></svg></div>
<!-- /wp:wd/icon --></div>
<!-- /wp:wd/container -->

<!-- wp:wd/toggle-content {"blockId":"966a0481-14be-4037-ad1e-8e18186bb3ec"} -->
<div id="wd-966a0481" class="wp-block-wd-toggle-content wd-toggle-content"><div class="wd-toggle-content-inner"><!-- wp:wd/blog {"blockId":"b6c529aa-27ee-4c89-9aab-81d40c272398","items_per_page":"2","layout":"list","blog_list_design":"small","blog_columns":1,"parts_meta":false,"img_size":"custom","imgSizeCustomWidth":"75","imgSizeCustomHeight":"65"} /--></div></div>
<!-- /wp:wd/toggle-content --></div>
<!-- /wp:wd/toggle --></div>
<!-- /wp:wd/column -->

<!-- wp:wd/column {"blockId":"c5857cde-71d4-4969-bde1-e36696f93ddb","adjacentCount":5,"colWidth":17,"adjacentCountTablet":3,"adjacentCountMobile":1,"colWidthTablet":33,"colWidthMobile":100} -->
<div id="wd-c5857cde" class="wp-block-wd-column"><!-- wp:wd/toggle {"blockId":"fbb229d5-b353-421a-ac5e-cb135a1dbaa0","state":"static","stateTablet":"static"} -->
<div id="wd-fbb229d5" class="wp-block-wd-toggle wd-toggle wd-state-static-lg wd-state-static-md-sm wd-state-closed-sm wd-active-lg wd-active-md-sm wd-icon-rotate"><!-- wp:wd/container {"blockId":"f6bb211b-3f8b-492c-9826-0dcd0e8658e7","direction":"row","extraClass":"wd-toggle-head","metadata":{"name":"Toggle head"}} -->
<div id="wd-f6bb211b" class="wp-block-wd-container wd-dir-row wd-toggle-head"><!-- wp:wd/title {"blockId":"076a88b7-4b84-4e8f-9ff3-c6587007f22c","content":"OUR STORES","htmlTag":"h5"} -->
<h5 id="wd-076a88b7" class="wp-block-wd-title title">OUR STORES</h5>
<!-- /wp:wd/title -->

<!-- wp:wd/icon {"blockId":"5930a688-80b1-4513-a997-5d3cba3425c4","type":"svg","svg":"\u003csvg xmlns=\u0022http://www.w3.org/2000/svg \u0022 width=\u002264\u0022 height=\u002264\u0022 viewBox=\u00220 0 64 64\u0022\u003e\u003cpath d=\u0022M59.7678 20.7678C60.2551 20.2804 60.4992 19.6419 60.5 19.0031C60.5008 18.3623 60.2567 17.7212 59.7678 17.2322C59.2796 16.7441 58.6398 16.5 58 16.5C57.3602 16.5 56.7204 16.7441 56.2322 17.2322L32 41.4645L7.76777 17.2322C7.27961 16.7441 6.63981 16.5 6 16.5C5.36019 16.5 4.72039 16.7441 4.23223 17.2322C3.74408 17.7204 3.5 18.3602 3.5 19C3.5 19.6398 3.74408 20.2796 4.23223 20.7678L30.2322 46.7678C30.7204 47.2559 31.3602 47.5 32 47.5C32.6398 47.5 33.2796 47.2559 33.7678 46.7678L59.7678 20.7678Z\u0022 /\u003e\u003c/svg\u003e","extraClass":"wd-toggle-icon"} -->
<div id="wd-5930a688" class="wp-block-wd-icon wd-toggle-icon"><svg xmlns="http://www.w3.org/2000/svg " width="64" height="64" viewBox="0 0 64 64" aria-hidden="true"><path d="M59.7678 20.7678C60.2551 20.2804 60.4992 19.6419 60.5 19.0031C60.5008 18.3623 60.2567 17.7212 59.7678 17.2322C59.2796 16.7441 58.6398 16.5 58 16.5C57.3602 16.5 56.7204 16.7441 56.2322 17.2322L32 41.4645L7.76777 17.2322C7.27961 16.7441 6.63981 16.5 6 16.5C5.36019 16.5 4.72039 16.7441 4.23223 17.2322C3.74408 17.7204 3.5 18.3602 3.5 19C3.5 19.6398 3.74408 20.2796 4.23223 20.7678L30.2322 46.7678C30.7204 47.2559 31.3602 47.5 32 47.5C32.6398 47.5 33.2796 47.2559 33.7678 46.7678L59.7678 20.7678Z"></path></svg></div>
<!-- /wp:wd/icon --></div>
<!-- /wp:wd/container -->

<!-- wp:wd/toggle-content {"blockId":"d34f3c77-5061-4d9d-8660-4a8eed1ae2af"} -->
<div id="wd-d34f3c77" class="wp-block-wd-toggle-content wd-toggle-content"><div class="wd-toggle-content-inner"><!-- wp:wd/menu-list {"blockId":"456d9fc0-f77f-4ed4-876b-24156e190a93","title":""} -->
<ul id="wd-456d9fc0" class="wp-block-wd-menu-list wd-sub-menu wd-sub-accented"><li><ul class="sub-sub-menu"><!-- wp:wd/menu-list-item {"blockId":"1a472dfb-5658-4939-adeb-d0be8676b7b5","title":"New York"} -->
<li id="wd-1a472dfb" class="wp-block-wd-menu-list-item"><a href="#">New York</a></li>
<!-- /wp:wd/menu-list-item -->

<!-- wp:wd/menu-list-item {"blockId":"578a54ab-5afd-4989-bf59-96c451f02f74","title":"London SF"} -->
<li id="wd-578a54ab" class="wp-block-wd-menu-list-item"><a href="#">London SF</a></li>
<!-- /wp:wd/menu-list-item -->

<!-- wp:wd/menu-list-item {"blockId":"8df551c7-9f5b-41eb-bbd2-547c3a7bf314","title":"Edinburgh"} -->
<li id="wd-8df551c7" class="wp-block-wd-menu-list-item"><a href="#">Edinburgh</a></li>
<!-- /wp:wd/menu-list-item -->

<!-- wp:wd/menu-list-item {"blockId":"7818bdcb-9ac0-4cfc-87df-9727868e4b3d","title":"Los Angeles"} -->
<li id="wd-7818bdcb" class="wp-block-wd-menu-list-item"><a href="#">Los Angeles</a></li>
<!-- /wp:wd/menu-list-item -->

<!-- wp:wd/menu-list-item {"blockId":"5cea3789-1984-4c5e-ac4f-abf1c4694311","title":"Chicago"} -->
<li id="wd-5cea3789" class="wp-block-wd-menu-list-item"><a href="#">Chicago</a></li>
<!-- /wp:wd/menu-list-item -->

<!-- wp:wd/menu-list-item {"blockId":"3b1379b6-62f9-459d-85e2-191d78e5dcca","title":"Las Vegas"} -->
<li id="wd-3b1379b6" class="wp-block-wd-menu-list-item"><a href="#">Las Vegas</a></li>
<!-- /wp:wd/menu-list-item --></ul></li></ul>
<!-- /wp:wd/menu-list --></div></div>
<!-- /wp:wd/toggle-content --></div>
<!-- /wp:wd/toggle --></div>
<!-- /wp:wd/column -->

<!-- wp:wd/column {"blockId":"dcfb5a0b-2120-4818-a354-a38adc7727b5","adjacentCount":5,"colWidth":17,"blocksGap":12,"adjacentCountTablet":3,"adjacentCountMobile":1,"colWidthTablet":34,"colWidthMobile":100} -->
<div id="wd-dcfb5a0b" class="wp-block-wd-column"><!-- wp:wd/toggle {"blockId":"267ce359-b472-439d-9a38-e6c3b99af559","state":"static","stateTablet":"static"} -->
<div id="wd-267ce359" class="wp-block-wd-toggle wd-toggle wd-state-static-lg wd-state-static-md-sm wd-state-closed-sm wd-active-lg wd-active-md-sm wd-icon-rotate"><!-- wp:wd/container {"blockId":"bf22c70e-02df-4ec7-a33c-3f62e43a3f6d","direction":"row","extraClass":"wd-toggle-head","metadata":{"name":"Toggle head"}} -->
<div id="wd-bf22c70e" class="wp-block-wd-container wd-dir-row wd-toggle-head"><!-- wp:wd/title {"blockId":"21da9172-59b3-4f53-a2c3-f539d57bc4ed","content":"USEFUL LINKS","htmlTag":"h5"} -->
<h5 id="wd-21da9172" class="wp-block-wd-title title">USEFUL LINKS</h5>
<!-- /wp:wd/title -->

<!-- wp:wd/icon {"blockId":"de8404f0-1a6a-40d8-a8c0-95c65c89109c","type":"svg","svg":"\u003csvg xmlns=\u0022http://www.w3.org/2000/svg \u0022 width=\u002264\u0022 height=\u002264\u0022 viewBox=\u00220 0 64 64\u0022\u003e\u003cpath d=\u0022M59.7678 20.7678C60.2551 20.2804 60.4992 19.6419 60.5 19.0031C60.5008 18.3623 60.2567 17.7212 59.7678 17.2322C59.2796 16.7441 58.6398 16.5 58 16.5C57.3602 16.5 56.7204 16.7441 56.2322 17.2322L32 41.4645L7.76777 17.2322C7.27961 16.7441 6.63981 16.5 6 16.5C5.36019 16.5 4.72039 16.7441 4.23223 17.2322C3.74408 17.7204 3.5 18.3602 3.5 19C3.5 19.6398 3.74408 20.2796 4.23223 20.7678L30.2322 46.7678C30.7204 47.2559 31.3602 47.5 32 47.5C32.6398 47.5 33.2796 47.2559 33.7678 46.7678L59.7678 20.7678Z\u0022 /\u003e\u003c/svg\u003e","extraClass":"wd-toggle-icon"} -->
<div id="wd-de8404f0" class="wp-block-wd-icon wd-toggle-icon"><svg xmlns="http://www.w3.org/2000/svg " width="64" height="64" viewBox="0 0 64 64" aria-hidden="true"><path d="M59.7678 20.7678C60.2551 20.2804 60.4992 19.6419 60.5 19.0031C60.5008 18.3623 60.2567 17.7212 59.7678 17.2322C59.2796 16.7441 58.6398 16.5 58 16.5C57.3602 16.5 56.7204 16.7441 56.2322 17.2322L32 41.4645L7.76777 17.2322C7.27961 16.7441 6.63981 16.5 6 16.5C5.36019 16.5 4.72039 16.7441 4.23223 17.2322C3.74408 17.7204 3.5 18.3602 3.5 19C3.5 19.6398 3.74408 20.2796 4.23223 20.7678L30.2322 46.7678C30.7204 47.2559 31.3602 47.5 32 47.5C32.6398 47.5 33.2796 47.2559 33.7678 46.7678L59.7678 20.7678Z"></path></svg></div>
<!-- /wp:wd/icon --></div>
<!-- /wp:wd/container -->

<!-- wp:wd/toggle-content {"blockId":"f17a6b58-9c8a-4414-bbd7-b9929b44002b"} -->
<div id="wd-f17a6b58" class="wp-block-wd-toggle-content wd-toggle-content"><div class="wd-toggle-content-inner"><!-- wp:wd/menu-list {"blockId":"c1a1091f-39f2-4f7b-be14-ee122693584a","title":""} -->
<ul id="wd-c1a1091f" class="wp-block-wd-menu-list wd-sub-menu wd-sub-accented"><li><ul class="sub-sub-menu"><!-- wp:wd/menu-list-item {"blockId":"70cf22ad-4de1-4b5f-b34b-ff9808751600","title":"Privacy Policy"} -->
<li id="wd-70cf22ad" class="wp-block-wd-menu-list-item"><a href="#">Privacy Policy</a></li>
<!-- /wp:wd/menu-list-item -->

<!-- wp:wd/menu-list-item {"blockId":"54cd8341-d8d2-4c1d-ba36-74618e92ec52","title":"Returns"} -->
<li id="wd-54cd8341" class="wp-block-wd-menu-list-item"><a href="#">Returns</a></li>
<!-- /wp:wd/menu-list-item -->

<!-- wp:wd/menu-list-item {"blockId":"20bbd84d-a68b-415d-8697-65b368eca2ef","title":"Terms \u0026amp; Conditions"} -->
<li id="wd-20bbd84d" class="wp-block-wd-menu-list-item"><a href="#">Terms &amp; Conditions</a></li>
<!-- /wp:wd/menu-list-item -->

<!-- wp:wd/menu-list-item {"blockId":"e5ad4a07-d2b1-4ddf-b56d-0824d9aaa7e7","title":"Contact Us"} -->
<li id="wd-e5ad4a07" class="wp-block-wd-menu-list-item"><a href="#">Contact Us</a></li>
<!-- /wp:wd/menu-list-item -->

<!-- wp:wd/menu-list-item {"blockId":"678550ef-623c-491c-8492-0d43c8ea57ca","title":"Latest News"} -->
<li id="wd-678550ef" class="wp-block-wd-menu-list-item"><a href="#">Latest News</a></li>
<!-- /wp:wd/menu-list-item -->

<!-- wp:wd/menu-list-item {"blockId":"fd5d0285-15c4-40fb-8318-6794427fbbe6","title":"Our Sitemap"} -->
<li id="wd-fd5d0285" class="wp-block-wd-menu-list-item"><a href="#">Our Sitemap</a></li>
<!-- /wp:wd/menu-list-item --></ul></li></ul>
<!-- /wp:wd/menu-list --></div></div>
<!-- /wp:wd/toggle-content --></div>
<!-- /wp:wd/toggle --></div>
<!-- /wp:wd/column -->

<!-- wp:wd/column {"blockId":"167940ae-e29b-40f6-abd6-79471cc2fba4","adjacentCount":5,"colWidth":16,"blocksGap":12,"adjacentCountTablet":3,"adjacentCountMobile":1,"colWidthTablet":33,"colWidthMobile":100} -->
<div id="wd-167940ae" class="wp-block-wd-column"><!-- wp:wd/toggle {"blockId":"19bd35e1-28c6-49e0-a728-0b729b476d3b","state":"static","stateTablet":"static"} -->
<div id="wd-19bd35e1" class="wp-block-wd-toggle wd-toggle wd-state-static-lg wd-state-static-md-sm wd-state-closed-sm wd-active-lg wd-active-md-sm wd-icon-rotate"><!-- wp:wd/container {"blockId":"5c840a86-83e8-45b8-943e-9d650f10d954","direction":"row","extraClass":"wd-toggle-head","metadata":{"name":"Toggle head"}} -->
<div id="wd-5c840a86" class="wp-block-wd-container wd-dir-row wd-toggle-head"><!-- wp:wd/title {"blockId":"cbdabc40-d922-4420-9406-8dcd99f8b8fa","content":"FOOTER MENU","htmlTag":"h5"} -->
<h5 id="wd-cbdabc40" class="wp-block-wd-title title">FOOTER MENU</h5>
<!-- /wp:wd/title -->

<!-- wp:wd/icon {"blockId":"90338252-7ee9-4c85-9543-39a2ca855f98","type":"svg","svg":"\u003csvg xmlns=\u0022http://www.w3.org/2000/svg \u0022 width=\u002264\u0022 height=\u002264\u0022 viewBox=\u00220 0 64 64\u0022\u003e\u003cpath d=\u0022M59.7678 20.7678C60.2551 20.2804 60.4992 19.6419 60.5 19.0031C60.5008 18.3623 60.2567 17.7212 59.7678 17.2322C59.2796 16.7441 58.6398 16.5 58 16.5C57.3602 16.5 56.7204 16.7441 56.2322 17.2322L32 41.4645L7.76777 17.2322C7.27961 16.7441 6.63981 16.5 6 16.5C5.36019 16.5 4.72039 16.7441 4.23223 17.2322C3.74408 17.7204 3.5 18.3602 3.5 19C3.5 19.6398 3.74408 20.2796 4.23223 20.7678L30.2322 46.7678C30.7204 47.2559 31.3602 47.5 32 47.5C32.6398 47.5 33.2796 47.2559 33.7678 46.7678L59.7678 20.7678Z\u0022 /\u003e\u003c/svg\u003e","extraClass":"wd-toggle-icon"} -->
<div id="wd-90338252" class="wp-block-wd-icon wd-toggle-icon"><svg xmlns="http://www.w3.org/2000/svg " width="64" height="64" viewBox="0 0 64 64" aria-hidden="true"><path d="M59.7678 20.7678C60.2551 20.2804 60.4992 19.6419 60.5 19.0031C60.5008 18.3623 60.2567 17.7212 59.7678 17.2322C59.2796 16.7441 58.6398 16.5 58 16.5C57.3602 16.5 56.7204 16.7441 56.2322 17.2322L32 41.4645L7.76777 17.2322C7.27961 16.7441 6.63981 16.5 6 16.5C5.36019 16.5 4.72039 16.7441 4.23223 17.2322C3.74408 17.7204 3.5 18.3602 3.5 19C3.5 19.6398 3.74408 20.2796 4.23223 20.7678L30.2322 46.7678C30.7204 47.2559 31.3602 47.5 32 47.5C32.6398 47.5 33.2796 47.2559 33.7678 46.7678L59.7678 20.7678Z"></path></svg></div>
<!-- /wp:wd/icon --></div>
<!-- /wp:wd/container -->

<!-- wp:wd/toggle-content {"blockId":"15d1d74e-c0c1-43fd-9f5a-f269c859eda0"} -->
<div id="wd-15d1d74e" class="wp-block-wd-toggle-content wd-toggle-content"><div class="wd-toggle-content-inner"><!-- wp:wd/menu-list {"blockId":"e237e7ce-52eb-4dee-aac7-133418e37dd9","title":""} -->
<ul id="wd-e237e7ce" class="wp-block-wd-menu-list wd-sub-menu wd-sub-accented"><li><ul class="sub-sub-menu"><!-- wp:wd/menu-list-item {"blockId":"3c6ab59a-360e-4856-9d62-1173f04d1c42","title":"Instagram profile"} -->
<li id="wd-3c6ab59a" class="wp-block-wd-menu-list-item"><a href="#">Instagram profile</a></li>
<!-- /wp:wd/menu-list-item -->

<!-- wp:wd/menu-list-item {"blockId":"367ece30-3ecf-43c9-b2b4-4441435d218c","title":"New Collection"} -->
<li id="wd-367ece30" class="wp-block-wd-menu-list-item"><a href="#">New Collection</a></li>
<!-- /wp:wd/menu-list-item -->

<!-- wp:wd/menu-list-item {"blockId":"5833bb7f-9517-4e9e-914e-780532fed038","title":"Woman Dress"} -->
<li id="wd-5833bb7f" class="wp-block-wd-menu-list-item"><a href="#">Woman Dress</a></li>
<!-- /wp:wd/menu-list-item -->

<!-- wp:wd/menu-list-item {"blockId":"d62f0de4-3d74-4d7e-bf1e-4cc6d51590d3","title":"Contact Us"} -->
<li id="wd-d62f0de4" class="wp-block-wd-menu-list-item"><a href="#">Contact Us</a></li>
<!-- /wp:wd/menu-list-item -->

<!-- wp:wd/menu-list-item {"blockId":"16f04f72-df13-4ce8-8e16-befd87e6e6eb","title":"Latest News"} -->
<li id="wd-16f04f72" class="wp-block-wd-menu-list-item"><a href="#">Latest News</a></li>
<!-- /wp:wd/menu-list-item -->

<!-- wp:wd/menu-list-item {"blockId":"9d153c8f-dca5-4fce-92a3-9840e8f27dea","title":"Purchase Theme"} -->
<li id="wd-9d153c8f" class="wp-block-wd-menu-list-item"><a href="#">Purchase Theme</a></li>
<!-- /wp:wd/menu-list-item --></ul></li></ul>
<!-- /wp:wd/menu-list --></div></div>
<!-- /wp:wd/toggle-content --></div>
<!-- /wp:wd/toggle --></div>
<!-- /wp:wd/column --></div>
<!-- /wp:wd/row -->]]></content:encoded>
															<wp:post_id>12962</wp:post_id>
					<wp:post_date><![CDATA[2024-05-24 13:40:27]]></wp:post_date>
					<wp:post_date_gmt><![CDATA[2024-05-24 13:40:27]]></wp:post_date_gmt>
					<wp:post_modified><![CDATA[2024-10-28 10:34:33]]></wp:post_modified>
					<wp:post_modified_gmt><![CDATA[2024-10-28 10:34:33]]></wp:post_modified_gmt>
					<wp:comment_status><![CDATA[closed]]></wp:comment_status>
					<wp:post_name><![CDATA[footer-1-column-light]]></wp:post_name>
					<wp:status><![CDATA[publish]]></wp:status>
					<wp:post_parent>0</wp:post_parent>
					<wp:menu_order>0</wp:menu_order>
					<wp:post_type><![CDATA[cms_block]]></wp:post_type>
																			</item>
								<item>
					<title><![CDATA[basic-inst-2-1]]></title>
					<link>https://dummy.xtemos.com/woodmart2/gutenberg/basic-inst-2-1/</link>
					<pubDate>Mon, 01 Jul 2024 07:09:37 +0000</pubDate>
					<dc:creator><![CDATA[maksimkliakhin]]></dc:creator>
					<guid isPermaLink="false">http://dummy.xtemos.com/woodmart2/gutenberg/wp-content/uploads/sites/24/2024/07/basic-inst-2-1.jpg</guid>
															<wp:post_id>20806</wp:post_id>
					<wp:post_date><![CDATA[2024-07-01 07:09:37]]></wp:post_date>
					<wp:post_date_gmt><![CDATA[2024-07-01 07:09:37]]></wp:post_date_gmt>
					<wp:post_modified><![CDATA[2024-07-01 07:09:37]]></wp:post_modified>
					<wp:post_modified_gmt><![CDATA[2024-07-01 07:09:37]]></wp:post_modified_gmt>
					<wp:comment_status><![CDATA[open]]></wp:comment_status>
					<wp:post_name><![CDATA[basic-inst-2-1]]></wp:post_name>
					<wp:status><![CDATA[inherit]]></wp:status>
					<wp:post_parent>0</wp:post_parent>
					<wp:menu_order>0</wp:menu_order>
					<wp:post_type><![CDATA[attachment]]></wp:post_type>
											<wp:attachment_url><![CDATA[https://dummy.xtemos.com/woodmart2/gutenberg/wp-content/uploads/sites/24/2024/07/basic-inst-2-1.jpg]]></wp:attachment_url>
																					<wp:postmeta>
							<wp:meta_key><![CDATA[_wp_attached_file]]></wp:meta_key>
							<wp:meta_value><![CDATA[2024/07/basic-inst-2-1.jpg]]></wp:meta_value>
						</wp:postmeta>
										</item>
								<item>
					<title><![CDATA[wd-cursor-light]]></title>
					<link>https://dummy.xtemos.com/woodmart2/gutenberg/?attachment_id=34179</link>
					<pubDate>Mon, 28 Oct 2024 10:31:47 +0000</pubDate>
					<dc:creator><![CDATA[maksimkliakhin]]></dc:creator>
					<guid isPermaLink="false">https://dummy.xtemos.com/woodmart2/gutenberg/wp-content/uploads/sites/24/2024/05/wd-cursor-light.svg</guid>
															<wp:post_id>34179</wp:post_id>
					<wp:post_date><![CDATA[2024-10-28 10:31:47]]></wp:post_date>
					<wp:post_date_gmt><![CDATA[2024-10-28 10:31:47]]></wp:post_date_gmt>
					<wp:post_modified><![CDATA[2024-10-28 10:31:47]]></wp:post_modified>
					<wp:post_modified_gmt><![CDATA[2024-10-28 10:31:47]]></wp:post_modified_gmt>
					<wp:comment_status><![CDATA[open]]></wp:comment_status>
					<wp:post_name><![CDATA[wd-cursor-light-2]]></wp:post_name>
					<wp:status><![CDATA[inherit]]></wp:status>
					<wp:post_parent>12962</wp:post_parent>
					<wp:menu_order>0</wp:menu_order>
					<wp:post_type><![CDATA[attachment]]></wp:post_type>
											<wp:attachment_url><![CDATA[https://dummy.xtemos.com/woodmart2/gutenberg/wp-content/uploads/sites/24/2024/05/wd-cursor-light.svg]]></wp:attachment_url>
																					<wp:postmeta>
							<wp:meta_key><![CDATA[_wp_attached_file]]></wp:meta_key>
							<wp:meta_value><![CDATA[2024/05/wd-cursor-light.svg]]></wp:meta_value>
						</wp:postmeta>
										</item>
								<item>
					<title><![CDATA[wd-envelope-light]]></title>
					<link>https://dummy.xtemos.com/woodmart2/gutenberg/?attachment_id=34180</link>
					<pubDate>Mon, 28 Oct 2024 10:31:47 +0000</pubDate>
					<dc:creator><![CDATA[maksimkliakhin]]></dc:creator>
					<guid isPermaLink="false">https://dummy.xtemos.com/woodmart2/gutenberg/wp-content/uploads/sites/24/2024/05/wd-envelope-light.svg</guid>
															<wp:post_id>34180</wp:post_id>
					<wp:post_date><![CDATA[2024-10-28 10:31:47]]></wp:post_date>
					<wp:post_date_gmt><![CDATA[2024-10-28 10:31:47]]></wp:post_date_gmt>
					<wp:post_modified><![CDATA[2024-10-28 10:31:47]]></wp:post_modified>
					<wp:post_modified_gmt><![CDATA[2024-10-28 10:31:47]]></wp:post_modified_gmt>
					<wp:comment_status><![CDATA[open]]></wp:comment_status>
					<wp:post_name><![CDATA[wd-envelope-light-2]]></wp:post_name>
					<wp:status><![CDATA[inherit]]></wp:status>
					<wp:post_parent>12962</wp:post_parent>
					<wp:menu_order>0</wp:menu_order>
					<wp:post_type><![CDATA[attachment]]></wp:post_type>
											<wp:attachment_url><![CDATA[https://dummy.xtemos.com/woodmart2/gutenberg/wp-content/uploads/sites/24/2024/05/wd-envelope-light.svg]]></wp:attachment_url>
																					<wp:postmeta>
							<wp:meta_key><![CDATA[_wp_attached_file]]></wp:meta_key>
							<wp:meta_value><![CDATA[2024/05/wd-envelope-light.svg]]></wp:meta_value>
						</wp:postmeta>
										</item>
								<item>
					<title><![CDATA[wd-phone-light]]></title>
					<link>https://dummy.xtemos.com/woodmart2/gutenberg/?attachment_id=34181</link>
					<pubDate>Mon, 28 Oct 2024 10:31:48 +0000</pubDate>
					<dc:creator><![CDATA[maksimkliakhin]]></dc:creator>
					<guid isPermaLink="false">https://dummy.xtemos.com/woodmart2/gutenberg/wp-content/uploads/sites/24/2024/05/wd-phone-light.svg</guid>
															<wp:post_id>34181</wp:post_id>
					<wp:post_date><![CDATA[2024-10-28 10:31:48]]></wp:post_date>
					<wp:post_date_gmt><![CDATA[2024-10-28 10:31:48]]></wp:post_date_gmt>
					<wp:post_modified><![CDATA[2024-10-28 10:31:48]]></wp:post_modified>
					<wp:post_modified_gmt><![CDATA[2024-10-28 10:31:48]]></wp:post_modified_gmt>
					<wp:comment_status><![CDATA[open]]></wp:comment_status>
					<wp:post_name><![CDATA[wd-phone-light-2]]></wp:post_name>
					<wp:status><![CDATA[inherit]]></wp:status>
					<wp:post_parent>12962</wp:post_parent>
					<wp:menu_order>0</wp:menu_order>
					<wp:post_type><![CDATA[attachment]]></wp:post_type>
											<wp:attachment_url><![CDATA[https://dummy.xtemos.com/woodmart2/gutenberg/wp-content/uploads/sites/24/2024/05/wd-phone-light.svg]]></wp:attachment_url>
																					<wp:postmeta>
							<wp:meta_key><![CDATA[_wp_attached_file]]></wp:meta_key>
							<wp:meta_value><![CDATA[2024/05/wd-phone-light.svg]]></wp:meta_value>
						</wp:postmeta>
										</item>
				</channel>
</rss>
	