<?xml version="1.0" encoding="UTF-8" ?>
	<!-- This is a WordPress eXtended RSS file generated by WordPress as an export of your site. -->
	<!-- It contains information about your site's posts, pages, comments, categories, and other content. -->
	<!-- You may use this file to transfer that content from one site to another. -->
	<!-- This file is not intended to serve as a complete backup of your site. -->

	<!-- To import this information into a WordPress site follow these steps: -->
	<!-- 1. Log in to that site as an administrator. -->
	<!-- 2. Go to Tools: Import in the WordPress admin panel. -->
	<!-- 3. Install the "WordPress" importer from the list. -->
	<!-- 4. Activate & Run Importer. -->
	<!-- 5. Upload this file using the form provided on that page. -->
	<!-- 6. You will first be asked to map the authors in this export file to users -->
	<!--    on the site. For each author, you may choose to map to an -->
	<!--    existing user on the site or to create a new user. -->
	<!-- 7. WordPress will then import each of the posts, pages, comments, categories, etc. -->
	<!--    contained in this file into your site. -->

	<!-- generator="WordPress/6.5.5" created="2024-10-29 10:23" -->
<rss version="2.0"
	xmlns:excerpt="http://wordpress.org/export/1.2/excerpt/"
	xmlns:content="http://purl.org/rss/1.0/modules/content/"
	xmlns:wfw="http://wellformedweb.org/CommentAPI/"
	xmlns:dc="http://purl.org/dc/elements/1.1/"
	xmlns:wp="http://wordpress.org/export/1.2/"
>

<channel>
	<title>Gutenberg base</title>
	<link>https://dummy.xtemos.com/woodmart2/gutenberg</link>
	<description></description>
	<pubDate>Tue, 29 Oct 2024 10:23:27 +0000</pubDate>
	<language>en-US</language>
	<wp:wxr_version>1.2</wp:wxr_version>
	<wp:base_site_url>https://dummy.xtemos.com/woodmart2/</wp:base_site_url>
	<wp:base_blog_url>https://dummy.xtemos.com/woodmart2/gutenberg</wp:base_blog_url>

		<wp:author><wp:author_id>2</wp:author_id><wp:author_login><![CDATA[zakhar]]></wp:author_login><wp:author_email><![CDATA[zak@asda.as]]></wp:author_email><wp:author_display_name><![CDATA[Mr. Mackay]]></wp:author_display_name><wp:author_first_name><![CDATA[sds]]></wp:author_first_name><wp:author_last_name><![CDATA[scssc]]></wp:author_last_name></wp:author>

					<wp:term>
			<wp:term_id>0</wp:term_id>
			<wp:term_taxonomy><![CDATA[]]></wp:term_taxonomy>
			<wp:term_slug><![CDATA[]]></wp:term_slug>
			<wp:term_parent><![CDATA[]]></wp:term_parent>
					</wp:term>
		
	<generator>https://wordpress.org/?v=6.5.5</generator>

					<item>
					<title><![CDATA[brand-Louis-Poulsen]]></title>
					<link>https://dummy.xtemos.com/woodmart2/gutenberg/brand-louis-poulsen-2/</link>
					<pubDate>Mon, 19 Jul 2021 08:27:00 +0000</pubDate>
					<dc:creator><![CDATA[zakhar]]></dc:creator>
					<guid isPermaLink="false">http://dummy.xtemos.com/woodmart2/gutenberg/wp-content/uploads/sites/24/2021/07/brand-Louis-Poulsen.png</guid>
															<wp:post_id>724</wp:post_id>
					<wp:post_date><![CDATA[2021-07-19 08:27:00]]></wp:post_date>
					<wp:post_date_gmt><![CDATA[2021-07-19 08:27:00]]></wp:post_date_gmt>
					<wp:post_modified><![CDATA[2024-04-16 13:18:51]]></wp:post_modified>
					<wp:post_modified_gmt><![CDATA[2024-04-16 13:18:51]]></wp:post_modified_gmt>
					<wp:comment_status><![CDATA[open]]></wp:comment_status>
					<wp:post_name><![CDATA[brand-louis-poulsen-2]]></wp:post_name>
					<wp:status><![CDATA[inherit]]></wp:status>
					<wp:post_parent>0</wp:post_parent>
					<wp:menu_order>0</wp:menu_order>
					<wp:post_type><![CDATA[attachment]]></wp:post_type>
											<wp:attachment_url><![CDATA[https://dummy.xtemos.com/woodmart2/gutenberg/wp-content/uploads/sites/24/2021/07/brand-Louis-Poulsen.png]]></wp:attachment_url>
																					<wp:postmeta>
							<wp:meta_key><![CDATA[_wp_attached_file]]></wp:meta_key>
							<wp:meta_value><![CDATA[2021/07/brand-Louis-Poulsen.png]]></wp:meta_value>
						</wp:postmeta>
										</item>
								<item>
					<title><![CDATA[eames-plastic-side-chair-1]]></title>
					<link>https://dummy.xtemos.com/woodmart2/gutenberg/eames-plastic-side-chair-1/</link>
					<pubDate>Mon, 19 Jul 2021 11:08:09 +0000</pubDate>
					<dc:creator><![CDATA[zakhar]]></dc:creator>
					<guid isPermaLink="false">http://dummy.xtemos.com/woodmart2/gutenberg/wp-content/uploads/sites/24/2017/06/eames-plastic-side-chair-1.jpg</guid>
															<wp:post_id>855</wp:post_id>
					<wp:post_date><![CDATA[2021-07-19 11:08:09]]></wp:post_date>
					<wp:post_date_gmt><![CDATA[2021-07-19 11:08:09]]></wp:post_date_gmt>
					<wp:post_modified><![CDATA[2024-04-16 13:18:51]]></wp:post_modified>
					<wp:post_modified_gmt><![CDATA[2024-04-16 13:18:51]]></wp:post_modified_gmt>
					<wp:comment_status><![CDATA[open]]></wp:comment_status>
					<wp:post_name><![CDATA[eames-plastic-side-chair-1]]></wp:post_name>
					<wp:status><![CDATA[inherit]]></wp:status>
					<wp:post_parent>0</wp:post_parent>
					<wp:menu_order>0</wp:menu_order>
					<wp:post_type><![CDATA[attachment]]></wp:post_type>
											<wp:attachment_url><![CDATA[https://dummy.xtemos.com/woodmart2/gutenberg/wp-content/uploads/sites/24/2017/06/eames-plastic-side-chair-1.jpg]]></wp:attachment_url>
																					<wp:postmeta>
							<wp:meta_key><![CDATA[_wp_attached_file]]></wp:meta_key>
							<wp:meta_value><![CDATA[2017/06/eames-plastic-side-chair-1.jpg]]></wp:meta_value>
						</wp:postmeta>
										</item>
								<item>
					<title><![CDATA[eames-plastic-side-chair-2]]></title>
					<link>https://dummy.xtemos.com/woodmart2/gutenberg/eames-plastic-side-chair-2-2/</link>
					<pubDate>Mon, 19 Jul 2021 11:08:23 +0000</pubDate>
					<dc:creator><![CDATA[zakhar]]></dc:creator>
					<guid isPermaLink="false">http://dummy.xtemos.com/woodmart2/gutenberg/wp-content/uploads/sites/24/2017/06/eames-plastic-side-chair-2.jpg</guid>
															<wp:post_id>856</wp:post_id>
					<wp:post_date><![CDATA[2021-07-19 11:08:23]]></wp:post_date>
					<wp:post_date_gmt><![CDATA[2021-07-19 11:08:23]]></wp:post_date_gmt>
					<wp:post_modified><![CDATA[2024-04-16 13:18:51]]></wp:post_modified>
					<wp:post_modified_gmt><![CDATA[2024-04-16 13:18:51]]></wp:post_modified_gmt>
					<wp:comment_status><![CDATA[open]]></wp:comment_status>
					<wp:post_name><![CDATA[eames-plastic-side-chair-2-2]]></wp:post_name>
					<wp:status><![CDATA[inherit]]></wp:status>
					<wp:post_parent>0</wp:post_parent>
					<wp:menu_order>0</wp:menu_order>
					<wp:post_type><![CDATA[attachment]]></wp:post_type>
											<wp:attachment_url><![CDATA[https://dummy.xtemos.com/woodmart2/gutenberg/wp-content/uploads/sites/24/2017/06/eames-plastic-side-chair-2.jpg]]></wp:attachment_url>
																					<wp:postmeta>
							<wp:meta_key><![CDATA[_wp_attached_file]]></wp:meta_key>
							<wp:meta_value><![CDATA[2017/06/eames-plastic-side-chair-2.jpg]]></wp:meta_value>
						</wp:postmeta>
										</item>
								<item>
					<title><![CDATA[eames-plastic-side-chair-3]]></title>
					<link>https://dummy.xtemos.com/woodmart2/gutenberg/eames-plastic-side-chair-3-2/</link>
					<pubDate>Mon, 19 Jul 2021 11:08:25 +0000</pubDate>
					<dc:creator><![CDATA[zakhar]]></dc:creator>
					<guid isPermaLink="false">http://dummy.xtemos.com/woodmart2/gutenberg/wp-content/uploads/sites/24/2017/06/eames-plastic-side-chair-3.jpg</guid>
															<wp:post_id>857</wp:post_id>
					<wp:post_date><![CDATA[2021-07-19 11:08:25]]></wp:post_date>
					<wp:post_date_gmt><![CDATA[2021-07-19 11:08:25]]></wp:post_date_gmt>
					<wp:post_modified><![CDATA[2024-04-16 13:18:51]]></wp:post_modified>
					<wp:post_modified_gmt><![CDATA[2024-04-16 13:18:51]]></wp:post_modified_gmt>
					<wp:comment_status><![CDATA[open]]></wp:comment_status>
					<wp:post_name><![CDATA[eames-plastic-side-chair-3-2]]></wp:post_name>
					<wp:status><![CDATA[inherit]]></wp:status>
					<wp:post_parent>0</wp:post_parent>
					<wp:menu_order>0</wp:menu_order>
					<wp:post_type><![CDATA[attachment]]></wp:post_type>
											<wp:attachment_url><![CDATA[https://dummy.xtemos.com/woodmart2/gutenberg/wp-content/uploads/sites/24/2017/06/eames-plastic-side-chair-3.jpg]]></wp:attachment_url>
																					<wp:postmeta>
							<wp:meta_key><![CDATA[_wp_attached_file]]></wp:meta_key>
							<wp:meta_value><![CDATA[2017/06/eames-plastic-side-chair-3.jpg]]></wp:meta_value>
						</wp:postmeta>
										</item>
								<item>
					<title><![CDATA[eames-plastic-side-chair-4]]></title>
					<link>https://dummy.xtemos.com/woodmart2/gutenberg/eames-plastic-side-chair-4-2/</link>
					<pubDate>Mon, 19 Jul 2021 11:08:27 +0000</pubDate>
					<dc:creator><![CDATA[zakhar]]></dc:creator>
					<guid isPermaLink="false">http://dummy.xtemos.com/woodmart2/gutenberg/wp-content/uploads/sites/24/2017/06/eames-plastic-side-chair-4.jpg</guid>
															<wp:post_id>858</wp:post_id>
					<wp:post_date><![CDATA[2021-07-19 11:08:27]]></wp:post_date>
					<wp:post_date_gmt><![CDATA[2021-07-19 11:08:27]]></wp:post_date_gmt>
					<wp:post_modified><![CDATA[2024-04-16 13:18:51]]></wp:post_modified>
					<wp:post_modified_gmt><![CDATA[2024-04-16 13:18:51]]></wp:post_modified_gmt>
					<wp:comment_status><![CDATA[open]]></wp:comment_status>
					<wp:post_name><![CDATA[eames-plastic-side-chair-4-2]]></wp:post_name>
					<wp:status><![CDATA[inherit]]></wp:status>
					<wp:post_parent>0</wp:post_parent>
					<wp:menu_order>0</wp:menu_order>
					<wp:post_type><![CDATA[attachment]]></wp:post_type>
											<wp:attachment_url><![CDATA[https://dummy.xtemos.com/woodmart2/gutenberg/wp-content/uploads/sites/24/2017/06/eames-plastic-side-chair-4.jpg]]></wp:attachment_url>
																					<wp:postmeta>
							<wp:meta_key><![CDATA[_wp_attached_file]]></wp:meta_key>
							<wp:meta_value><![CDATA[2017/06/eames-plastic-side-chair-4.jpg]]></wp:meta_value>
						</wp:postmeta>
										</item>
								<item>
					<title><![CDATA[wooden-single-drawer-2]]></title>
					<link>https://dummy.xtemos.com/woodmart2/gutenberg/wooden-single-drawer-2/</link>
					<pubDate>Mon, 19 Jul 2021 11:19:19 +0000</pubDate>
					<dc:creator><![CDATA[zakhar]]></dc:creator>
					<guid isPermaLink="false">http://dummy.xtemos.com/woodmart2/gutenberg/wp-content/uploads/sites/24/2017/06/wooden-single-drawer-2.jpg</guid>
															<wp:post_id>884</wp:post_id>
					<wp:post_date><![CDATA[2021-07-19 11:19:19]]></wp:post_date>
					<wp:post_date_gmt><![CDATA[2021-07-19 11:19:19]]></wp:post_date_gmt>
					<wp:post_modified><![CDATA[2024-04-16 13:18:51]]></wp:post_modified>
					<wp:post_modified_gmt><![CDATA[2024-04-16 13:18:51]]></wp:post_modified_gmt>
					<wp:comment_status><![CDATA[open]]></wp:comment_status>
					<wp:post_name><![CDATA[wooden-single-drawer-2]]></wp:post_name>
					<wp:status><![CDATA[inherit]]></wp:status>
					<wp:post_parent>0</wp:post_parent>
					<wp:menu_order>0</wp:menu_order>
					<wp:post_type><![CDATA[attachment]]></wp:post_type>
											<wp:attachment_url><![CDATA[https://dummy.xtemos.com/woodmart2/gutenberg/wp-content/uploads/sites/24/2017/06/wooden-single-drawer-2.jpg]]></wp:attachment_url>
																					<wp:postmeta>
							<wp:meta_key><![CDATA[_wp_attached_file]]></wp:meta_key>
							<wp:meta_value><![CDATA[2017/06/wooden-single-drawer-2.jpg]]></wp:meta_value>
						</wp:postmeta>
										</item>
								<item>
					<title><![CDATA[post-example-2-image-1]]></title>
					<link>https://dummy.xtemos.com/woodmart2/gutenberg/post-example-2-image-1/</link>
					<pubDate>Fri, 01 Oct 2021 12:07:33 +0000</pubDate>
					<dc:creator><![CDATA[zakhar]]></dc:creator>
					<guid isPermaLink="false">http://dummy.xtemos.com/woodmart2/gutenberg/wp-content/uploads/sites/24/2017/06/post-example-2-image-1.jpg</guid>
															<wp:post_id>6927</wp:post_id>
					<wp:post_date><![CDATA[2021-10-01 12:07:33]]></wp:post_date>
					<wp:post_date_gmt><![CDATA[2021-10-01 12:07:33]]></wp:post_date_gmt>
					<wp:post_modified><![CDATA[2024-04-16 13:18:51]]></wp:post_modified>
					<wp:post_modified_gmt><![CDATA[2024-04-16 13:18:51]]></wp:post_modified_gmt>
					<wp:comment_status><![CDATA[open]]></wp:comment_status>
					<wp:post_name><![CDATA[post-example-2-image-1]]></wp:post_name>
					<wp:status><![CDATA[inherit]]></wp:status>
					<wp:post_parent>0</wp:post_parent>
					<wp:menu_order>0</wp:menu_order>
					<wp:post_type><![CDATA[attachment]]></wp:post_type>
											<wp:attachment_url><![CDATA[https://dummy.xtemos.com/woodmart2/gutenberg/wp-content/uploads/sites/24/2017/06/post-example-2-image-1.jpg]]></wp:attachment_url>
																					<wp:postmeta>
							<wp:meta_key><![CDATA[_wp_attached_file]]></wp:meta_key>
							<wp:meta_value><![CDATA[2017/06/post-example-2-image-1.jpg]]></wp:meta_value>
						</wp:postmeta>
										</item>
								<item>
					<title><![CDATA[post-example-2-image-2]]></title>
					<link>https://dummy.xtemos.com/woodmart2/gutenberg/post-example-2-image-2/</link>
					<pubDate>Fri, 01 Oct 2021 12:07:34 +0000</pubDate>
					<dc:creator><![CDATA[zakhar]]></dc:creator>
					<guid isPermaLink="false">http://dummy.xtemos.com/woodmart2/gutenberg/wp-content/uploads/sites/24/2017/06/post-example-2-image-2.jpg</guid>
															<wp:post_id>6928</wp:post_id>
					<wp:post_date><![CDATA[2021-10-01 12:07:34]]></wp:post_date>
					<wp:post_date_gmt><![CDATA[2021-10-01 12:07:34]]></wp:post_date_gmt>
					<wp:post_modified><![CDATA[2024-04-16 13:18:51]]></wp:post_modified>
					<wp:post_modified_gmt><![CDATA[2024-04-16 13:18:51]]></wp:post_modified_gmt>
					<wp:comment_status><![CDATA[open]]></wp:comment_status>
					<wp:post_name><![CDATA[post-example-2-image-2]]></wp:post_name>
					<wp:status><![CDATA[inherit]]></wp:status>
					<wp:post_parent>0</wp:post_parent>
					<wp:menu_order>0</wp:menu_order>
					<wp:post_type><![CDATA[attachment]]></wp:post_type>
											<wp:attachment_url><![CDATA[https://dummy.xtemos.com/woodmart2/gutenberg/wp-content/uploads/sites/24/2017/06/post-example-2-image-2.jpg]]></wp:attachment_url>
																					<wp:postmeta>
							<wp:meta_key><![CDATA[_wp_attached_file]]></wp:meta_key>
							<wp:meta_value><![CDATA[2017/06/post-example-2-image-2.jpg]]></wp:meta_value>
						</wp:postmeta>
										</item>
								<item>
					<title><![CDATA[post-example-2-image-3]]></title>
					<link>https://dummy.xtemos.com/woodmart2/gutenberg/post-example-2-image-3/</link>
					<pubDate>Fri, 01 Oct 2021 12:07:36 +0000</pubDate>
					<dc:creator><![CDATA[zakhar]]></dc:creator>
					<guid isPermaLink="false">http://dummy.xtemos.com/woodmart2/gutenberg/wp-content/uploads/sites/24/2017/06/post-example-2-image-3.jpg</guid>
															<wp:post_id>6929</wp:post_id>
					<wp:post_date><![CDATA[2021-10-01 12:07:36]]></wp:post_date>
					<wp:post_date_gmt><![CDATA[2021-10-01 12:07:36]]></wp:post_date_gmt>
					<wp:post_modified><![CDATA[2024-04-16 13:18:51]]></wp:post_modified>
					<wp:post_modified_gmt><![CDATA[2024-04-16 13:18:51]]></wp:post_modified_gmt>
					<wp:comment_status><![CDATA[open]]></wp:comment_status>
					<wp:post_name><![CDATA[post-example-2-image-3]]></wp:post_name>
					<wp:status><![CDATA[inherit]]></wp:status>
					<wp:post_parent>0</wp:post_parent>
					<wp:menu_order>0</wp:menu_order>
					<wp:post_type><![CDATA[attachment]]></wp:post_type>
											<wp:attachment_url><![CDATA[https://dummy.xtemos.com/woodmart2/gutenberg/wp-content/uploads/sites/24/2017/06/post-example-2-image-3.jpg]]></wp:attachment_url>
																					<wp:postmeta>
							<wp:meta_key><![CDATA[_wp_attached_file]]></wp:meta_key>
							<wp:meta_value><![CDATA[2017/06/post-example-2-image-3.jpg]]></wp:meta_value>
						</wp:postmeta>
										</item>
								<item>
					<title><![CDATA[post-example-2-image-4]]></title>
					<link>https://dummy.xtemos.com/woodmart2/gutenberg/post-example-2-image-4/</link>
					<pubDate>Fri, 01 Oct 2021 12:07:38 +0000</pubDate>
					<dc:creator><![CDATA[zakhar]]></dc:creator>
					<guid isPermaLink="false">http://dummy.xtemos.com/woodmart2/gutenberg/wp-content/uploads/sites/24/2017/06/post-example-2-image-4.jpg</guid>
															<wp:post_id>6930</wp:post_id>
					<wp:post_date><![CDATA[2021-10-01 12:07:38]]></wp:post_date>
					<wp:post_date_gmt><![CDATA[2021-10-01 12:07:38]]></wp:post_date_gmt>
					<wp:post_modified><![CDATA[2024-04-16 13:18:51]]></wp:post_modified>
					<wp:post_modified_gmt><![CDATA[2024-04-16 13:18:51]]></wp:post_modified_gmt>
					<wp:comment_status><![CDATA[open]]></wp:comment_status>
					<wp:post_name><![CDATA[post-example-2-image-4]]></wp:post_name>
					<wp:status><![CDATA[inherit]]></wp:status>
					<wp:post_parent>0</wp:post_parent>
					<wp:menu_order>0</wp:menu_order>
					<wp:post_type><![CDATA[attachment]]></wp:post_type>
											<wp:attachment_url><![CDATA[https://dummy.xtemos.com/woodmart2/gutenberg/wp-content/uploads/sites/24/2017/06/post-example-2-image-4.jpg]]></wp:attachment_url>
																					<wp:postmeta>
							<wp:meta_key><![CDATA[_wp_attached_file]]></wp:meta_key>
							<wp:meta_value><![CDATA[2017/06/post-example-2-image-4.jpg]]></wp:meta_value>
						</wp:postmeta>
										</item>
								<item>
					<title><![CDATA[post-example-2-image-5]]></title>
					<link>https://dummy.xtemos.com/woodmart2/gutenberg/post-example-2-image-5/</link>
					<pubDate>Fri, 01 Oct 2021 12:11:10 +0000</pubDate>
					<dc:creator><![CDATA[zakhar]]></dc:creator>
					<guid isPermaLink="false">http://dummy.xtemos.com/woodmart2/gutenberg/wp-content/uploads/sites/24/2017/06/post-example-2-image-5.jpg</guid>
															<wp:post_id>6934</wp:post_id>
					<wp:post_date><![CDATA[2021-10-01 12:11:10]]></wp:post_date>
					<wp:post_date_gmt><![CDATA[2021-10-01 12:11:10]]></wp:post_date_gmt>
					<wp:post_modified><![CDATA[2024-04-16 13:18:51]]></wp:post_modified>
					<wp:post_modified_gmt><![CDATA[2024-04-16 13:18:51]]></wp:post_modified_gmt>
					<wp:comment_status><![CDATA[open]]></wp:comment_status>
					<wp:post_name><![CDATA[post-example-2-image-5]]></wp:post_name>
					<wp:status><![CDATA[inherit]]></wp:status>
					<wp:post_parent>0</wp:post_parent>
					<wp:menu_order>0</wp:menu_order>
					<wp:post_type><![CDATA[attachment]]></wp:post_type>
											<wp:attachment_url><![CDATA[https://dummy.xtemos.com/woodmart2/gutenberg/wp-content/uploads/sites/24/2017/06/post-example-2-image-5.jpg]]></wp:attachment_url>
																					<wp:postmeta>
							<wp:meta_key><![CDATA[_wp_attached_file]]></wp:meta_key>
							<wp:meta_value><![CDATA[2017/06/post-example-2-image-5.jpg]]></wp:meta_value>
						</wp:postmeta>
										</item>
								<item>
					<title><![CDATA[post-example-2-image-6]]></title>
					<link>https://dummy.xtemos.com/woodmart2/gutenberg/post-example-2-image-6/</link>
					<pubDate>Fri, 01 Oct 2021 12:11:13 +0000</pubDate>
					<dc:creator><![CDATA[zakhar]]></dc:creator>
					<guid isPermaLink="false">http://dummy.xtemos.com/woodmart2/gutenberg/wp-content/uploads/sites/24/2017/06/post-example-2-image-6.jpg</guid>
															<wp:post_id>6935</wp:post_id>
					<wp:post_date><![CDATA[2021-10-01 12:11:13]]></wp:post_date>
					<wp:post_date_gmt><![CDATA[2021-10-01 12:11:13]]></wp:post_date_gmt>
					<wp:post_modified><![CDATA[2024-04-16 13:18:51]]></wp:post_modified>
					<wp:post_modified_gmt><![CDATA[2024-04-16 13:18:51]]></wp:post_modified_gmt>
					<wp:comment_status><![CDATA[open]]></wp:comment_status>
					<wp:post_name><![CDATA[post-example-2-image-6]]></wp:post_name>
					<wp:status><![CDATA[inherit]]></wp:status>
					<wp:post_parent>0</wp:post_parent>
					<wp:menu_order>0</wp:menu_order>
					<wp:post_type><![CDATA[attachment]]></wp:post_type>
											<wp:attachment_url><![CDATA[https://dummy.xtemos.com/woodmart2/gutenberg/wp-content/uploads/sites/24/2017/06/post-example-2-image-6.jpg]]></wp:attachment_url>
																					<wp:postmeta>
							<wp:meta_key><![CDATA[_wp_attached_file]]></wp:meta_key>
							<wp:meta_value><![CDATA[2017/06/post-example-2-image-6.jpg]]></wp:meta_value>
						</wp:postmeta>
										</item>
								<item>
					<title><![CDATA[post-example-2-image-7]]></title>
					<link>https://dummy.xtemos.com/woodmart2/gutenberg/post-example-2-image-7/</link>
					<pubDate>Fri, 01 Oct 2021 12:11:14 +0000</pubDate>
					<dc:creator><![CDATA[zakhar]]></dc:creator>
					<guid isPermaLink="false">http://dummy.xtemos.com/woodmart2/gutenberg/wp-content/uploads/sites/24/2017/06/post-example-2-image-7.jpg</guid>
															<wp:post_id>6936</wp:post_id>
					<wp:post_date><![CDATA[2021-10-01 12:11:14]]></wp:post_date>
					<wp:post_date_gmt><![CDATA[2021-10-01 12:11:14]]></wp:post_date_gmt>
					<wp:post_modified><![CDATA[2024-04-16 13:18:51]]></wp:post_modified>
					<wp:post_modified_gmt><![CDATA[2024-04-16 13:18:51]]></wp:post_modified_gmt>
					<wp:comment_status><![CDATA[open]]></wp:comment_status>
					<wp:post_name><![CDATA[post-example-2-image-7]]></wp:post_name>
					<wp:status><![CDATA[inherit]]></wp:status>
					<wp:post_parent>0</wp:post_parent>
					<wp:menu_order>0</wp:menu_order>
					<wp:post_type><![CDATA[attachment]]></wp:post_type>
											<wp:attachment_url><![CDATA[https://dummy.xtemos.com/woodmart2/gutenberg/wp-content/uploads/sites/24/2017/06/post-example-2-image-7.jpg]]></wp:attachment_url>
																					<wp:postmeta>
							<wp:meta_key><![CDATA[_wp_attached_file]]></wp:meta_key>
							<wp:meta_value><![CDATA[2017/06/post-example-2-image-7.jpg]]></wp:meta_value>
						</wp:postmeta>
										</item>
								<item>
					<title><![CDATA[post-example-2-image-8]]></title>
					<link>https://dummy.xtemos.com/woodmart2/gutenberg/post-example-2-image-8/</link>
					<pubDate>Fri, 01 Oct 2021 12:11:15 +0000</pubDate>
					<dc:creator><![CDATA[zakhar]]></dc:creator>
					<guid isPermaLink="false">http://dummy.xtemos.com/woodmart2/gutenberg/wp-content/uploads/sites/24/2017/06/post-example-2-image-8.jpg</guid>
															<wp:post_id>6937</wp:post_id>
					<wp:post_date><![CDATA[2021-10-01 12:11:15]]></wp:post_date>
					<wp:post_date_gmt><![CDATA[2021-10-01 12:11:15]]></wp:post_date_gmt>
					<wp:post_modified><![CDATA[2024-04-16 13:18:51]]></wp:post_modified>
					<wp:post_modified_gmt><![CDATA[2024-04-16 13:18:51]]></wp:post_modified_gmt>
					<wp:comment_status><![CDATA[open]]></wp:comment_status>
					<wp:post_name><![CDATA[post-example-2-image-8]]></wp:post_name>
					<wp:status><![CDATA[inherit]]></wp:status>
					<wp:post_parent>0</wp:post_parent>
					<wp:menu_order>0</wp:menu_order>
					<wp:post_type><![CDATA[attachment]]></wp:post_type>
											<wp:attachment_url><![CDATA[https://dummy.xtemos.com/woodmart2/gutenberg/wp-content/uploads/sites/24/2017/06/post-example-2-image-8.jpg]]></wp:attachment_url>
																					<wp:postmeta>
							<wp:meta_key><![CDATA[_wp_attached_file]]></wp:meta_key>
							<wp:meta_value><![CDATA[2017/06/post-example-2-image-8.jpg]]></wp:meta_value>
						</wp:postmeta>
										</item>
								<item>
					<title><![CDATA[post-example-2-image-9]]></title>
					<link>https://dummy.xtemos.com/woodmart2/gutenberg/post-example-2-image-9/</link>
					<pubDate>Fri, 01 Oct 2021 12:12:42 +0000</pubDate>
					<dc:creator><![CDATA[zakhar]]></dc:creator>
					<guid isPermaLink="false">http://dummy.xtemos.com/woodmart2/gutenberg/wp-content/uploads/sites/24/2017/06/post-example-2-image-9.jpg</guid>
															<wp:post_id>6938</wp:post_id>
					<wp:post_date><![CDATA[2021-10-01 12:12:42]]></wp:post_date>
					<wp:post_date_gmt><![CDATA[2021-10-01 12:12:42]]></wp:post_date_gmt>
					<wp:post_modified><![CDATA[2024-04-16 13:18:51]]></wp:post_modified>
					<wp:post_modified_gmt><![CDATA[2024-04-16 13:18:51]]></wp:post_modified_gmt>
					<wp:comment_status><![CDATA[open]]></wp:comment_status>
					<wp:post_name><![CDATA[post-example-2-image-9]]></wp:post_name>
					<wp:status><![CDATA[inherit]]></wp:status>
					<wp:post_parent>0</wp:post_parent>
					<wp:menu_order>0</wp:menu_order>
					<wp:post_type><![CDATA[attachment]]></wp:post_type>
											<wp:attachment_url><![CDATA[https://dummy.xtemos.com/woodmart2/gutenberg/wp-content/uploads/sites/24/2017/06/post-example-2-image-9.jpg]]></wp:attachment_url>
																					<wp:postmeta>
							<wp:meta_key><![CDATA[_wp_attached_file]]></wp:meta_key>
							<wp:meta_value><![CDATA[2017/06/post-example-2-image-9.jpg]]></wp:meta_value>
						</wp:postmeta>
										</item>
								<item>
					<title><![CDATA[post-example-2-image-10]]></title>
					<link>https://dummy.xtemos.com/woodmart2/gutenberg/post-example-2-image-10/</link>
					<pubDate>Fri, 01 Oct 2021 12:12:43 +0000</pubDate>
					<dc:creator><![CDATA[zakhar]]></dc:creator>
					<guid isPermaLink="false">http://dummy.xtemos.com/woodmart2/gutenberg/wp-content/uploads/sites/24/2017/06/post-example-2-image-10.jpg</guid>
															<wp:post_id>6939</wp:post_id>
					<wp:post_date><![CDATA[2021-10-01 12:12:43]]></wp:post_date>
					<wp:post_date_gmt><![CDATA[2021-10-01 12:12:43]]></wp:post_date_gmt>
					<wp:post_modified><![CDATA[2024-04-16 13:18:51]]></wp:post_modified>
					<wp:post_modified_gmt><![CDATA[2024-04-16 13:18:51]]></wp:post_modified_gmt>
					<wp:comment_status><![CDATA[open]]></wp:comment_status>
					<wp:post_name><![CDATA[post-example-2-image-10]]></wp:post_name>
					<wp:status><![CDATA[inherit]]></wp:status>
					<wp:post_parent>0</wp:post_parent>
					<wp:menu_order>0</wp:menu_order>
					<wp:post_type><![CDATA[attachment]]></wp:post_type>
											<wp:attachment_url><![CDATA[https://dummy.xtemos.com/woodmart2/gutenberg/wp-content/uploads/sites/24/2017/06/post-example-2-image-10.jpg]]></wp:attachment_url>
																					<wp:postmeta>
							<wp:meta_key><![CDATA[_wp_attached_file]]></wp:meta_key>
							<wp:meta_value><![CDATA[2017/06/post-example-2-image-10.jpg]]></wp:meta_value>
						</wp:postmeta>
										</item>
								<item>
					<title><![CDATA[post-example-2-image-11]]></title>
					<link>https://dummy.xtemos.com/woodmart2/gutenberg/post-example-2-image-11/</link>
					<pubDate>Fri, 01 Oct 2021 12:12:45 +0000</pubDate>
					<dc:creator><![CDATA[zakhar]]></dc:creator>
					<guid isPermaLink="false">http://dummy.xtemos.com/woodmart2/gutenberg/wp-content/uploads/sites/24/2017/06/post-example-2-image-11.jpg</guid>
															<wp:post_id>6940</wp:post_id>
					<wp:post_date><![CDATA[2021-10-01 12:12:45]]></wp:post_date>
					<wp:post_date_gmt><![CDATA[2021-10-01 12:12:45]]></wp:post_date_gmt>
					<wp:post_modified><![CDATA[2024-04-16 13:18:51]]></wp:post_modified>
					<wp:post_modified_gmt><![CDATA[2024-04-16 13:18:51]]></wp:post_modified_gmt>
					<wp:comment_status><![CDATA[open]]></wp:comment_status>
					<wp:post_name><![CDATA[post-example-2-image-11]]></wp:post_name>
					<wp:status><![CDATA[inherit]]></wp:status>
					<wp:post_parent>0</wp:post_parent>
					<wp:menu_order>0</wp:menu_order>
					<wp:post_type><![CDATA[attachment]]></wp:post_type>
											<wp:attachment_url><![CDATA[https://dummy.xtemos.com/woodmart2/gutenberg/wp-content/uploads/sites/24/2017/06/post-example-2-image-11.jpg]]></wp:attachment_url>
																					<wp:postmeta>
							<wp:meta_key><![CDATA[_wp_attached_file]]></wp:meta_key>
							<wp:meta_value><![CDATA[2017/06/post-example-2-image-11.jpg]]></wp:meta_value>
						</wp:postmeta>
										</item>
								<item>
					<title><![CDATA[post-example-2-image-12]]></title>
					<link>https://dummy.xtemos.com/woodmart2/gutenberg/post-example-2-image-12/</link>
					<pubDate>Fri, 01 Oct 2021 12:12:47 +0000</pubDate>
					<dc:creator><![CDATA[zakhar]]></dc:creator>
					<guid isPermaLink="false">http://dummy.xtemos.com/woodmart2/gutenberg/wp-content/uploads/sites/24/2017/06/post-example-2-image-12.jpg</guid>
															<wp:post_id>6941</wp:post_id>
					<wp:post_date><![CDATA[2021-10-01 12:12:47]]></wp:post_date>
					<wp:post_date_gmt><![CDATA[2021-10-01 12:12:47]]></wp:post_date_gmt>
					<wp:post_modified><![CDATA[2024-04-16 13:18:51]]></wp:post_modified>
					<wp:post_modified_gmt><![CDATA[2024-04-16 13:18:51]]></wp:post_modified_gmt>
					<wp:comment_status><![CDATA[open]]></wp:comment_status>
					<wp:post_name><![CDATA[post-example-2-image-12]]></wp:post_name>
					<wp:status><![CDATA[inherit]]></wp:status>
					<wp:post_parent>0</wp:post_parent>
					<wp:menu_order>0</wp:menu_order>
					<wp:post_type><![CDATA[attachment]]></wp:post_type>
											<wp:attachment_url><![CDATA[https://dummy.xtemos.com/woodmart2/gutenberg/wp-content/uploads/sites/24/2017/06/post-example-2-image-12.jpg]]></wp:attachment_url>
																					<wp:postmeta>
							<wp:meta_key><![CDATA[_wp_attached_file]]></wp:meta_key>
							<wp:meta_value><![CDATA[2017/06/post-example-2-image-12.jpg]]></wp:meta_value>
						</wp:postmeta>
										</item>
								<item>
					<title><![CDATA[post-example-2-image-13]]></title>
					<link>https://dummy.xtemos.com/woodmart2/gutenberg/post-example-2-image-13/</link>
					<pubDate>Fri, 01 Oct 2021 12:15:07 +0000</pubDate>
					<dc:creator><![CDATA[zakhar]]></dc:creator>
					<guid isPermaLink="false">http://dummy.xtemos.com/woodmart2/gutenberg/wp-content/uploads/sites/24/2017/06/post-example-2-image-13.jpg</guid>
															<wp:post_id>6942</wp:post_id>
					<wp:post_date><![CDATA[2021-10-01 12:15:07]]></wp:post_date>
					<wp:post_date_gmt><![CDATA[2021-10-01 12:15:07]]></wp:post_date_gmt>
					<wp:post_modified><![CDATA[2024-04-16 13:18:51]]></wp:post_modified>
					<wp:post_modified_gmt><![CDATA[2024-04-16 13:18:51]]></wp:post_modified_gmt>
					<wp:comment_status><![CDATA[open]]></wp:comment_status>
					<wp:post_name><![CDATA[post-example-2-image-13]]></wp:post_name>
					<wp:status><![CDATA[inherit]]></wp:status>
					<wp:post_parent>0</wp:post_parent>
					<wp:menu_order>0</wp:menu_order>
					<wp:post_type><![CDATA[attachment]]></wp:post_type>
											<wp:attachment_url><![CDATA[https://dummy.xtemos.com/woodmart2/gutenberg/wp-content/uploads/sites/24/2017/06/post-example-2-image-13.jpg]]></wp:attachment_url>
																					<wp:postmeta>
							<wp:meta_key><![CDATA[_wp_attached_file]]></wp:meta_key>
							<wp:meta_value><![CDATA[2017/06/post-example-2-image-13.jpg]]></wp:meta_value>
						</wp:postmeta>
										</item>
								<item>
					<title><![CDATA[post-example-2-image-14]]></title>
					<link>https://dummy.xtemos.com/woodmart2/gutenberg/post-example-2-image-14/</link>
					<pubDate>Fri, 01 Oct 2021 12:15:09 +0000</pubDate>
					<dc:creator><![CDATA[zakhar]]></dc:creator>
					<guid isPermaLink="false">http://dummy.xtemos.com/woodmart2/gutenberg/wp-content/uploads/sites/24/2017/06/post-example-2-image-14.jpg</guid>
															<wp:post_id>6943</wp:post_id>
					<wp:post_date><![CDATA[2021-10-01 12:15:09]]></wp:post_date>
					<wp:post_date_gmt><![CDATA[2021-10-01 12:15:09]]></wp:post_date_gmt>
					<wp:post_modified><![CDATA[2024-04-16 13:18:51]]></wp:post_modified>
					<wp:post_modified_gmt><![CDATA[2024-04-16 13:18:51]]></wp:post_modified_gmt>
					<wp:comment_status><![CDATA[open]]></wp:comment_status>
					<wp:post_name><![CDATA[post-example-2-image-14]]></wp:post_name>
					<wp:status><![CDATA[inherit]]></wp:status>
					<wp:post_parent>0</wp:post_parent>
					<wp:menu_order>0</wp:menu_order>
					<wp:post_type><![CDATA[attachment]]></wp:post_type>
											<wp:attachment_url><![CDATA[https://dummy.xtemos.com/woodmart2/gutenberg/wp-content/uploads/sites/24/2017/06/post-example-2-image-14.jpg]]></wp:attachment_url>
																					<wp:postmeta>
							<wp:meta_key><![CDATA[_wp_attached_file]]></wp:meta_key>
							<wp:meta_value><![CDATA[2017/06/post-example-2-image-14.jpg]]></wp:meta_value>
						</wp:postmeta>
										</item>
								<item>
					<title><![CDATA[default]]></title>
					<link>https://dummy.xtemos.com/woodmart2/gutenberg/default-2/</link>
					<pubDate>Mon, 19 Jul 2021 09:08:03 +0000</pubDate>
					<dc:creator><![CDATA[zakhar]]></dc:creator>
					<guid isPermaLink="false">http://dummy.xtemos.com/woodmart2/gutenberg/wp-content/uploads/sites/24/2021/07/default-1.jpg</guid>
															<wp:post_id>767</wp:post_id>
					<wp:post_date><![CDATA[2021-07-19 09:08:03]]></wp:post_date>
					<wp:post_date_gmt><![CDATA[2021-07-19 09:08:03]]></wp:post_date_gmt>
					<wp:post_modified><![CDATA[2024-04-16 13:18:51]]></wp:post_modified>
					<wp:post_modified_gmt><![CDATA[2024-04-16 13:18:51]]></wp:post_modified_gmt>
					<wp:comment_status><![CDATA[open]]></wp:comment_status>
					<wp:post_name><![CDATA[default-2]]></wp:post_name>
					<wp:status><![CDATA[inherit]]></wp:status>
					<wp:post_parent>0</wp:post_parent>
					<wp:menu_order>0</wp:menu_order>
					<wp:post_type><![CDATA[attachment]]></wp:post_type>
											<wp:attachment_url><![CDATA[https://dummy.xtemos.com/woodmart2/gutenberg/wp-content/uploads/sites/24/2021/07/default-1.jpg]]></wp:attachment_url>
																					<wp:postmeta>
							<wp:meta_key><![CDATA[_wp_attached_file]]></wp:meta_key>
							<wp:meta_value><![CDATA[2021/07/default-1.jpg]]></wp:meta_value>
						</wp:postmeta>
										</item>
								<item>
					<title><![CDATA[preview-decor]]></title>
					<link>https://dummy.xtemos.com/woodmart2/gutenberg/preview-decor-2/</link>
					<pubDate>Mon, 19 Jul 2021 09:08:05 +0000</pubDate>
					<dc:creator><![CDATA[zakhar]]></dc:creator>
					<guid isPermaLink="false">http://dummy.xtemos.com/woodmart2/gutenberg/wp-content/uploads/sites/24/2021/07/preview-decor-1.jpg</guid>
															<wp:post_id>768</wp:post_id>
					<wp:post_date><![CDATA[2021-07-19 09:08:05]]></wp:post_date>
					<wp:post_date_gmt><![CDATA[2021-07-19 09:08:05]]></wp:post_date_gmt>
					<wp:post_modified><![CDATA[2024-04-16 13:18:51]]></wp:post_modified>
					<wp:post_modified_gmt><![CDATA[2024-04-16 13:18:51]]></wp:post_modified_gmt>
					<wp:comment_status><![CDATA[open]]></wp:comment_status>
					<wp:post_name><![CDATA[preview-decor-2]]></wp:post_name>
					<wp:status><![CDATA[inherit]]></wp:status>
					<wp:post_parent>0</wp:post_parent>
					<wp:menu_order>0</wp:menu_order>
					<wp:post_type><![CDATA[attachment]]></wp:post_type>
											<wp:attachment_url><![CDATA[https://dummy.xtemos.com/woodmart2/gutenberg/wp-content/uploads/sites/24/2021/07/preview-decor-1.jpg]]></wp:attachment_url>
																					<wp:postmeta>
							<wp:meta_key><![CDATA[_wp_attached_file]]></wp:meta_key>
							<wp:meta_value><![CDATA[2021/07/preview-decor-1.jpg]]></wp:meta_value>
						</wp:postmeta>
										</item>
								<item>
					<title><![CDATA[preview-real-estate]]></title>
					<link>https://dummy.xtemos.com/woodmart2/gutenberg/preview-real-estate-2/</link>
					<pubDate>Mon, 19 Jul 2021 09:08:09 +0000</pubDate>
					<dc:creator><![CDATA[zakhar]]></dc:creator>
					<guid isPermaLink="false">http://dummy.xtemos.com/woodmart2/gutenberg/wp-content/uploads/sites/24/2021/07/preview-real-estate-1.jpg</guid>
															<wp:post_id>770</wp:post_id>
					<wp:post_date><![CDATA[2021-07-19 09:08:09]]></wp:post_date>
					<wp:post_date_gmt><![CDATA[2021-07-19 09:08:09]]></wp:post_date_gmt>
					<wp:post_modified><![CDATA[2024-04-16 13:18:51]]></wp:post_modified>
					<wp:post_modified_gmt><![CDATA[2024-04-16 13:18:51]]></wp:post_modified_gmt>
					<wp:comment_status><![CDATA[open]]></wp:comment_status>
					<wp:post_name><![CDATA[preview-real-estate-2]]></wp:post_name>
					<wp:status><![CDATA[inherit]]></wp:status>
					<wp:post_parent>0</wp:post_parent>
					<wp:menu_order>0</wp:menu_order>
					<wp:post_type><![CDATA[attachment]]></wp:post_type>
											<wp:attachment_url><![CDATA[https://dummy.xtemos.com/woodmart2/gutenberg/wp-content/uploads/sites/24/2021/07/preview-real-estate-1.jpg]]></wp:attachment_url>
																					<wp:postmeta>
							<wp:meta_key><![CDATA[_wp_attached_file]]></wp:meta_key>
							<wp:meta_value><![CDATA[2021/07/preview-real-estate-1.jpg]]></wp:meta_value>
						</wp:postmeta>
										</item>
								<item>
					<title><![CDATA[preview-retail]]></title>
					<link>https://dummy.xtemos.com/woodmart2/gutenberg/preview-retail-2/</link>
					<pubDate>Mon, 19 Jul 2021 09:08:10 +0000</pubDate>
					<dc:creator><![CDATA[zakhar]]></dc:creator>
					<guid isPermaLink="false">http://dummy.xtemos.com/woodmart2/gutenberg/wp-content/uploads/sites/24/2021/07/preview-retail-1.jpg</guid>
															<wp:post_id>771</wp:post_id>
					<wp:post_date><![CDATA[2021-07-19 09:08:10]]></wp:post_date>
					<wp:post_date_gmt><![CDATA[2021-07-19 09:08:10]]></wp:post_date_gmt>
					<wp:post_modified><![CDATA[2024-04-16 13:18:51]]></wp:post_modified>
					<wp:post_modified_gmt><![CDATA[2024-04-16 13:18:51]]></wp:post_modified_gmt>
					<wp:comment_status><![CDATA[open]]></wp:comment_status>
					<wp:post_name><![CDATA[preview-retail-2]]></wp:post_name>
					<wp:status><![CDATA[inherit]]></wp:status>
					<wp:post_parent>0</wp:post_parent>
					<wp:menu_order>0</wp:menu_order>
					<wp:post_type><![CDATA[attachment]]></wp:post_type>
											<wp:attachment_url><![CDATA[https://dummy.xtemos.com/woodmart2/gutenberg/wp-content/uploads/sites/24/2021/07/preview-retail-1.jpg]]></wp:attachment_url>
																					<wp:postmeta>
							<wp:meta_key><![CDATA[_wp_attached_file]]></wp:meta_key>
							<wp:meta_value><![CDATA[2021/07/preview-retail-1.jpg]]></wp:meta_value>
						</wp:postmeta>
										</item>
								<item>
					<title><![CDATA[carry-bg-1]]></title>
					<link>https://dummy.xtemos.com/woodmart2/gutenberg/carry-bg-1/</link>
					<pubDate>Mon, 19 Jul 2021 11:22:16 +0000</pubDate>
					<dc:creator><![CDATA[zakhar]]></dc:creator>
					<guid isPermaLink="false">http://dummy.xtemos.com/woodmart2/gutenberg/wp-content/uploads/sites/24/2021/07/carry-bg-1.jpg</guid>
															<wp:post_id>886</wp:post_id>
					<wp:post_date><![CDATA[2021-07-19 11:22:16]]></wp:post_date>
					<wp:post_date_gmt><![CDATA[2021-07-19 11:22:16]]></wp:post_date_gmt>
					<wp:post_modified><![CDATA[2024-04-16 13:18:51]]></wp:post_modified>
					<wp:post_modified_gmt><![CDATA[2024-04-16 13:18:51]]></wp:post_modified_gmt>
					<wp:comment_status><![CDATA[open]]></wp:comment_status>
					<wp:post_name><![CDATA[carry-bg-1]]></wp:post_name>
					<wp:status><![CDATA[inherit]]></wp:status>
					<wp:post_parent>0</wp:post_parent>
					<wp:menu_order>0</wp:menu_order>
					<wp:post_type><![CDATA[attachment]]></wp:post_type>
											<wp:attachment_url><![CDATA[https://dummy.xtemos.com/woodmart2/gutenberg/wp-content/uploads/sites/24/2021/07/carry-bg-1.jpg]]></wp:attachment_url>
																					<wp:postmeta>
							<wp:meta_key><![CDATA[_wp_attached_file]]></wp:meta_key>
							<wp:meta_value><![CDATA[2021/07/carry-bg-1.jpg]]></wp:meta_value>
						</wp:postmeta>
										</item>
								<item>
					<title><![CDATA[carry-image]]></title>
					<link>https://dummy.xtemos.com/woodmart2/gutenberg/carry-image/</link>
					<pubDate>Mon, 19 Jul 2021 11:22:38 +0000</pubDate>
					<dc:creator><![CDATA[zakhar]]></dc:creator>
					<guid isPermaLink="false">http://dummy.xtemos.com/woodmart2/gutenberg/wp-content/uploads/sites/24/2021/07/carry-image.png</guid>
															<wp:post_id>887</wp:post_id>
					<wp:post_date><![CDATA[2021-07-19 11:22:38]]></wp:post_date>
					<wp:post_date_gmt><![CDATA[2021-07-19 11:22:38]]></wp:post_date_gmt>
					<wp:post_modified><![CDATA[2024-04-16 13:18:51]]></wp:post_modified>
					<wp:post_modified_gmt><![CDATA[2024-04-16 13:18:51]]></wp:post_modified_gmt>
					<wp:comment_status><![CDATA[open]]></wp:comment_status>
					<wp:post_name><![CDATA[carry-image]]></wp:post_name>
					<wp:status><![CDATA[inherit]]></wp:status>
					<wp:post_parent>0</wp:post_parent>
					<wp:menu_order>0</wp:menu_order>
					<wp:post_type><![CDATA[attachment]]></wp:post_type>
											<wp:attachment_url><![CDATA[https://dummy.xtemos.com/woodmart2/gutenberg/wp-content/uploads/sites/24/2021/07/carry-image.png]]></wp:attachment_url>
																					<wp:postmeta>
							<wp:meta_key><![CDATA[_wp_attached_file]]></wp:meta_key>
							<wp:meta_value><![CDATA[2021/07/carry-image.png]]></wp:meta_value>
						</wp:postmeta>
										</item>
								<item>
					<title><![CDATA[wd-cat-banner-furniture]]></title>
					<link>https://dummy.xtemos.com/woodmart2/gutenberg/wd-cat-banner-furniture/</link>
					<pubDate>Mon, 19 Jul 2021 11:34:03 +0000</pubDate>
					<dc:creator><![CDATA[zakhar]]></dc:creator>
					<guid isPermaLink="false">http://dummy.xtemos.com/woodmart2/gutenberg/wp-content/uploads/sites/24/2021/07/wd-cat-banner-furniture.jpg</guid>
															<wp:post_id>933</wp:post_id>
					<wp:post_date><![CDATA[2021-07-19 11:34:03]]></wp:post_date>
					<wp:post_date_gmt><![CDATA[2021-07-19 11:34:03]]></wp:post_date_gmt>
					<wp:post_modified><![CDATA[2024-04-16 13:18:51]]></wp:post_modified>
					<wp:post_modified_gmt><![CDATA[2024-04-16 13:18:51]]></wp:post_modified_gmt>
					<wp:comment_status><![CDATA[open]]></wp:comment_status>
					<wp:post_name><![CDATA[wd-cat-banner-furniture]]></wp:post_name>
					<wp:status><![CDATA[inherit]]></wp:status>
					<wp:post_parent>0</wp:post_parent>
					<wp:menu_order>0</wp:menu_order>
					<wp:post_type><![CDATA[attachment]]></wp:post_type>
											<wp:attachment_url><![CDATA[https://dummy.xtemos.com/woodmart2/gutenberg/wp-content/uploads/sites/24/2021/07/wd-cat-banner-furniture.jpg]]></wp:attachment_url>
																					<wp:postmeta>
							<wp:meta_key><![CDATA[_wp_attached_file]]></wp:meta_key>
							<wp:meta_value><![CDATA[2021/07/wd-cat-banner-furniture.jpg]]></wp:meta_value>
						</wp:postmeta>
										</item>
								<item>
					<title><![CDATA[portfolio-1]]></title>
					<link>https://dummy.xtemos.com/woodmart2/gutenberg/portfolio-1/</link>
					<pubDate>Mon, 19 Jul 2021 12:15:58 +0000</pubDate>
					<dc:creator><![CDATA[zakhar]]></dc:creator>
					<guid isPermaLink="false">http://dummy.xtemos.com/woodmart2/gutenberg/wp-content/uploads/sites/24/2017/06/portfolio-1.jpg</guid>
															<wp:post_id>953</wp:post_id>
					<wp:post_date><![CDATA[2021-07-19 12:15:58]]></wp:post_date>
					<wp:post_date_gmt><![CDATA[2021-07-19 12:15:58]]></wp:post_date_gmt>
					<wp:post_modified><![CDATA[2024-04-16 13:18:51]]></wp:post_modified>
					<wp:post_modified_gmt><![CDATA[2024-04-16 13:18:51]]></wp:post_modified_gmt>
					<wp:comment_status><![CDATA[open]]></wp:comment_status>
					<wp:post_name><![CDATA[portfolio-1]]></wp:post_name>
					<wp:status><![CDATA[inherit]]></wp:status>
					<wp:post_parent>0</wp:post_parent>
					<wp:menu_order>0</wp:menu_order>
					<wp:post_type><![CDATA[attachment]]></wp:post_type>
											<wp:attachment_url><![CDATA[https://dummy.xtemos.com/woodmart2/gutenberg/wp-content/uploads/sites/24/2017/06/portfolio-1.jpg]]></wp:attachment_url>
																					<wp:postmeta>
							<wp:meta_key><![CDATA[_wp_attached_file]]></wp:meta_key>
							<wp:meta_value><![CDATA[2017/06/portfolio-1.jpg]]></wp:meta_value>
						</wp:postmeta>
										</item>
								<item>
					<title><![CDATA[portfolio-5]]></title>
					<link>https://dummy.xtemos.com/woodmart2/gutenberg/portfolio-5/</link>
					<pubDate>Mon, 19 Jul 2021 12:16:18 +0000</pubDate>
					<dc:creator><![CDATA[zakhar]]></dc:creator>
					<guid isPermaLink="false">http://dummy.xtemos.com/woodmart2/gutenberg/wp-content/uploads/sites/24/2017/06/portfolio-5.jpg</guid>
															<wp:post_id>957</wp:post_id>
					<wp:post_date><![CDATA[2021-07-19 12:16:18]]></wp:post_date>
					<wp:post_date_gmt><![CDATA[2021-07-19 12:16:18]]></wp:post_date_gmt>
					<wp:post_modified><![CDATA[2024-04-16 13:18:51]]></wp:post_modified>
					<wp:post_modified_gmt><![CDATA[2024-04-16 13:18:51]]></wp:post_modified_gmt>
					<wp:comment_status><![CDATA[open]]></wp:comment_status>
					<wp:post_name><![CDATA[portfolio-5]]></wp:post_name>
					<wp:status><![CDATA[inherit]]></wp:status>
					<wp:post_parent>0</wp:post_parent>
					<wp:menu_order>0</wp:menu_order>
					<wp:post_type><![CDATA[attachment]]></wp:post_type>
											<wp:attachment_url><![CDATA[https://dummy.xtemos.com/woodmart2/gutenberg/wp-content/uploads/sites/24/2017/06/portfolio-5.jpg]]></wp:attachment_url>
																					<wp:postmeta>
							<wp:meta_key><![CDATA[_wp_attached_file]]></wp:meta_key>
							<wp:meta_value><![CDATA[2017/06/portfolio-5.jpg]]></wp:meta_value>
						</wp:postmeta>
										</item>
								<item>
					<title><![CDATA[portfolio-6]]></title>
					<link>https://dummy.xtemos.com/woodmart2/gutenberg/portfolio-6/</link>
					<pubDate>Mon, 19 Jul 2021 12:16:22 +0000</pubDate>
					<dc:creator><![CDATA[zakhar]]></dc:creator>
					<guid isPermaLink="false">http://dummy.xtemos.com/woodmart2/gutenberg/wp-content/uploads/sites/24/2017/06/portfolio-6.jpg</guid>
															<wp:post_id>958</wp:post_id>
					<wp:post_date><![CDATA[2021-07-19 12:16:22]]></wp:post_date>
					<wp:post_date_gmt><![CDATA[2021-07-19 12:16:22]]></wp:post_date_gmt>
					<wp:post_modified><![CDATA[2024-04-16 13:18:51]]></wp:post_modified>
					<wp:post_modified_gmt><![CDATA[2024-04-16 13:18:51]]></wp:post_modified_gmt>
					<wp:comment_status><![CDATA[open]]></wp:comment_status>
					<wp:post_name><![CDATA[portfolio-6]]></wp:post_name>
					<wp:status><![CDATA[inherit]]></wp:status>
					<wp:post_parent>0</wp:post_parent>
					<wp:menu_order>0</wp:menu_order>
					<wp:post_type><![CDATA[attachment]]></wp:post_type>
											<wp:attachment_url><![CDATA[https://dummy.xtemos.com/woodmart2/gutenberg/wp-content/uploads/sites/24/2017/06/portfolio-6.jpg]]></wp:attachment_url>
																					<wp:postmeta>
							<wp:meta_key><![CDATA[_wp_attached_file]]></wp:meta_key>
							<wp:meta_value><![CDATA[2017/06/portfolio-6.jpg]]></wp:meta_value>
						</wp:postmeta>
										</item>
								<item>
					<title><![CDATA[portfolio-7]]></title>
					<link>https://dummy.xtemos.com/woodmart2/gutenberg/portfolio-7/</link>
					<pubDate>Mon, 19 Jul 2021 12:16:26 +0000</pubDate>
					<dc:creator><![CDATA[zakhar]]></dc:creator>
					<guid isPermaLink="false">http://dummy.xtemos.com/woodmart2/gutenberg/wp-content/uploads/sites/24/2017/06/portfolio-7.jpg</guid>
															<wp:post_id>959</wp:post_id>
					<wp:post_date><![CDATA[2021-07-19 12:16:26]]></wp:post_date>
					<wp:post_date_gmt><![CDATA[2021-07-19 12:16:26]]></wp:post_date_gmt>
					<wp:post_modified><![CDATA[2024-04-16 13:18:51]]></wp:post_modified>
					<wp:post_modified_gmt><![CDATA[2024-04-16 13:18:51]]></wp:post_modified_gmt>
					<wp:comment_status><![CDATA[open]]></wp:comment_status>
					<wp:post_name><![CDATA[portfolio-7]]></wp:post_name>
					<wp:status><![CDATA[inherit]]></wp:status>
					<wp:post_parent>0</wp:post_parent>
					<wp:menu_order>0</wp:menu_order>
					<wp:post_type><![CDATA[attachment]]></wp:post_type>
											<wp:attachment_url><![CDATA[https://dummy.xtemos.com/woodmart2/gutenberg/wp-content/uploads/sites/24/2017/06/portfolio-7.jpg]]></wp:attachment_url>
																					<wp:postmeta>
							<wp:meta_key><![CDATA[_wp_attached_file]]></wp:meta_key>
							<wp:meta_value><![CDATA[2017/06/portfolio-7.jpg]]></wp:meta_value>
						</wp:postmeta>
										</item>
								<item>
					<title><![CDATA[portfolio-9]]></title>
					<link>https://dummy.xtemos.com/woodmart2/gutenberg/portfolio-9/</link>
					<pubDate>Mon, 19 Jul 2021 12:16:35 +0000</pubDate>
					<dc:creator><![CDATA[zakhar]]></dc:creator>
					<guid isPermaLink="false">http://dummy.xtemos.com/woodmart2/gutenberg/wp-content/uploads/sites/24/2017/06/portfolio-9.jpg</guid>
															<wp:post_id>961</wp:post_id>
					<wp:post_date><![CDATA[2021-07-19 12:16:35]]></wp:post_date>
					<wp:post_date_gmt><![CDATA[2021-07-19 12:16:35]]></wp:post_date_gmt>
					<wp:post_modified><![CDATA[2024-04-16 13:18:51]]></wp:post_modified>
					<wp:post_modified_gmt><![CDATA[2024-04-16 13:18:51]]></wp:post_modified_gmt>
					<wp:comment_status><![CDATA[open]]></wp:comment_status>
					<wp:post_name><![CDATA[portfolio-9]]></wp:post_name>
					<wp:status><![CDATA[inherit]]></wp:status>
					<wp:post_parent>0</wp:post_parent>
					<wp:menu_order>0</wp:menu_order>
					<wp:post_type><![CDATA[attachment]]></wp:post_type>
											<wp:attachment_url><![CDATA[https://dummy.xtemos.com/woodmart2/gutenberg/wp-content/uploads/sites/24/2017/06/portfolio-9.jpg]]></wp:attachment_url>
																					<wp:postmeta>
							<wp:meta_key><![CDATA[_wp_attached_file]]></wp:meta_key>
							<wp:meta_value><![CDATA[2017/06/portfolio-9.jpg]]></wp:meta_value>
						</wp:postmeta>
										</item>
								<item>
					<title><![CDATA[post-example-2-image-15]]></title>
					<link>https://dummy.xtemos.com/woodmart2/gutenberg/post-example-2-image-15/</link>
					<pubDate>Fri, 01 Oct 2021 12:15:10 +0000</pubDate>
					<dc:creator><![CDATA[zakhar]]></dc:creator>
					<guid isPermaLink="false">http://dummy.xtemos.com/woodmart2/gutenberg/wp-content/uploads/sites/24/2017/06/post-example-2-image-15.jpg</guid>
															<wp:post_id>6944</wp:post_id>
					<wp:post_date><![CDATA[2021-10-01 12:15:10]]></wp:post_date>
					<wp:post_date_gmt><![CDATA[2021-10-01 12:15:10]]></wp:post_date_gmt>
					<wp:post_modified><![CDATA[2024-04-16 13:18:51]]></wp:post_modified>
					<wp:post_modified_gmt><![CDATA[2024-04-16 13:18:51]]></wp:post_modified_gmt>
					<wp:comment_status><![CDATA[open]]></wp:comment_status>
					<wp:post_name><![CDATA[post-example-2-image-15]]></wp:post_name>
					<wp:status><![CDATA[inherit]]></wp:status>
					<wp:post_parent>0</wp:post_parent>
					<wp:menu_order>0</wp:menu_order>
					<wp:post_type><![CDATA[attachment]]></wp:post_type>
											<wp:attachment_url><![CDATA[https://dummy.xtemos.com/woodmart2/gutenberg/wp-content/uploads/sites/24/2017/06/post-example-2-image-15.jpg]]></wp:attachment_url>
																					<wp:postmeta>
							<wp:meta_key><![CDATA[_wp_attached_file]]></wp:meta_key>
							<wp:meta_value><![CDATA[2017/06/post-example-2-image-15.jpg]]></wp:meta_value>
						</wp:postmeta>
										</item>
								<item>
					<title><![CDATA[post-example-2-image-16]]></title>
					<link>https://dummy.xtemos.com/woodmart2/gutenberg/post-example-2-image-16/</link>
					<pubDate>Fri, 01 Oct 2021 12:15:11 +0000</pubDate>
					<dc:creator><![CDATA[zakhar]]></dc:creator>
					<guid isPermaLink="false">http://dummy.xtemos.com/woodmart2/gutenberg/wp-content/uploads/sites/24/2017/06/post-example-2-image-16.jpg</guid>
															<wp:post_id>6945</wp:post_id>
					<wp:post_date><![CDATA[2021-10-01 12:15:11]]></wp:post_date>
					<wp:post_date_gmt><![CDATA[2021-10-01 12:15:11]]></wp:post_date_gmt>
					<wp:post_modified><![CDATA[2024-04-16 13:18:51]]></wp:post_modified>
					<wp:post_modified_gmt><![CDATA[2024-04-16 13:18:51]]></wp:post_modified_gmt>
					<wp:comment_status><![CDATA[open]]></wp:comment_status>
					<wp:post_name><![CDATA[post-example-2-image-16]]></wp:post_name>
					<wp:status><![CDATA[inherit]]></wp:status>
					<wp:post_parent>0</wp:post_parent>
					<wp:menu_order>0</wp:menu_order>
					<wp:post_type><![CDATA[attachment]]></wp:post_type>
											<wp:attachment_url><![CDATA[https://dummy.xtemos.com/woodmart2/gutenberg/wp-content/uploads/sites/24/2017/06/post-example-2-image-16.jpg]]></wp:attachment_url>
																					<wp:postmeta>
							<wp:meta_key><![CDATA[_wp_attached_file]]></wp:meta_key>
							<wp:meta_value><![CDATA[2017/06/post-example-2-image-16.jpg]]></wp:meta_value>
						</wp:postmeta>
										</item>
								<item>
					<title><![CDATA[post-example-2-image-17]]></title>
					<link>https://dummy.xtemos.com/woodmart2/gutenberg/post-example-2-image-17/</link>
					<pubDate>Fri, 01 Oct 2021 12:16:27 +0000</pubDate>
					<dc:creator><![CDATA[zakhar]]></dc:creator>
					<guid isPermaLink="false">http://dummy.xtemos.com/woodmart2/gutenberg/wp-content/uploads/sites/24/2017/06/post-example-2-image-17.jpg</guid>
															<wp:post_id>6946</wp:post_id>
					<wp:post_date><![CDATA[2021-10-01 12:16:27]]></wp:post_date>
					<wp:post_date_gmt><![CDATA[2021-10-01 12:16:27]]></wp:post_date_gmt>
					<wp:post_modified><![CDATA[2024-04-16 13:18:51]]></wp:post_modified>
					<wp:post_modified_gmt><![CDATA[2024-04-16 13:18:51]]></wp:post_modified_gmt>
					<wp:comment_status><![CDATA[open]]></wp:comment_status>
					<wp:post_name><![CDATA[post-example-2-image-17]]></wp:post_name>
					<wp:status><![CDATA[inherit]]></wp:status>
					<wp:post_parent>0</wp:post_parent>
					<wp:menu_order>0</wp:menu_order>
					<wp:post_type><![CDATA[attachment]]></wp:post_type>
											<wp:attachment_url><![CDATA[https://dummy.xtemos.com/woodmart2/gutenberg/wp-content/uploads/sites/24/2017/06/post-example-2-image-17.jpg]]></wp:attachment_url>
																					<wp:postmeta>
							<wp:meta_key><![CDATA[_wp_attached_file]]></wp:meta_key>
							<wp:meta_value><![CDATA[2017/06/post-example-2-image-17.jpg]]></wp:meta_value>
						</wp:postmeta>
										</item>
								<item>
					<title><![CDATA[post-example-2-image-18]]></title>
					<link>https://dummy.xtemos.com/woodmart2/gutenberg/post-example-2-image-18/</link>
					<pubDate>Fri, 01 Oct 2021 12:16:28 +0000</pubDate>
					<dc:creator><![CDATA[zakhar]]></dc:creator>
					<guid isPermaLink="false">http://dummy.xtemos.com/woodmart2/gutenberg/wp-content/uploads/sites/24/2017/06/post-example-2-image-18.jpg</guid>
															<wp:post_id>6947</wp:post_id>
					<wp:post_date><![CDATA[2021-10-01 12:16:28]]></wp:post_date>
					<wp:post_date_gmt><![CDATA[2021-10-01 12:16:28]]></wp:post_date_gmt>
					<wp:post_modified><![CDATA[2024-04-16 13:18:51]]></wp:post_modified>
					<wp:post_modified_gmt><![CDATA[2024-04-16 13:18:51]]></wp:post_modified_gmt>
					<wp:comment_status><![CDATA[open]]></wp:comment_status>
					<wp:post_name><![CDATA[post-example-2-image-18]]></wp:post_name>
					<wp:status><![CDATA[inherit]]></wp:status>
					<wp:post_parent>0</wp:post_parent>
					<wp:menu_order>0</wp:menu_order>
					<wp:post_type><![CDATA[attachment]]></wp:post_type>
											<wp:attachment_url><![CDATA[https://dummy.xtemos.com/woodmart2/gutenberg/wp-content/uploads/sites/24/2017/06/post-example-2-image-18.jpg]]></wp:attachment_url>
																					<wp:postmeta>
							<wp:meta_key><![CDATA[_wp_attached_file]]></wp:meta_key>
							<wp:meta_value><![CDATA[2017/06/post-example-2-image-18.jpg]]></wp:meta_value>
						</wp:postmeta>
										</item>
								<item>
					<title><![CDATA[post-example-2-image-19]]></title>
					<link>https://dummy.xtemos.com/woodmart2/gutenberg/post-example-2-image-19/</link>
					<pubDate>Fri, 01 Oct 2021 12:16:29 +0000</pubDate>
					<dc:creator><![CDATA[zakhar]]></dc:creator>
					<guid isPermaLink="false">http://dummy.xtemos.com/woodmart2/gutenberg/wp-content/uploads/sites/24/2017/06/post-example-2-image-19.jpg</guid>
															<wp:post_id>6948</wp:post_id>
					<wp:post_date><![CDATA[2021-10-01 12:16:29]]></wp:post_date>
					<wp:post_date_gmt><![CDATA[2021-10-01 12:16:29]]></wp:post_date_gmt>
					<wp:post_modified><![CDATA[2024-04-16 13:18:51]]></wp:post_modified>
					<wp:post_modified_gmt><![CDATA[2024-04-16 13:18:51]]></wp:post_modified_gmt>
					<wp:comment_status><![CDATA[open]]></wp:comment_status>
					<wp:post_name><![CDATA[post-example-2-image-19]]></wp:post_name>
					<wp:status><![CDATA[inherit]]></wp:status>
					<wp:post_parent>0</wp:post_parent>
					<wp:menu_order>0</wp:menu_order>
					<wp:post_type><![CDATA[attachment]]></wp:post_type>
											<wp:attachment_url><![CDATA[https://dummy.xtemos.com/woodmart2/gutenberg/wp-content/uploads/sites/24/2017/06/post-example-2-image-19.jpg]]></wp:attachment_url>
																					<wp:postmeta>
							<wp:meta_key><![CDATA[_wp_attached_file]]></wp:meta_key>
							<wp:meta_value><![CDATA[2017/06/post-example-2-image-19.jpg]]></wp:meta_value>
						</wp:postmeta>
										</item>
								<item>
					<title><![CDATA[post-example-2-image-20]]></title>
					<link>https://dummy.xtemos.com/woodmart2/gutenberg/post-example-2-image-20/</link>
					<pubDate>Fri, 01 Oct 2021 12:16:31 +0000</pubDate>
					<dc:creator><![CDATA[zakhar]]></dc:creator>
					<guid isPermaLink="false">http://dummy.xtemos.com/woodmart2/gutenberg/wp-content/uploads/sites/24/2017/06/post-example-2-image-20.jpg</guid>
															<wp:post_id>6949</wp:post_id>
					<wp:post_date><![CDATA[2021-10-01 12:16:31]]></wp:post_date>
					<wp:post_date_gmt><![CDATA[2021-10-01 12:16:31]]></wp:post_date_gmt>
					<wp:post_modified><![CDATA[2024-04-16 13:18:51]]></wp:post_modified>
					<wp:post_modified_gmt><![CDATA[2024-04-16 13:18:51]]></wp:post_modified_gmt>
					<wp:comment_status><![CDATA[open]]></wp:comment_status>
					<wp:post_name><![CDATA[post-example-2-image-20]]></wp:post_name>
					<wp:status><![CDATA[inherit]]></wp:status>
					<wp:post_parent>0</wp:post_parent>
					<wp:menu_order>0</wp:menu_order>
					<wp:post_type><![CDATA[attachment]]></wp:post_type>
											<wp:attachment_url><![CDATA[https://dummy.xtemos.com/woodmart2/gutenberg/wp-content/uploads/sites/24/2017/06/post-example-2-image-20.jpg]]></wp:attachment_url>
																					<wp:postmeta>
							<wp:meta_key><![CDATA[_wp_attached_file]]></wp:meta_key>
							<wp:meta_value><![CDATA[2017/06/post-example-2-image-20.jpg]]></wp:meta_value>
						</wp:postmeta>
										</item>
								<item>
					<title><![CDATA[post-example-2-image-21]]></title>
					<link>https://dummy.xtemos.com/woodmart2/gutenberg/post-example-2-image-21/</link>
					<pubDate>Fri, 01 Oct 2021 12:16:33 +0000</pubDate>
					<dc:creator><![CDATA[zakhar]]></dc:creator>
					<guid isPermaLink="false">http://dummy.xtemos.com/woodmart2/gutenberg/wp-content/uploads/sites/24/2017/06/post-example-2-image-21.jpg</guid>
															<wp:post_id>6950</wp:post_id>
					<wp:post_date><![CDATA[2021-10-01 12:16:33]]></wp:post_date>
					<wp:post_date_gmt><![CDATA[2021-10-01 12:16:33]]></wp:post_date_gmt>
					<wp:post_modified><![CDATA[2024-04-16 13:18:51]]></wp:post_modified>
					<wp:post_modified_gmt><![CDATA[2024-04-16 13:18:51]]></wp:post_modified_gmt>
					<wp:comment_status><![CDATA[open]]></wp:comment_status>
					<wp:post_name><![CDATA[post-example-2-image-21]]></wp:post_name>
					<wp:status><![CDATA[inherit]]></wp:status>
					<wp:post_parent>0</wp:post_parent>
					<wp:menu_order>0</wp:menu_order>
					<wp:post_type><![CDATA[attachment]]></wp:post_type>
											<wp:attachment_url><![CDATA[https://dummy.xtemos.com/woodmart2/gutenberg/wp-content/uploads/sites/24/2017/06/post-example-2-image-21.jpg]]></wp:attachment_url>
																					<wp:postmeta>
							<wp:meta_key><![CDATA[_wp_attached_file]]></wp:meta_key>
							<wp:meta_value><![CDATA[2017/06/post-example-2-image-21.jpg]]></wp:meta_value>
						</wp:postmeta>
										</item>
								<item>
					<title><![CDATA[post-example-2-image-22]]></title>
					<link>https://dummy.xtemos.com/woodmart2/gutenberg/post-example-2-image-22/</link>
					<pubDate>Fri, 01 Oct 2021 12:16:34 +0000</pubDate>
					<dc:creator><![CDATA[zakhar]]></dc:creator>
					<guid isPermaLink="false">http://dummy.xtemos.com/woodmart2/gutenberg/wp-content/uploads/sites/24/2017/06/post-example-2-image-22.jpg</guid>
															<wp:post_id>6951</wp:post_id>
					<wp:post_date><![CDATA[2021-10-01 12:16:34]]></wp:post_date>
					<wp:post_date_gmt><![CDATA[2021-10-01 12:16:34]]></wp:post_date_gmt>
					<wp:post_modified><![CDATA[2024-04-16 13:18:51]]></wp:post_modified>
					<wp:post_modified_gmt><![CDATA[2024-04-16 13:18:51]]></wp:post_modified_gmt>
					<wp:comment_status><![CDATA[open]]></wp:comment_status>
					<wp:post_name><![CDATA[post-example-2-image-22]]></wp:post_name>
					<wp:status><![CDATA[inherit]]></wp:status>
					<wp:post_parent>0</wp:post_parent>
					<wp:menu_order>0</wp:menu_order>
					<wp:post_type><![CDATA[attachment]]></wp:post_type>
											<wp:attachment_url><![CDATA[https://dummy.xtemos.com/woodmart2/gutenberg/wp-content/uploads/sites/24/2017/06/post-example-2-image-22.jpg]]></wp:attachment_url>
																					<wp:postmeta>
							<wp:meta_key><![CDATA[_wp_attached_file]]></wp:meta_key>
							<wp:meta_value><![CDATA[2017/06/post-example-2-image-22.jpg]]></wp:meta_value>
						</wp:postmeta>
										</item>
								<item>
					<title><![CDATA[carry-gallery-1]]></title>
					<link>https://dummy.xtemos.com/woodmart2/gutenberg/carry-gallery-1/</link>
					<pubDate>Mon, 19 Jul 2021 11:22:58 +0000</pubDate>
					<dc:creator><![CDATA[zakhar]]></dc:creator>
					<guid isPermaLink="false">http://dummy.xtemos.com/woodmart2/gutenberg/wp-content/uploads/sites/24/2021/07/carry-gallery-1.jpg</guid>
															<wp:post_id>888</wp:post_id>
					<wp:post_date><![CDATA[2021-07-19 11:22:58]]></wp:post_date>
					<wp:post_date_gmt><![CDATA[2021-07-19 11:22:58]]></wp:post_date_gmt>
					<wp:post_modified><![CDATA[2024-04-16 13:18:51]]></wp:post_modified>
					<wp:post_modified_gmt><![CDATA[2024-04-16 13:18:51]]></wp:post_modified_gmt>
					<wp:comment_status><![CDATA[open]]></wp:comment_status>
					<wp:post_name><![CDATA[carry-gallery-1]]></wp:post_name>
					<wp:status><![CDATA[inherit]]></wp:status>
					<wp:post_parent>0</wp:post_parent>
					<wp:menu_order>0</wp:menu_order>
					<wp:post_type><![CDATA[attachment]]></wp:post_type>
											<wp:attachment_url><![CDATA[https://dummy.xtemos.com/woodmart2/gutenberg/wp-content/uploads/sites/24/2021/07/carry-gallery-1.jpg]]></wp:attachment_url>
																					<wp:postmeta>
							<wp:meta_key><![CDATA[_wp_attached_file]]></wp:meta_key>
							<wp:meta_value><![CDATA[2021/07/carry-gallery-1.jpg]]></wp:meta_value>
						</wp:postmeta>
										</item>
								<item>
					<title><![CDATA[carry-gallery-2]]></title>
					<link>https://dummy.xtemos.com/woodmart2/gutenberg/carry-gallery-2/</link>
					<pubDate>Mon, 19 Jul 2021 11:23:00 +0000</pubDate>
					<dc:creator><![CDATA[zakhar]]></dc:creator>
					<guid isPermaLink="false">http://dummy.xtemos.com/woodmart2/gutenberg/wp-content/uploads/sites/24/2021/07/carry-gallery-2.jpg</guid>
															<wp:post_id>889</wp:post_id>
					<wp:post_date><![CDATA[2021-07-19 11:23:00]]></wp:post_date>
					<wp:post_date_gmt><![CDATA[2021-07-19 11:23:00]]></wp:post_date_gmt>
					<wp:post_modified><![CDATA[2024-04-16 13:18:51]]></wp:post_modified>
					<wp:post_modified_gmt><![CDATA[2024-04-16 13:18:51]]></wp:post_modified_gmt>
					<wp:comment_status><![CDATA[open]]></wp:comment_status>
					<wp:post_name><![CDATA[carry-gallery-2]]></wp:post_name>
					<wp:status><![CDATA[inherit]]></wp:status>
					<wp:post_parent>0</wp:post_parent>
					<wp:menu_order>0</wp:menu_order>
					<wp:post_type><![CDATA[attachment]]></wp:post_type>
											<wp:attachment_url><![CDATA[https://dummy.xtemos.com/woodmart2/gutenberg/wp-content/uploads/sites/24/2021/07/carry-gallery-2.jpg]]></wp:attachment_url>
																					<wp:postmeta>
							<wp:meta_key><![CDATA[_wp_attached_file]]></wp:meta_key>
							<wp:meta_value><![CDATA[2021/07/carry-gallery-2.jpg]]></wp:meta_value>
						</wp:postmeta>
										</item>
								<item>
					<title><![CDATA[carry-gallery-3]]></title>
					<link>https://dummy.xtemos.com/woodmart2/gutenberg/carry-gallery-3/</link>
					<pubDate>Mon, 19 Jul 2021 11:23:02 +0000</pubDate>
					<dc:creator><![CDATA[zakhar]]></dc:creator>
					<guid isPermaLink="false">http://dummy.xtemos.com/woodmart2/gutenberg/wp-content/uploads/sites/24/2021/07/carry-gallery-3.jpg</guid>
															<wp:post_id>890</wp:post_id>
					<wp:post_date><![CDATA[2021-07-19 11:23:02]]></wp:post_date>
					<wp:post_date_gmt><![CDATA[2021-07-19 11:23:02]]></wp:post_date_gmt>
					<wp:post_modified><![CDATA[2024-04-16 13:18:51]]></wp:post_modified>
					<wp:post_modified_gmt><![CDATA[2024-04-16 13:18:51]]></wp:post_modified_gmt>
					<wp:comment_status><![CDATA[open]]></wp:comment_status>
					<wp:post_name><![CDATA[carry-gallery-3]]></wp:post_name>
					<wp:status><![CDATA[inherit]]></wp:status>
					<wp:post_parent>0</wp:post_parent>
					<wp:menu_order>0</wp:menu_order>
					<wp:post_type><![CDATA[attachment]]></wp:post_type>
											<wp:attachment_url><![CDATA[https://dummy.xtemos.com/woodmart2/gutenberg/wp-content/uploads/sites/24/2021/07/carry-gallery-3.jpg]]></wp:attachment_url>
																					<wp:postmeta>
							<wp:meta_key><![CDATA[_wp_attached_file]]></wp:meta_key>
							<wp:meta_value><![CDATA[2021/07/carry-gallery-3.jpg]]></wp:meta_value>
						</wp:postmeta>
										</item>
								<item>
					<title><![CDATA[carry-gallery-4]]></title>
					<link>https://dummy.xtemos.com/woodmart2/gutenberg/carry-gallery-4/</link>
					<pubDate>Mon, 19 Jul 2021 11:23:05 +0000</pubDate>
					<dc:creator><![CDATA[zakhar]]></dc:creator>
					<guid isPermaLink="false">http://dummy.xtemos.com/woodmart2/gutenberg/wp-content/uploads/sites/24/2021/07/carry-gallery-4.jpg</guid>
															<wp:post_id>891</wp:post_id>
					<wp:post_date><![CDATA[2021-07-19 11:23:05]]></wp:post_date>
					<wp:post_date_gmt><![CDATA[2021-07-19 11:23:05]]></wp:post_date_gmt>
					<wp:post_modified><![CDATA[2024-04-16 13:18:51]]></wp:post_modified>
					<wp:post_modified_gmt><![CDATA[2024-04-16 13:18:51]]></wp:post_modified_gmt>
					<wp:comment_status><![CDATA[open]]></wp:comment_status>
					<wp:post_name><![CDATA[carry-gallery-4]]></wp:post_name>
					<wp:status><![CDATA[inherit]]></wp:status>
					<wp:post_parent>0</wp:post_parent>
					<wp:menu_order>0</wp:menu_order>
					<wp:post_type><![CDATA[attachment]]></wp:post_type>
											<wp:attachment_url><![CDATA[https://dummy.xtemos.com/woodmart2/gutenberg/wp-content/uploads/sites/24/2021/07/carry-gallery-4.jpg]]></wp:attachment_url>
																					<wp:postmeta>
							<wp:meta_key><![CDATA[_wp_attached_file]]></wp:meta_key>
							<wp:meta_value><![CDATA[2021/07/carry-gallery-4.jpg]]></wp:meta_value>
						</wp:postmeta>
										</item>
								<item>
					<title><![CDATA[carry-bg-2]]></title>
					<link>https://dummy.xtemos.com/woodmart2/gutenberg/carry-bg-2/</link>
					<pubDate>Mon, 19 Jul 2021 11:23:49 +0000</pubDate>
					<dc:creator><![CDATA[zakhar]]></dc:creator>
					<guid isPermaLink="false">http://dummy.xtemos.com/woodmart2/gutenberg/wp-content/uploads/sites/24/2021/07/carry-bg-2.jpg</guid>
															<wp:post_id>892</wp:post_id>
					<wp:post_date><![CDATA[2021-07-19 11:23:49]]></wp:post_date>
					<wp:post_date_gmt><![CDATA[2021-07-19 11:23:49]]></wp:post_date_gmt>
					<wp:post_modified><![CDATA[2024-04-16 13:18:51]]></wp:post_modified>
					<wp:post_modified_gmt><![CDATA[2024-04-16 13:18:51]]></wp:post_modified_gmt>
					<wp:comment_status><![CDATA[open]]></wp:comment_status>
					<wp:post_name><![CDATA[carry-bg-2]]></wp:post_name>
					<wp:status><![CDATA[inherit]]></wp:status>
					<wp:post_parent>0</wp:post_parent>
					<wp:menu_order>0</wp:menu_order>
					<wp:post_type><![CDATA[attachment]]></wp:post_type>
											<wp:attachment_url><![CDATA[https://dummy.xtemos.com/woodmart2/gutenberg/wp-content/uploads/sites/24/2021/07/carry-bg-2.jpg]]></wp:attachment_url>
																					<wp:postmeta>
							<wp:meta_key><![CDATA[_wp_attached_file]]></wp:meta_key>
							<wp:meta_value><![CDATA[2021/07/carry-bg-2.jpg]]></wp:meta_value>
						</wp:postmeta>
										</item>
								<item>
					<title><![CDATA[carry-popup-image]]></title>
					<link>https://dummy.xtemos.com/woodmart2/gutenberg/carry-popup-image/</link>
					<pubDate>Mon, 19 Jul 2021 11:24:08 +0000</pubDate>
					<dc:creator><![CDATA[zakhar]]></dc:creator>
					<guid isPermaLink="false">http://dummy.xtemos.com/woodmart2/gutenberg/wp-content/uploads/sites/24/2021/07/carry-popup-image.png</guid>
															<wp:post_id>893</wp:post_id>
					<wp:post_date><![CDATA[2021-07-19 11:24:08]]></wp:post_date>
					<wp:post_date_gmt><![CDATA[2021-07-19 11:24:08]]></wp:post_date_gmt>
					<wp:post_modified><![CDATA[2024-04-16 13:18:51]]></wp:post_modified>
					<wp:post_modified_gmt><![CDATA[2024-04-16 13:18:51]]></wp:post_modified_gmt>
					<wp:comment_status><![CDATA[open]]></wp:comment_status>
					<wp:post_name><![CDATA[carry-popup-image]]></wp:post_name>
					<wp:status><![CDATA[inherit]]></wp:status>
					<wp:post_parent>0</wp:post_parent>
					<wp:menu_order>0</wp:menu_order>
					<wp:post_type><![CDATA[attachment]]></wp:post_type>
											<wp:attachment_url><![CDATA[https://dummy.xtemos.com/woodmart2/gutenberg/wp-content/uploads/sites/24/2021/07/carry-popup-image.png]]></wp:attachment_url>
																					<wp:postmeta>
							<wp:meta_key><![CDATA[_wp_attached_file]]></wp:meta_key>
							<wp:meta_value><![CDATA[2021/07/carry-popup-image.png]]></wp:meta_value>
						</wp:postmeta>
										</item>
								<item>
					<title><![CDATA[wd-product-bg-1]]></title>
					<link>https://dummy.xtemos.com/woodmart2/gutenberg/wd-product-bg-1/</link>
					<pubDate>Mon, 19 Jul 2021 11:25:37 +0000</pubDate>
					<dc:creator><![CDATA[zakhar]]></dc:creator>
					<guid isPermaLink="false">http://dummy.xtemos.com/woodmart2/gutenberg/wp-content/uploads/sites/24/2021/07/wd-product-bg-1.jpg</guid>
															<wp:post_id>894</wp:post_id>
					<wp:post_date><![CDATA[2021-07-19 11:25:37]]></wp:post_date>
					<wp:post_date_gmt><![CDATA[2021-07-19 11:25:37]]></wp:post_date_gmt>
					<wp:post_modified><![CDATA[2024-04-16 13:18:51]]></wp:post_modified>
					<wp:post_modified_gmt><![CDATA[2024-04-16 13:18:51]]></wp:post_modified_gmt>
					<wp:comment_status><![CDATA[open]]></wp:comment_status>
					<wp:post_name><![CDATA[wd-product-bg-1]]></wp:post_name>
					<wp:status><![CDATA[inherit]]></wp:status>
					<wp:post_parent>0</wp:post_parent>
					<wp:menu_order>0</wp:menu_order>
					<wp:post_type><![CDATA[attachment]]></wp:post_type>
											<wp:attachment_url><![CDATA[https://dummy.xtemos.com/woodmart2/gutenberg/wp-content/uploads/sites/24/2021/07/wd-product-bg-1.jpg]]></wp:attachment_url>
																					<wp:postmeta>
							<wp:meta_key><![CDATA[_wp_attached_file]]></wp:meta_key>
							<wp:meta_value><![CDATA[2021/07/wd-product-bg-1.jpg]]></wp:meta_value>
						</wp:postmeta>
										</item>
								<item>
					<title><![CDATA[wd-product-bg-columns-1]]></title>
					<link>https://dummy.xtemos.com/woodmart2/gutenberg/wd-product-bg-columns-1/</link>
					<pubDate>Mon, 19 Jul 2021 11:26:03 +0000</pubDate>
					<dc:creator><![CDATA[zakhar]]></dc:creator>
					<guid isPermaLink="false">http://dummy.xtemos.com/woodmart2/gutenberg/wp-content/uploads/sites/24/2021/07/wd-product-bg-columns-1.jpg</guid>
															<wp:post_id>895</wp:post_id>
					<wp:post_date><![CDATA[2021-07-19 11:26:03]]></wp:post_date>
					<wp:post_date_gmt><![CDATA[2021-07-19 11:26:03]]></wp:post_date_gmt>
					<wp:post_modified><![CDATA[2024-04-16 13:18:51]]></wp:post_modified>
					<wp:post_modified_gmt><![CDATA[2024-04-16 13:18:51]]></wp:post_modified_gmt>
					<wp:comment_status><![CDATA[open]]></wp:comment_status>
					<wp:post_name><![CDATA[wd-product-bg-columns-1]]></wp:post_name>
					<wp:status><![CDATA[inherit]]></wp:status>
					<wp:post_parent>0</wp:post_parent>
					<wp:menu_order>0</wp:menu_order>
					<wp:post_type><![CDATA[attachment]]></wp:post_type>
											<wp:attachment_url><![CDATA[https://dummy.xtemos.com/woodmart2/gutenberg/wp-content/uploads/sites/24/2021/07/wd-product-bg-columns-1.jpg]]></wp:attachment_url>
																					<wp:postmeta>
							<wp:meta_key><![CDATA[_wp_attached_file]]></wp:meta_key>
							<wp:meta_value><![CDATA[2021/07/wd-product-bg-columns-1.jpg]]></wp:meta_value>
						</wp:postmeta>
										</item>
								<item>
					<title><![CDATA[lamp-extra]]></title>
					<link>https://dummy.xtemos.com/woodmart2/gutenberg/lamp-extra/</link>
					<pubDate>Mon, 19 Jul 2021 11:26:18 +0000</pubDate>
					<dc:creator><![CDATA[zakhar]]></dc:creator>
					<guid isPermaLink="false">http://dummy.xtemos.com/woodmart2/gutenberg/wp-content/uploads/sites/24/2021/07/lamp-extra.jpg</guid>
															<wp:post_id>896</wp:post_id>
					<wp:post_date><![CDATA[2021-07-19 11:26:18]]></wp:post_date>
					<wp:post_date_gmt><![CDATA[2021-07-19 11:26:18]]></wp:post_date_gmt>
					<wp:post_modified><![CDATA[2024-04-16 13:18:51]]></wp:post_modified>
					<wp:post_modified_gmt><![CDATA[2024-04-16 13:18:51]]></wp:post_modified_gmt>
					<wp:comment_status><![CDATA[open]]></wp:comment_status>
					<wp:post_name><![CDATA[lamp-extra]]></wp:post_name>
					<wp:status><![CDATA[inherit]]></wp:status>
					<wp:post_parent>0</wp:post_parent>
					<wp:menu_order>0</wp:menu_order>
					<wp:post_type><![CDATA[attachment]]></wp:post_type>
											<wp:attachment_url><![CDATA[https://dummy.xtemos.com/woodmart2/gutenberg/wp-content/uploads/sites/24/2021/07/lamp-extra.jpg]]></wp:attachment_url>
																					<wp:postmeta>
							<wp:meta_key><![CDATA[_wp_attached_file]]></wp:meta_key>
							<wp:meta_value><![CDATA[2021/07/lamp-extra.jpg]]></wp:meta_value>
						</wp:postmeta>
										</item>
								<item>
					<title><![CDATA[wd-product-bg-columns-2]]></title>
					<link>https://dummy.xtemos.com/woodmart2/gutenberg/wd-product-bg-columns-2/</link>
					<pubDate>Mon, 19 Jul 2021 11:26:42 +0000</pubDate>
					<dc:creator><![CDATA[zakhar]]></dc:creator>
					<guid isPermaLink="false">http://dummy.xtemos.com/woodmart2/gutenberg/wp-content/uploads/sites/24/2021/07/wd-product-bg-columns-2.jpg</guid>
															<wp:post_id>897</wp:post_id>
					<wp:post_date><![CDATA[2021-07-19 11:26:42]]></wp:post_date>
					<wp:post_date_gmt><![CDATA[2021-07-19 11:26:42]]></wp:post_date_gmt>
					<wp:post_modified><![CDATA[2024-04-16 13:18:51]]></wp:post_modified>
					<wp:post_modified_gmt><![CDATA[2024-04-16 13:18:51]]></wp:post_modified_gmt>
					<wp:comment_status><![CDATA[open]]></wp:comment_status>
					<wp:post_name><![CDATA[wd-product-bg-columns-2]]></wp:post_name>
					<wp:status><![CDATA[inherit]]></wp:status>
					<wp:post_parent>0</wp:post_parent>
					<wp:menu_order>0</wp:menu_order>
					<wp:post_type><![CDATA[attachment]]></wp:post_type>
											<wp:attachment_url><![CDATA[https://dummy.xtemos.com/woodmart2/gutenberg/wp-content/uploads/sites/24/2021/07/wd-product-bg-columns-2.jpg]]></wp:attachment_url>
																					<wp:postmeta>
							<wp:meta_key><![CDATA[_wp_attached_file]]></wp:meta_key>
							<wp:meta_value><![CDATA[2021/07/wd-product-bg-columns-2.jpg]]></wp:meta_value>
						</wp:postmeta>
										</item>
								<item>
					<title><![CDATA[lamp-gall-1-sm-1]]></title>
					<link>https://dummy.xtemos.com/woodmart2/gutenberg/lamp-gall-1-sm-1-2/</link>
					<pubDate>Mon, 19 Jul 2021 11:27:02 +0000</pubDate>
					<dc:creator><![CDATA[zakhar]]></dc:creator>
					<guid isPermaLink="false">http://dummy.xtemos.com/woodmart2/gutenberg/wp-content/uploads/sites/24/2021/07/lamp-gall-1-sm-1-1.jpg</guid>
															<wp:post_id>898</wp:post_id>
					<wp:post_date><![CDATA[2021-07-19 11:27:02]]></wp:post_date>
					<wp:post_date_gmt><![CDATA[2021-07-19 11:27:02]]></wp:post_date_gmt>
					<wp:post_modified><![CDATA[2024-04-16 13:18:51]]></wp:post_modified>
					<wp:post_modified_gmt><![CDATA[2024-04-16 13:18:51]]></wp:post_modified_gmt>
					<wp:comment_status><![CDATA[open]]></wp:comment_status>
					<wp:post_name><![CDATA[lamp-gall-1-sm-1-2]]></wp:post_name>
					<wp:status><![CDATA[inherit]]></wp:status>
					<wp:post_parent>0</wp:post_parent>
					<wp:menu_order>0</wp:menu_order>
					<wp:post_type><![CDATA[attachment]]></wp:post_type>
											<wp:attachment_url><![CDATA[https://dummy.xtemos.com/woodmart2/gutenberg/wp-content/uploads/sites/24/2021/07/lamp-gall-1-sm-1-1.jpg]]></wp:attachment_url>
																					<wp:postmeta>
							<wp:meta_key><![CDATA[_wp_attached_file]]></wp:meta_key>
							<wp:meta_value><![CDATA[2021/07/lamp-gall-1-sm-1-1.jpg]]></wp:meta_value>
						</wp:postmeta>
										</item>
								<item>
					<title><![CDATA[lamp-gall-2-sm]]></title>
					<link>https://dummy.xtemos.com/woodmart2/gutenberg/lamp-gall-2-sm-2/</link>
					<pubDate>Mon, 19 Jul 2021 11:27:04 +0000</pubDate>
					<dc:creator><![CDATA[zakhar]]></dc:creator>
					<guid isPermaLink="false">http://dummy.xtemos.com/woodmart2/gutenberg/wp-content/uploads/sites/24/2021/07/lamp-gall-2-sm-1.jpg</guid>
															<wp:post_id>899</wp:post_id>
					<wp:post_date><![CDATA[2021-07-19 11:27:04]]></wp:post_date>
					<wp:post_date_gmt><![CDATA[2021-07-19 11:27:04]]></wp:post_date_gmt>
					<wp:post_modified><![CDATA[2024-04-16 13:18:51]]></wp:post_modified>
					<wp:post_modified_gmt><![CDATA[2024-04-16 13:18:51]]></wp:post_modified_gmt>
					<wp:comment_status><![CDATA[open]]></wp:comment_status>
					<wp:post_name><![CDATA[lamp-gall-2-sm-2]]></wp:post_name>
					<wp:status><![CDATA[inherit]]></wp:status>
					<wp:post_parent>0</wp:post_parent>
					<wp:menu_order>0</wp:menu_order>
					<wp:post_type><![CDATA[attachment]]></wp:post_type>
											<wp:attachment_url><![CDATA[https://dummy.xtemos.com/woodmart2/gutenberg/wp-content/uploads/sites/24/2021/07/lamp-gall-2-sm-1.jpg]]></wp:attachment_url>
																					<wp:postmeta>
							<wp:meta_key><![CDATA[_wp_attached_file]]></wp:meta_key>
							<wp:meta_value><![CDATA[2021/07/lamp-gall-2-sm-1.jpg]]></wp:meta_value>
						</wp:postmeta>
										</item>
								<item>
					<title><![CDATA[lamp-gall-3-sm]]></title>
					<link>https://dummy.xtemos.com/woodmart2/gutenberg/lamp-gall-3-sm-2/</link>
					<pubDate>Mon, 19 Jul 2021 11:27:05 +0000</pubDate>
					<dc:creator><![CDATA[zakhar]]></dc:creator>
					<guid isPermaLink="false">http://dummy.xtemos.com/woodmart2/gutenberg/wp-content/uploads/sites/24/2021/07/lamp-gall-3-sm-1.jpg</guid>
															<wp:post_id>900</wp:post_id>
					<wp:post_date><![CDATA[2021-07-19 11:27:05]]></wp:post_date>
					<wp:post_date_gmt><![CDATA[2021-07-19 11:27:05]]></wp:post_date_gmt>
					<wp:post_modified><![CDATA[2024-04-16 13:18:51]]></wp:post_modified>
					<wp:post_modified_gmt><![CDATA[2024-04-16 13:18:51]]></wp:post_modified_gmt>
					<wp:comment_status><![CDATA[open]]></wp:comment_status>
					<wp:post_name><![CDATA[lamp-gall-3-sm-2]]></wp:post_name>
					<wp:status><![CDATA[inherit]]></wp:status>
					<wp:post_parent>0</wp:post_parent>
					<wp:menu_order>0</wp:menu_order>
					<wp:post_type><![CDATA[attachment]]></wp:post_type>
											<wp:attachment_url><![CDATA[https://dummy.xtemos.com/woodmart2/gutenberg/wp-content/uploads/sites/24/2021/07/lamp-gall-3-sm-1.jpg]]></wp:attachment_url>
																					<wp:postmeta>
							<wp:meta_key><![CDATA[_wp_attached_file]]></wp:meta_key>
							<wp:meta_value><![CDATA[2021/07/lamp-gall-3-sm-1.jpg]]></wp:meta_value>
						</wp:postmeta>
										</item>
								<item>
					<title><![CDATA[lamp-gall-4-sm]]></title>
					<link>https://dummy.xtemos.com/woodmart2/gutenberg/lamp-gall-4-sm-2/</link>
					<pubDate>Mon, 19 Jul 2021 11:27:06 +0000</pubDate>
					<dc:creator><![CDATA[zakhar]]></dc:creator>
					<guid isPermaLink="false">http://dummy.xtemos.com/woodmart2/gutenberg/wp-content/uploads/sites/24/2021/07/lamp-gall-4-sm-1.jpg</guid>
															<wp:post_id>901</wp:post_id>
					<wp:post_date><![CDATA[2021-07-19 11:27:06]]></wp:post_date>
					<wp:post_date_gmt><![CDATA[2021-07-19 11:27:06]]></wp:post_date_gmt>
					<wp:post_modified><![CDATA[2024-04-16 13:18:51]]></wp:post_modified>
					<wp:post_modified_gmt><![CDATA[2024-04-16 13:18:51]]></wp:post_modified_gmt>
					<wp:comment_status><![CDATA[open]]></wp:comment_status>
					<wp:post_name><![CDATA[lamp-gall-4-sm-2]]></wp:post_name>
					<wp:status><![CDATA[inherit]]></wp:status>
					<wp:post_parent>0</wp:post_parent>
					<wp:menu_order>0</wp:menu_order>
					<wp:post_type><![CDATA[attachment]]></wp:post_type>
											<wp:attachment_url><![CDATA[https://dummy.xtemos.com/woodmart2/gutenberg/wp-content/uploads/sites/24/2021/07/lamp-gall-4-sm-1.jpg]]></wp:attachment_url>
																					<wp:postmeta>
							<wp:meta_key><![CDATA[_wp_attached_file]]></wp:meta_key>
							<wp:meta_value><![CDATA[2021/07/lamp-gall-4-sm-1.jpg]]></wp:meta_value>
						</wp:postmeta>
										</item>
								<item>
					<title><![CDATA[lamp-gall-5-sm]]></title>
					<link>https://dummy.xtemos.com/woodmart2/gutenberg/lamp-gall-5-sm-2/</link>
					<pubDate>Mon, 19 Jul 2021 11:27:08 +0000</pubDate>
					<dc:creator><![CDATA[zakhar]]></dc:creator>
					<guid isPermaLink="false">http://dummy.xtemos.com/woodmart2/gutenberg/wp-content/uploads/sites/24/2021/07/lamp-gall-5-sm-1.jpg</guid>
															<wp:post_id>902</wp:post_id>
					<wp:post_date><![CDATA[2021-07-19 11:27:08]]></wp:post_date>
					<wp:post_date_gmt><![CDATA[2021-07-19 11:27:08]]></wp:post_date_gmt>
					<wp:post_modified><![CDATA[2024-04-16 13:18:51]]></wp:post_modified>
					<wp:post_modified_gmt><![CDATA[2024-04-16 13:18:51]]></wp:post_modified_gmt>
					<wp:comment_status><![CDATA[open]]></wp:comment_status>
					<wp:post_name><![CDATA[lamp-gall-5-sm-2]]></wp:post_name>
					<wp:status><![CDATA[inherit]]></wp:status>
					<wp:post_parent>0</wp:post_parent>
					<wp:menu_order>0</wp:menu_order>
					<wp:post_type><![CDATA[attachment]]></wp:post_type>
											<wp:attachment_url><![CDATA[https://dummy.xtemos.com/woodmart2/gutenberg/wp-content/uploads/sites/24/2021/07/lamp-gall-5-sm-1.jpg]]></wp:attachment_url>
																					<wp:postmeta>
							<wp:meta_key><![CDATA[_wp_attached_file]]></wp:meta_key>
							<wp:meta_value><![CDATA[2021/07/lamp-gall-5-sm-1.jpg]]></wp:meta_value>
						</wp:postmeta>
										</item>
								<item>
					<title><![CDATA[lamp-gall-6-sm]]></title>
					<link>https://dummy.xtemos.com/woodmart2/gutenberg/lamp-gall-6-sm-2/</link>
					<pubDate>Mon, 19 Jul 2021 11:27:09 +0000</pubDate>
					<dc:creator><![CDATA[zakhar]]></dc:creator>
					<guid isPermaLink="false">http://dummy.xtemos.com/woodmart2/gutenberg/wp-content/uploads/sites/24/2021/07/lamp-gall-6-sm-1.jpg</guid>
															<wp:post_id>903</wp:post_id>
					<wp:post_date><![CDATA[2021-07-19 11:27:09]]></wp:post_date>
					<wp:post_date_gmt><![CDATA[2021-07-19 11:27:09]]></wp:post_date_gmt>
					<wp:post_modified><![CDATA[2024-04-16 13:18:51]]></wp:post_modified>
					<wp:post_modified_gmt><![CDATA[2024-04-16 13:18:51]]></wp:post_modified_gmt>
					<wp:comment_status><![CDATA[open]]></wp:comment_status>
					<wp:post_name><![CDATA[lamp-gall-6-sm-2]]></wp:post_name>
					<wp:status><![CDATA[inherit]]></wp:status>
					<wp:post_parent>0</wp:post_parent>
					<wp:menu_order>0</wp:menu_order>
					<wp:post_type><![CDATA[attachment]]></wp:post_type>
											<wp:attachment_url><![CDATA[https://dummy.xtemos.com/woodmart2/gutenberg/wp-content/uploads/sites/24/2021/07/lamp-gall-6-sm-1.jpg]]></wp:attachment_url>
																					<wp:postmeta>
							<wp:meta_key><![CDATA[_wp_attached_file]]></wp:meta_key>
							<wp:meta_value><![CDATA[2021/07/lamp-gall-6-sm-1.jpg]]></wp:meta_value>
						</wp:postmeta>
										</item>
								<item>
					<title><![CDATA[lamp-gall-7-sm]]></title>
					<link>https://dummy.xtemos.com/woodmart2/gutenberg/lamp-gall-7-sm-2/</link>
					<pubDate>Mon, 19 Jul 2021 11:27:11 +0000</pubDate>
					<dc:creator><![CDATA[zakhar]]></dc:creator>
					<guid isPermaLink="false">http://dummy.xtemos.com/woodmart2/gutenberg/wp-content/uploads/sites/24/2021/07/lamp-gall-7-sm-1.jpg</guid>
															<wp:post_id>904</wp:post_id>
					<wp:post_date><![CDATA[2021-07-19 11:27:11]]></wp:post_date>
					<wp:post_date_gmt><![CDATA[2021-07-19 11:27:11]]></wp:post_date_gmt>
					<wp:post_modified><![CDATA[2024-04-16 13:18:51]]></wp:post_modified>
					<wp:post_modified_gmt><![CDATA[2024-04-16 13:18:51]]></wp:post_modified_gmt>
					<wp:comment_status><![CDATA[open]]></wp:comment_status>
					<wp:post_name><![CDATA[lamp-gall-7-sm-2]]></wp:post_name>
					<wp:status><![CDATA[inherit]]></wp:status>
					<wp:post_parent>0</wp:post_parent>
					<wp:menu_order>0</wp:menu_order>
					<wp:post_type><![CDATA[attachment]]></wp:post_type>
											<wp:attachment_url><![CDATA[https://dummy.xtemos.com/woodmart2/gutenberg/wp-content/uploads/sites/24/2021/07/lamp-gall-7-sm-1.jpg]]></wp:attachment_url>
																					<wp:postmeta>
							<wp:meta_key><![CDATA[_wp_attached_file]]></wp:meta_key>
							<wp:meta_value><![CDATA[2021/07/lamp-gall-7-sm-1.jpg]]></wp:meta_value>
						</wp:postmeta>
										</item>
								<item>
					<title><![CDATA[lamp-gall-8-sm]]></title>
					<link>https://dummy.xtemos.com/woodmart2/gutenberg/lamp-gall-8-sm-2/</link>
					<pubDate>Mon, 19 Jul 2021 11:27:12 +0000</pubDate>
					<dc:creator><![CDATA[zakhar]]></dc:creator>
					<guid isPermaLink="false">http://dummy.xtemos.com/woodmart2/gutenberg/wp-content/uploads/sites/24/2021/07/lamp-gall-8-sm-1.jpg</guid>
															<wp:post_id>905</wp:post_id>
					<wp:post_date><![CDATA[2021-07-19 11:27:12]]></wp:post_date>
					<wp:post_date_gmt><![CDATA[2021-07-19 11:27:12]]></wp:post_date_gmt>
					<wp:post_modified><![CDATA[2024-04-16 13:18:51]]></wp:post_modified>
					<wp:post_modified_gmt><![CDATA[2024-04-16 13:18:51]]></wp:post_modified_gmt>
					<wp:comment_status><![CDATA[open]]></wp:comment_status>
					<wp:post_name><![CDATA[lamp-gall-8-sm-2]]></wp:post_name>
					<wp:status><![CDATA[inherit]]></wp:status>
					<wp:post_parent>0</wp:post_parent>
					<wp:menu_order>0</wp:menu_order>
					<wp:post_type><![CDATA[attachment]]></wp:post_type>
											<wp:attachment_url><![CDATA[https://dummy.xtemos.com/woodmart2/gutenberg/wp-content/uploads/sites/24/2021/07/lamp-gall-8-sm-1.jpg]]></wp:attachment_url>
																					<wp:postmeta>
							<wp:meta_key><![CDATA[_wp_attached_file]]></wp:meta_key>
							<wp:meta_value><![CDATA[2021/07/lamp-gall-8-sm-1.jpg]]></wp:meta_value>
						</wp:postmeta>
										</item>
								<item>
					<title><![CDATA[wd-product-bg-2]]></title>
					<link>https://dummy.xtemos.com/woodmart2/gutenberg/wd-product-bg-2/</link>
					<pubDate>Mon, 19 Jul 2021 11:27:32 +0000</pubDate>
					<dc:creator><![CDATA[zakhar]]></dc:creator>
					<guid isPermaLink="false">http://dummy.xtemos.com/woodmart2/gutenberg/wp-content/uploads/sites/24/2021/07/wd-product-bg-2.jpg</guid>
															<wp:post_id>906</wp:post_id>
					<wp:post_date><![CDATA[2021-07-19 11:27:32]]></wp:post_date>
					<wp:post_date_gmt><![CDATA[2021-07-19 11:27:32]]></wp:post_date_gmt>
					<wp:post_modified><![CDATA[2024-04-16 13:18:51]]></wp:post_modified>
					<wp:post_modified_gmt><![CDATA[2024-04-16 13:18:51]]></wp:post_modified_gmt>
					<wp:comment_status><![CDATA[open]]></wp:comment_status>
					<wp:post_name><![CDATA[wd-product-bg-2]]></wp:post_name>
					<wp:status><![CDATA[inherit]]></wp:status>
					<wp:post_parent>0</wp:post_parent>
					<wp:menu_order>0</wp:menu_order>
					<wp:post_type><![CDATA[attachment]]></wp:post_type>
											<wp:attachment_url><![CDATA[https://dummy.xtemos.com/woodmart2/gutenberg/wp-content/uploads/sites/24/2021/07/wd-product-bg-2.jpg]]></wp:attachment_url>
																					<wp:postmeta>
							<wp:meta_key><![CDATA[_wp_attached_file]]></wp:meta_key>
							<wp:meta_value><![CDATA[2021/07/wd-product-bg-2.jpg]]></wp:meta_value>
						</wp:postmeta>
										</item>
								<item>
					<title><![CDATA[wd-product-video]]></title>
					<link>https://dummy.xtemos.com/woodmart2/gutenberg/wd-product-video/</link>
					<pubDate>Mon, 19 Jul 2021 11:27:46 +0000</pubDate>
					<dc:creator><![CDATA[zakhar]]></dc:creator>
					<guid isPermaLink="false">http://dummy.xtemos.com/woodmart2/gutenberg/wp-content/uploads/sites/24/2021/07/wd-product-video.jpg</guid>
															<wp:post_id>907</wp:post_id>
					<wp:post_date><![CDATA[2021-07-19 11:27:46]]></wp:post_date>
					<wp:post_date_gmt><![CDATA[2021-07-19 11:27:46]]></wp:post_date_gmt>
					<wp:post_modified><![CDATA[2024-04-16 13:18:51]]></wp:post_modified>
					<wp:post_modified_gmt><![CDATA[2024-04-16 13:18:51]]></wp:post_modified_gmt>
					<wp:comment_status><![CDATA[open]]></wp:comment_status>
					<wp:post_name><![CDATA[wd-product-video]]></wp:post_name>
					<wp:status><![CDATA[inherit]]></wp:status>
					<wp:post_parent>0</wp:post_parent>
					<wp:menu_order>0</wp:menu_order>
					<wp:post_type><![CDATA[attachment]]></wp:post_type>
											<wp:attachment_url><![CDATA[https://dummy.xtemos.com/woodmart2/gutenberg/wp-content/uploads/sites/24/2021/07/wd-product-video.jpg]]></wp:attachment_url>
																					<wp:postmeta>
							<wp:meta_key><![CDATA[_wp_attached_file]]></wp:meta_key>
							<wp:meta_value><![CDATA[2021/07/wd-product-video.jpg]]></wp:meta_value>
						</wp:postmeta>
										</item>
								<item>
					<title><![CDATA[post-3-gallery-1-min]]></title>
					<link>https://dummy.xtemos.com/woodmart2/gutenberg/post-3-gallery-1-min/</link>
					<pubDate>Mon, 19 Jul 2021 09:48:10 +0000</pubDate>
					<dc:creator><![CDATA[zakhar]]></dc:creator>
					<guid isPermaLink="false">http://dummy.xtemos.com/woodmart2/gutenberg/wp-content/uploads/sites/24/2017/06/post-3-gallery-1-min.jpg</guid>
															<wp:post_id>829</wp:post_id>
					<wp:post_date><![CDATA[2021-07-19 09:48:10]]></wp:post_date>
					<wp:post_date_gmt><![CDATA[2021-07-19 09:48:10]]></wp:post_date_gmt>
					<wp:post_modified><![CDATA[2024-04-16 13:18:51]]></wp:post_modified>
					<wp:post_modified_gmt><![CDATA[2024-04-16 13:18:51]]></wp:post_modified_gmt>
					<wp:comment_status><![CDATA[open]]></wp:comment_status>
					<wp:post_name><![CDATA[post-3-gallery-1-min]]></wp:post_name>
					<wp:status><![CDATA[inherit]]></wp:status>
					<wp:post_parent>0</wp:post_parent>
					<wp:menu_order>0</wp:menu_order>
					<wp:post_type><![CDATA[attachment]]></wp:post_type>
											<wp:attachment_url><![CDATA[https://dummy.xtemos.com/woodmart2/gutenberg/wp-content/uploads/sites/24/2017/06/post-3-gallery-1-min.jpg]]></wp:attachment_url>
																					<wp:postmeta>
							<wp:meta_key><![CDATA[_wp_attached_file]]></wp:meta_key>
							<wp:meta_value><![CDATA[2017/06/post-3-gallery-1-min.jpg]]></wp:meta_value>
						</wp:postmeta>
										</item>
								<item>
					<title><![CDATA[lounge-chair-gallery-1]]></title>
					<link>https://dummy.xtemos.com/woodmart2/gutenberg/lounge-chair-gallery-1/</link>
					<pubDate>Mon, 19 Jul 2021 11:31:35 +0000</pubDate>
					<dc:creator><![CDATA[zakhar]]></dc:creator>
					<guid isPermaLink="false">http://dummy.xtemos.com/woodmart2/gutenberg/wp-content/uploads/sites/24/2017/06/lounge-chair-gallery-1.jpg</guid>
															<wp:post_id>917</wp:post_id>
					<wp:post_date><![CDATA[2021-07-19 11:31:35]]></wp:post_date>
					<wp:post_date_gmt><![CDATA[2021-07-19 11:31:35]]></wp:post_date_gmt>
					<wp:post_modified><![CDATA[2024-04-16 13:18:51]]></wp:post_modified>
					<wp:post_modified_gmt><![CDATA[2024-04-16 13:18:51]]></wp:post_modified_gmt>
					<wp:comment_status><![CDATA[open]]></wp:comment_status>
					<wp:post_name><![CDATA[lounge-chair-gallery-1]]></wp:post_name>
					<wp:status><![CDATA[inherit]]></wp:status>
					<wp:post_parent>0</wp:post_parent>
					<wp:menu_order>0</wp:menu_order>
					<wp:post_type><![CDATA[attachment]]></wp:post_type>
											<wp:attachment_url><![CDATA[https://dummy.xtemos.com/woodmart2/gutenberg/wp-content/uploads/sites/24/2017/06/lounge-chair-gallery-1.jpg]]></wp:attachment_url>
																					<wp:postmeta>
							<wp:meta_key><![CDATA[_wp_attached_file]]></wp:meta_key>
							<wp:meta_value><![CDATA[2017/06/lounge-chair-gallery-1.jpg]]></wp:meta_value>
						</wp:postmeta>
										</item>
								<item>
					<title><![CDATA[wd-ship-1]]></title>
					<link>https://dummy.xtemos.com/woodmart2/gutenberg/wd-ship-1/</link>
					<pubDate>Mon, 19 Jul 2021 11:34:54 +0000</pubDate>
					<dc:creator><![CDATA[zakhar]]></dc:creator>
					<guid isPermaLink="false">http://dummy.xtemos.com/woodmart2/gutenberg/wp-content/uploads/sites/24/2021/07/wd-ship-1.jpg</guid>
															<wp:post_id>934</wp:post_id>
					<wp:post_date><![CDATA[2021-07-19 11:34:54]]></wp:post_date>
					<wp:post_date_gmt><![CDATA[2021-07-19 11:34:54]]></wp:post_date_gmt>
					<wp:post_modified><![CDATA[2024-04-16 13:18:51]]></wp:post_modified>
					<wp:post_modified_gmt><![CDATA[2024-04-16 13:18:51]]></wp:post_modified_gmt>
					<wp:comment_status><![CDATA[open]]></wp:comment_status>
					<wp:post_name><![CDATA[wd-ship-1]]></wp:post_name>
					<wp:status><![CDATA[inherit]]></wp:status>
					<wp:post_parent>0</wp:post_parent>
					<wp:menu_order>0</wp:menu_order>
					<wp:post_type><![CDATA[attachment]]></wp:post_type>
											<wp:attachment_url><![CDATA[https://dummy.xtemos.com/woodmart2/gutenberg/wp-content/uploads/sites/24/2021/07/wd-ship-1.jpg]]></wp:attachment_url>
																					<wp:postmeta>
							<wp:meta_key><![CDATA[_wp_attached_file]]></wp:meta_key>
							<wp:meta_value><![CDATA[2021/07/wd-ship-1.jpg]]></wp:meta_value>
						</wp:postmeta>
										</item>
								<item>
					<title><![CDATA[wd-ship-2]]></title>
					<link>https://dummy.xtemos.com/woodmart2/gutenberg/wd-ship-2/</link>
					<pubDate>Mon, 19 Jul 2021 11:34:55 +0000</pubDate>
					<dc:creator><![CDATA[zakhar]]></dc:creator>
					<guid isPermaLink="false">http://dummy.xtemos.com/woodmart2/gutenberg/wp-content/uploads/sites/24/2021/07/wd-ship-2.jpg</guid>
															<wp:post_id>935</wp:post_id>
					<wp:post_date><![CDATA[2021-07-19 11:34:55]]></wp:post_date>
					<wp:post_date_gmt><![CDATA[2021-07-19 11:34:55]]></wp:post_date_gmt>
					<wp:post_modified><![CDATA[2024-04-16 13:18:51]]></wp:post_modified>
					<wp:post_modified_gmt><![CDATA[2024-04-16 13:18:51]]></wp:post_modified_gmt>
					<wp:comment_status><![CDATA[open]]></wp:comment_status>
					<wp:post_name><![CDATA[wd-ship-2]]></wp:post_name>
					<wp:status><![CDATA[inherit]]></wp:status>
					<wp:post_parent>0</wp:post_parent>
					<wp:menu_order>0</wp:menu_order>
					<wp:post_type><![CDATA[attachment]]></wp:post_type>
											<wp:attachment_url><![CDATA[https://dummy.xtemos.com/woodmart2/gutenberg/wp-content/uploads/sites/24/2021/07/wd-ship-2.jpg]]></wp:attachment_url>
																					<wp:postmeta>
							<wp:meta_key><![CDATA[_wp_attached_file]]></wp:meta_key>
							<wp:meta_value><![CDATA[2021/07/wd-ship-2.jpg]]></wp:meta_value>
						</wp:postmeta>
										</item>
								<item>
					<title><![CDATA[decoration-wooden-3-opt]]></title>
					<link>https://dummy.xtemos.com/woodmart2/gutenberg/decoration-wooden-3-opt/</link>
					<pubDate>Mon, 19 Jul 2021 12:00:46 +0000</pubDate>
					<dc:creator><![CDATA[zakhar]]></dc:creator>
					<guid isPermaLink="false">http://dummy.xtemos.com/woodmart2/gutenberg/wp-content/uploads/sites/24/2017/06/decoration-wooden-3-opt.jpg</guid>
															<wp:post_id>940</wp:post_id>
					<wp:post_date><![CDATA[2021-07-19 12:00:46]]></wp:post_date>
					<wp:post_date_gmt><![CDATA[2021-07-19 12:00:46]]></wp:post_date_gmt>
					<wp:post_modified><![CDATA[2024-04-16 13:18:51]]></wp:post_modified>
					<wp:post_modified_gmt><![CDATA[2024-04-16 13:18:51]]></wp:post_modified_gmt>
					<wp:comment_status><![CDATA[open]]></wp:comment_status>
					<wp:post_name><![CDATA[decoration-wooden-3-opt]]></wp:post_name>
					<wp:status><![CDATA[inherit]]></wp:status>
					<wp:post_parent>0</wp:post_parent>
					<wp:menu_order>0</wp:menu_order>
					<wp:post_type><![CDATA[attachment]]></wp:post_type>
											<wp:attachment_url><![CDATA[https://dummy.xtemos.com/woodmart2/gutenberg/wp-content/uploads/sites/24/2017/06/decoration-wooden-3-opt.jpg]]></wp:attachment_url>
																					<wp:postmeta>
							<wp:meta_key><![CDATA[_wp_attached_file]]></wp:meta_key>
							<wp:meta_value><![CDATA[2017/06/decoration-wooden-3-opt.jpg]]></wp:meta_value>
						</wp:postmeta>
										</item>
								<item>
					<title><![CDATA[decoration-wooden-2-opt]]></title>
					<link>https://dummy.xtemos.com/woodmart2/gutenberg/decoration-wooden-2-opt/</link>
					<pubDate>Mon, 19 Jul 2021 12:03:42 +0000</pubDate>
					<dc:creator><![CDATA[zakhar]]></dc:creator>
					<guid isPermaLink="false">http://dummy.xtemos.com/woodmart2/gutenberg/wp-content/uploads/sites/24/2017/06/decoration-wooden-2-opt.jpg</guid>
															<wp:post_id>949</wp:post_id>
					<wp:post_date><![CDATA[2021-07-19 12:03:42]]></wp:post_date>
					<wp:post_date_gmt><![CDATA[2021-07-19 12:03:42]]></wp:post_date_gmt>
					<wp:post_modified><![CDATA[2024-04-16 13:18:51]]></wp:post_modified>
					<wp:post_modified_gmt><![CDATA[2024-04-16 13:18:51]]></wp:post_modified_gmt>
					<wp:comment_status><![CDATA[open]]></wp:comment_status>
					<wp:post_name><![CDATA[decoration-wooden-2-opt]]></wp:post_name>
					<wp:status><![CDATA[inherit]]></wp:status>
					<wp:post_parent>0</wp:post_parent>
					<wp:menu_order>0</wp:menu_order>
					<wp:post_type><![CDATA[attachment]]></wp:post_type>
											<wp:attachment_url><![CDATA[https://dummy.xtemos.com/woodmart2/gutenberg/wp-content/uploads/sites/24/2017/06/decoration-wooden-2-opt.jpg]]></wp:attachment_url>
																					<wp:postmeta>
							<wp:meta_key><![CDATA[_wp_attached_file]]></wp:meta_key>
							<wp:meta_value><![CDATA[2017/06/decoration-wooden-2-opt.jpg]]></wp:meta_value>
						</wp:postmeta>
										</item>
				</channel>
</rss>
	