<?xml version="1.0" encoding="UTF-8" ?>
	<!-- This is a WordPress eXtended RSS file generated by WordPress as an export of your site. -->
	<!-- It contains information about your site's posts, pages, comments, categories, and other content. -->
	<!-- You may use this file to transfer that content from one site to another. -->
	<!-- This file is not intended to serve as a complete backup of your site. -->

	<!-- To import this information into a WordPress site follow these steps: -->
	<!-- 1. Log in to that site as an administrator. -->
	<!-- 2. Go to Tools: Import in the WordPress admin panel. -->
	<!-- 3. Install the "WordPress" importer from the list. -->
	<!-- 4. Activate & Run Importer. -->
	<!-- 5. Upload this file using the form provided on that page. -->
	<!-- 6. You will first be asked to map the authors in this export file to users -->
	<!--    on the site. For each author, you may choose to map to an -->
	<!--    existing user on the site or to create a new user. -->
	<!-- 7. WordPress will then import each of the posts, pages, comments, categories, etc. -->
	<!--    contained in this file into your site. -->

	<!-- generator="WordPress/6.5.5" created="2024-10-25 08:17" -->
<rss version="2.0"
	xmlns:excerpt="http://wordpress.org/export/1.2/excerpt/"
	xmlns:content="http://purl.org/rss/1.0/modules/content/"
	xmlns:wfw="http://wellformedweb.org/CommentAPI/"
	xmlns:dc="http://purl.org/dc/elements/1.1/"
	xmlns:wp="http://wordpress.org/export/1.2/"
>

<channel>
	<title>Gutenberg base</title>
	<link>https://dummy.xtemos.com/woodmart2/gutenberg</link>
	<description></description>
	<pubDate>Fri, 25 Oct 2024 08:17:53 +0000</pubDate>
	<language>en-US</language>
	<wp:wxr_version>1.2</wp:wxr_version>
	<wp:base_site_url>https://dummy.xtemos.com/woodmart2/</wp:base_site_url>
	<wp:base_blog_url>https://dummy.xtemos.com/woodmart2/gutenberg</wp:base_blog_url>

		<wp:author><wp:author_id>2</wp:author_id><wp:author_login><![CDATA[zakhar]]></wp:author_login><wp:author_email><![CDATA[zak@asda.as]]></wp:author_email><wp:author_display_name><![CDATA[Mr. Mackay]]></wp:author_display_name><wp:author_first_name><![CDATA[sds]]></wp:author_first_name><wp:author_last_name><![CDATA[scssc]]></wp:author_last_name></wp:author>

					<wp:term>
			<wp:term_id>0</wp:term_id>
			<wp:term_taxonomy><![CDATA[]]></wp:term_taxonomy>
			<wp:term_slug><![CDATA[]]></wp:term_slug>
			<wp:term_parent><![CDATA[]]></wp:term_parent>
					</wp:term>
		
	<generator>https://wordpress.org/?v=6.5.5</generator>

					<item>
					<title><![CDATA[About us]]></title>
					<link>https://dummy.xtemos.com/woodmart2/gutenberg/about-us-3/</link>
					<pubDate>Wed, 25 Aug 2021 07:26:28 +0000</pubDate>
					<dc:creator><![CDATA[zakhar]]></dc:creator>
					<guid isPermaLink="false">http://dummy.xtemos.com/woodmart2/?page_id=5212</guid>
											<content:encoded><![CDATA[<!-- wp:wd/section {"blockId":"71e73bf2-bd7d-43cf-8772-2562b537e8a1","bgColorCode":"rgba(0,0,0,0.04)","paddingTop":"80","paddingBottom":"80","marginTop":"-40","marginBottom":"80","paddingTopTablet":"60","paddingTopMobile":"40","paddingBottomTablet":"60","paddingBottomMobile":"40","marginRightMobile":"0","marginBottomTablet":"60","marginBottomMobile":"40","marginLeftMobile":"0"} -->
<div id="wd-71e73bf2" class="wp-block-wd-section"><!-- wp:wd/row {"blockId":"5ca05047-686c-4ef5-90e1-e38d5e143644","columnsGapTablet":40} -->
<div id="wd-5ca05047" class="wp-block-wd-row"><!-- wp:wd/column {"blockId":"a6d29b62-a3c0-45cb-9ad2-4b25f19c33d7","adjacentCount":3,"colWidth":40,"blocksGap":10,"adjacentCountTablet":1,"colWidthTablet":100} -->
<div id="wd-a6d29b62" class="wp-block-wd-column"><!-- wp:wd/paragraph {"blockId":"9a74c592-61a4-40ad-9b1b-e28052104e49","colorVariable":"\u002d\u002dwd-primary-color","tpFontVariant":"600","tpFontWeight":"600"} -->
<p id="wd-9a74c592" class="wp-block-wd-paragraph">SOME WORDS ABOUT US</p>
<!-- /wp:wd/paragraph -->

<!-- wp:wd/title {"blockId":"84a29a4b-8d96-44a9-88bd-26eb24e8afd6","content":"Well-coordinated teamwork speaks About Us","tpFontSize":"36","displayWidth":"custom","customWidth":"370","tpFontSizeTablet":"22","tpFontSizeMobile":"20","displayWidthTablet":"custom","customWidthTablet":"100","customWidthUnitsTablet":"%"} -->
<h2 id="wd-84a29a4b" class="wp-block-wd-title title wd-custom-width">Well-coordinated teamwork speaks About Us</h2>
<!-- /wp:wd/title --></div>
<!-- /wp:wd/column -->

<!-- wp:wd/column {"blockId":"b38a92d6-5bab-4dea-9f2d-c5445aac596d","adjacentCount":3,"colWidth":30,"blocksGap":15,"justifyContent":"center","adjacentCountTablet":2,"colWidthTablet":50} -->
<div id="wd-b38a92d6" class="wp-block-wd-column"><!-- wp:wd/title {"blockId":"1dff8114-8f1c-434b-8a8a-02434f58a1e5","content":"We love what we do","tpFontSize":"18"} -->
<h2 id="wd-1dff8114" class="wp-block-wd-title title">We love what we do</h2>
<!-- /wp:wd/title -->

<!-- wp:wd/paragraph {"blockId":"a818c622-766b-4cd5-85f5-277d860b4913","displayWidth":"custom","customWidth":"275","displayWidthTablet":"full-width"} -->
<p id="wd-a818c622" class="wp-block-wd-paragraph wd-custom-width">A small river named Duden flows by their place and supplies it with the necessary regelialia.</p>
<!-- /wp:wd/paragraph -->

<!-- wp:wd/button {"blockId":"66d416c4-114e-44c9-9915-527f1d870613","design":"link","predefinedColor":"primary","size":"small"} -->
<a id="wd-66d416c4" class="wp-block-wd-button btn btn-style-link btn-color-primary btn-size-small" href="#"><span>Read more</span></a>
<!-- /wp:wd/button --></div>
<!-- /wp:wd/column -->

<!-- wp:wd/column {"blockId":"80fc735b-5dc3-4ef9-b140-814c7b1a83e4","adjacentCount":3,"colWidth":30.000000000000007,"blocksGap":15,"justifyContent":"center","adjacentCountTablet":2,"colWidthTablet":50} -->
<div id="wd-80fc735b" class="wp-block-wd-column"><!-- wp:wd/title {"blockId":"5c96156f-8bdf-4594-90ee-5d4b90703d70","content":"Our working process","tpFontSize":"18"} -->
<h2 id="wd-5c96156f" class="wp-block-wd-title title">Our working process</h2>
<!-- /wp:wd/title -->

<!-- wp:wd/paragraph {"blockId":"87ae095c-3f35-4248-8306-d6982b6211e9","displayWidth":"custom","customWidth":"275","displayWidthTablet":"full-width"} -->
<p id="wd-87ae095c" class="wp-block-wd-paragraph wd-custom-width">She packed her seven versalia, put her initial into the belt and made herself on the way.</p>
<!-- /wp:wd/paragraph -->

<!-- wp:wd/button {"blockId":"f1fc4ed3-2561-45de-8c07-1a1093549a26","design":"link","predefinedColor":"primary","size":"small"} -->
<a id="wd-f1fc4ed3" class="wp-block-wd-button btn btn-style-link btn-color-primary btn-size-small" href="#"><span>Read more</span></a>
<!-- /wp:wd/button --></div>
<!-- /wp:wd/column --></div>
<!-- /wp:wd/row --></div>
<!-- /wp:wd/section -->

<!-- wp:wd/row {"blockId":"31bcbef8-d908-4f23-80e6-5d68ea6c4bf3","columnsGap":110,"marginBottom":"80","columnsGapTablet":40,"marginBottomTablet":"60","marginBottomMobile":"40"} -->
<div id="wd-31bcbef8" class="wp-block-wd-row"><!-- wp:wd/column {"blockId":"c60b3da1-c0fc-4288-9812-082cd69bd31c","adjacentCount":2,"adjacentCountTablet":1,"colWidthTablet":100} -->
<div id="wd-c60b3da1" class="wp-block-wd-column"><!-- wp:wd/image {"blockId":"15d0e170-c745-4b11-8c03-2d6f8c711d07","image":{"id":5215,"url":"http://dummy.xtemos.com/woodmart2/gutenberg/wp-content/uploads/sites/24/2021/08/about-us-3-image-1.jpg","sizes":{"full":{"url":"http://dummy.xtemos.com/woodmart2/gutenberg/wp-content/uploads/sites/24/2021/08/about-us-3-image-1.jpg","height":580,"width":580,"orientation":"landscape"}}}} -->
<div id="wd-15d0e170" class="wp-block-wd-image wd-block-image"><img class="wp-image-5215" src="http://dummy.xtemos.com/woodmart2/gutenberg/wp-content/uploads/sites/24/2021/08/about-us-3-image-1.jpg" /></div>
<!-- /wp:wd/image --></div>
<!-- /wp:wd/column -->

<!-- wp:wd/column {"blockId":"8a8a9800-a3c2-4857-ba5b-94af0b446b79","adjacentCount":2,"justifyContent":"center","adjacentCountTablet":1,"colWidthTablet":100} -->
<div id="wd-8a8a9800" class="wp-block-wd-column"><!-- wp:wd/paragraph {"blockId":"9b2e7492-e86b-44d1-9541-fbc29c334227","colorVariable":"\u002d\u002dwd-primary-color","tpFontVariant":"600","tpFontWeight":"600"} -->
<p id="wd-9b2e7492" class="wp-block-wd-paragraph">SEEMINGLY ELEGANT DESIGN</p>
<!-- /wp:wd/paragraph -->

<!-- wp:wd/title {"blockId":"7e205a3c-0d92-4c85-b0f8-23c3f4652723","content":"About our online store","tpFontSize":"36","tpFontSizeTablet":"22","tpFontSizeMobile":"20"} -->
<h2 id="wd-7e205a3c" class="wp-block-wd-title title">About our online store</h2>
<!-- /wp:wd/title -->

<!-- wp:wd/paragraph {"blockId":"0a8048cf-a020-441f-96a1-fd9e5ccb4070","colorCode":"rgba(0,0,0,0.3)"} -->
<p id="wd-0a8048cf" class="wp-block-wd-paragraph"><em>Risus suspendisse a orci penatibus a felis suscipit consectetur vestibulum sodales dui cum ultricies lacus interdum.</em></p>
<!-- /wp:wd/paragraph -->

<!-- wp:wd/paragraph {"blockId":"543f6644-2d44-4c4d-84e8-a7b9306c6828"} -->
<p id="wd-543f6644" class="wp-block-wd-paragraph">One morning, when Gregor Samsa woke from troubled dreams, he found himself transformed in his bed into a horrible vermin. He lay on his armour-like back, and if he lifted his head a little he could see his brown belly, slightly domed and divided by arches into stiff.</p>
<!-- /wp:wd/paragraph -->

<!-- wp:wd/paragraph {"blockId":"3a82ea14-d185-427a-9dd0-e71f28f690b9"} -->
<p id="wd-3a82ea14" class="wp-block-wd-paragraph">Dictumst per ante cras suscipit nascetur ullamcorper in nullam fermentum condimentum torquent iaculis reden posuere potenti viverra condimentum dictumst id tellus suspendisse convallis condimentum.</p>
<!-- /wp:wd/paragraph -->

<!-- wp:wd/divider {"blockId":"511e1e1f-f522-4e90-8f61-e049f7ea3536"} -->
<div id="wd-511e1e1f" class="wp-block-wd-divider wd-style-line"></div>
<!-- /wp:wd/divider -->

<!-- wp:wd/container {"blockId":"67b59ae8-76ca-4a23-a531-9f18f8d2b351","direction":"row","justify":"space-between","align":"center","wrap":"wrap"} -->
<div id="wd-67b59ae8" class="wp-block-wd-container wd-dir-row wd-align-is-lg-center"><!-- wp:wd/paragraph {"blockId":"58fb9bf1-8780-4c48-bec3-bf5cb588382a","markColorCode":"#cd1d1d"} -->
<p id="wd-58fb9bf1" class="wp-block-wd-paragraph"><em><strong><a href="http://xtemos.com/">Developed by </a> <a href="https://dummy.xtemos.com/woodmart2/gutenberg/about-us-3/#"><span class="wd-highlight">X</span>temos Studio @ 2024</a></strong></em></p>
<!-- /wp:wd/paragraph -->

<!-- wp:wd/social-buttons {"blockId":"f71eaa25-f79a-41fa-9e94-0f895ad1e693","title":false,"layout":"justify","style":"colored-alt","size":"small","displayWidth":""} /--></div>
<!-- /wp:wd/container --></div>
<!-- /wp:wd/column --></div>
<!-- /wp:wd/row -->

<!-- wp:wd/paragraph {"blockId":"49ca8ad7-12b5-4507-99f6-350a03514325","textAlign":"center","colorVariable":"\u002d\u002dwd-primary-color","tpFontVariant":"600","tpFontWeight":"600","marginBottom":"10"} -->
<p id="wd-49ca8ad7" class="wp-block-wd-paragraph wd-align">WORDS ABOUT US</p>
<!-- /wp:wd/paragraph -->

<!-- wp:wd/title {"blockId":"679835ad-7a86-4ba6-b60b-e9a89cda4368","textAlign":"center","content":"Our Team","tpFontSize":"36","marginBottom":"10","tpFontSizeTablet":"22","tpFontSizeMobile":"20"} -->
<h2 id="wd-679835ad" class="wp-block-wd-title title wd-align">Our Team</h2>
<!-- /wp:wd/title -->

<!-- wp:wd/paragraph {"blockId":"81731b7c-6a7b-4da7-9e4f-97c728060166","textAlign":"center"} -->
<p id="wd-81731b7c" class="wp-block-wd-paragraph wd-align">Convallis ullamcorper aliquet ultrices orci cum vestibulum lobortis erat.</p>
<!-- /wp:wd/paragraph -->

<!-- wp:wd/row {"blockId":"bf53f4c8-a3b6-4708-b634-42d85112c2ad","marginBottom":"80","marginBottomTablet":"60","marginBottomMobile":"40"} -->
<div id="wd-bf53f4c8" class="wp-block-wd-row"><!-- wp:wd/column {"blockId":"33d4796e-ecb9-442a-aad3-d4a2c0a79447","adjacentCount":4,"adjacentCountTablet":2,"colWidthTablet":50} -->
<div id="wd-33d4796e" class="wp-block-wd-column"><!-- wp:wd/team-member {"blockId":"a9f8674d-87d8-4948-b5a3-1829b87b50cd","alignment":"center","design":"1"} -->
<div id="wd-a9f8674d" class="wp-block-wd-team-member wd-align wd-design-1"><!-- wp:wd/image {"blockId":"f3626117-3f55-40c2-9ea6-3c3a5e80acd0","image":{"id":5216,"url":"http://dummy.xtemos.com/woodmart2/gutenberg/wp-content/uploads/sites/24/2021/08/about-us-3-team-member-1.jpg","sizes":{"full":{"url":"http://dummy.xtemos.com/woodmart2/gutenberg/wp-content/uploads/sites/24/2021/08/about-us-3-team-member-1.jpg","height":643,"width":400,"orientation":"portrait"}}}} -->
<div id="wd-f3626117" class="wp-block-wd-image wd-block-image"><img class="wp-image-5216" src="http://dummy.xtemos.com/woodmart2/gutenberg/wp-content/uploads/sites/24/2021/08/about-us-3-team-member-1.jpg" /></div>
<!-- /wp:wd/image -->

<!-- wp:wd/container {"blockId":"b657033f-addb-447e-94de-1cb865672c55","directionTablet":"column","directionMobile":"column"} -->
<div id="wd-b657033f" class="wp-block-wd-container wd-dir-col wd-dir-col-md wd-dir-col-sm"><!-- wp:wd/title {"blockId":"4ce4e219-8415-4532-8f97-ae6b5674ad85","textAlign":"center","content":"Mark Jance"} -->
<h2 id="wd-4ce4e219" class="wp-block-wd-title title wd-align">Mark Jance</h2>
<!-- /wp:wd/title -->

<!-- wp:wd/paragraph {"blockId":"210605bd-8249-4d04-9384-a2f634cf4e3e","textAlign":"center"} -->
<p id="wd-210605bd" class="wp-block-wd-paragraph wd-align">CEO / FOUNDER</p>
<!-- /wp:wd/paragraph -->

<!-- wp:wd/social-buttons {"blockId":"5cb90531-a030-4200-91f4-6cfd186d738d","type":"follow","alignment":"center","style":"colored","size":"small","social_links_source":"custom","pinterest_link":"","youtube_link":"","linkedin_link":"#","tg_link":""} /--></div>
<!-- /wp:wd/container --></div>
<!-- /wp:wd/team-member --></div>
<!-- /wp:wd/column -->

<!-- wp:wd/column {"blockId":"67aa73f9-2c29-489f-a4be-69cae3a41cbd","adjacentCount":4,"adjacentCountTablet":2,"colWidthTablet":50} -->
<div id="wd-67aa73f9" class="wp-block-wd-column"><!-- wp:wd/team-member {"blockId":"aa79ef75-c3f5-4d78-bdce-0918166a3d3f","alignment":"center","design":"1"} -->
<div id="wd-aa79ef75" class="wp-block-wd-team-member wd-align wd-design-1"><!-- wp:wd/image {"blockId":"5a407897-90e2-478f-8a98-5bc7590ead2d","image":{"id":5217,"url":"http://dummy.xtemos.com/woodmart2/gutenberg/wp-content/uploads/sites/24/2021/08/about-us-3-team-member-2.jpg","sizes":{"full":{"url":"http://dummy.xtemos.com/woodmart2/gutenberg/wp-content/uploads/sites/24/2021/08/about-us-3-team-member-2.jpg","height":643,"width":400,"orientation":"portrait"}}}} -->
<div id="wd-5a407897" class="wp-block-wd-image wd-block-image"><img class="wp-image-5217" src="http://dummy.xtemos.com/woodmart2/gutenberg/wp-content/uploads/sites/24/2021/08/about-us-3-team-member-2.jpg" /></div>
<!-- /wp:wd/image -->

<!-- wp:wd/container {"blockId":"e5505afc-0eaa-412f-b133-7fc9596a7c1a","directionTablet":"column","directionMobile":"column"} -->
<div id="wd-e5505afc" class="wp-block-wd-container wd-dir-col wd-dir-col-md wd-dir-col-sm"><!-- wp:wd/title {"blockId":"de5212f3-4c36-426d-948b-2f8307ef9361","textAlign":"center","content":"Aviana Plummer"} -->
<h2 id="wd-de5212f3" class="wp-block-wd-title title wd-align">Aviana Plummer</h2>
<!-- /wp:wd/title -->

<!-- wp:wd/paragraph {"blockId":"b9230d2a-33ea-4139-8d1c-584648e50296","textAlign":"center"} -->
<p id="wd-b9230d2a" class="wp-block-wd-paragraph wd-align">CEO / FOUNDER</p>
<!-- /wp:wd/paragraph -->

<!-- wp:wd/social-buttons {"blockId":"40a24512-9462-4333-8629-6b40fa3db603","type":"follow","alignment":"center","style":"colored","size":"small","social_links_source":"custom","pinterest_link":"","youtube_link":"","linkedin_link":"#","tg_link":""} /--></div>
<!-- /wp:wd/container --></div>
<!-- /wp:wd/team-member --></div>
<!-- /wp:wd/column -->

<!-- wp:wd/column {"blockId":"ff6fe607-652d-4f3a-965a-1bda121dd308","adjacentCount":4,"adjacentCountTablet":2,"colWidthTablet":50} -->
<div id="wd-ff6fe607" class="wp-block-wd-column"><!-- wp:wd/team-member {"blockId":"998f9b9e-df2c-4ea3-9d67-3eadcfdc0e1d","alignment":"center","design":"1"} -->
<div id="wd-998f9b9e" class="wp-block-wd-team-member wd-align wd-design-1"><!-- wp:wd/image {"blockId":"e79ee8dc-4bb5-48c7-9d3f-d161d5c3811d","image":{"id":5219,"url":"http://dummy.xtemos.com/woodmart2/gutenberg/wp-content/uploads/sites/24/2021/08/about-us-3-team-member-3.jpg","sizes":{"full":{"url":"http://dummy.xtemos.com/woodmart2/gutenberg/wp-content/uploads/sites/24/2021/08/about-us-3-team-member-3.jpg","height":643,"width":400,"orientation":"portrait"}}}} -->
<div id="wd-e79ee8dc" class="wp-block-wd-image wd-block-image"><img class="wp-image-5219" src="http://dummy.xtemos.com/woodmart2/gutenberg/wp-content/uploads/sites/24/2021/08/about-us-3-team-member-3.jpg" /></div>
<!-- /wp:wd/image -->

<!-- wp:wd/container {"blockId":"c535d0a6-2860-42a9-b451-de29031c7f1c","directionTablet":"column","directionMobile":"column"} -->
<div id="wd-c535d0a6" class="wp-block-wd-container wd-dir-col wd-dir-col-md wd-dir-col-sm"><!-- wp:wd/title {"blockId":"71ce4058-ab55-4ed1-b0f1-429a28348689","textAlign":"center","content":"Braydon Wilkerson"} -->
<h2 id="wd-71ce4058" class="wp-block-wd-title title wd-align">Braydon Wilkerson</h2>
<!-- /wp:wd/title -->

<!-- wp:wd/paragraph {"blockId":"aae1e500-e326-4349-85d8-2ba0050a69f6","textAlign":"center"} -->
<p id="wd-aae1e500" class="wp-block-wd-paragraph wd-align">CEO / FOUNDER</p>
<!-- /wp:wd/paragraph -->

<!-- wp:wd/social-buttons {"blockId":"833bcf12-91e9-4ae1-9eaf-024028c836e5","type":"follow","alignment":"center","style":"colored","size":"small","social_links_source":"custom","pinterest_link":"","youtube_link":"","linkedin_link":"#","tg_link":""} /--></div>
<!-- /wp:wd/container --></div>
<!-- /wp:wd/team-member --></div>
<!-- /wp:wd/column -->

<!-- wp:wd/column {"blockId":"c78984fe-8dc2-44ec-8636-6be36a3b6e7d","adjacentCount":4,"adjacentCountTablet":2,"colWidthTablet":50} -->
<div id="wd-c78984fe" class="wp-block-wd-column"><!-- wp:wd/team-member {"blockId":"fcb2339a-df21-4d5a-af5e-509f3c8bd6cd","alignment":"center","design":"1"} -->
<div id="wd-fcb2339a" class="wp-block-wd-team-member wd-align wd-design-1"><!-- wp:wd/image {"blockId":"bb1d548e-e020-445c-870e-fc9932716007","image":{"id":5220,"url":"http://dummy.xtemos.com/woodmart2/gutenberg/wp-content/uploads/sites/24/2021/08/about-us-3-team-member-4.jpg","sizes":{"full":{"url":"http://dummy.xtemos.com/woodmart2/gutenberg/wp-content/uploads/sites/24/2021/08/about-us-3-team-member-4.jpg","height":643,"width":400,"orientation":"portrait"}}}} -->
<div id="wd-bb1d548e" class="wp-block-wd-image wd-block-image"><img class="wp-image-5220" src="http://dummy.xtemos.com/woodmart2/gutenberg/wp-content/uploads/sites/24/2021/08/about-us-3-team-member-4.jpg" /></div>
<!-- /wp:wd/image -->

<!-- wp:wd/container {"blockId":"1bda46a3-e760-4433-895e-8f18de244a27","directionTablet":"column","directionMobile":"column"} -->
<div id="wd-1bda46a3" class="wp-block-wd-container wd-dir-col wd-dir-col-md wd-dir-col-sm"><!-- wp:wd/title {"blockId":"7db53e24-635b-4524-bde6-8052f31c092d","textAlign":"center","content":"Kristin Watson"} -->
<h2 id="wd-7db53e24" class="wp-block-wd-title title wd-align">Kristin Watson</h2>
<!-- /wp:wd/title -->

<!-- wp:wd/paragraph {"blockId":"ee8d700e-276c-4f86-9c99-417a2af39a96","textAlign":"center"} -->
<p id="wd-ee8d700e" class="wp-block-wd-paragraph wd-align">CEO / FOUNDER</p>
<!-- /wp:wd/paragraph -->

<!-- wp:wd/social-buttons {"blockId":"c97097ee-a455-4713-a69a-006c9c486841","type":"follow","alignment":"center","style":"colored","size":"small","social_links_source":"custom","pinterest_link":"","youtube_link":"","linkedin_link":"#","tg_link":""} /--></div>
<!-- /wp:wd/container --></div>
<!-- /wp:wd/team-member --></div>
<!-- /wp:wd/column --></div>
<!-- /wp:wd/row -->

<!-- wp:wd/section {"blockId":"4e76261e-a233-4c8b-90df-c08724762f7c","bgImage":{"id":5221,"url":"http://dummy.xtemos.com/woodmart2/gutenberg/wp-content/uploads/sites/24/2021/08/about-us-3-bg.jpg","sizes":{"full":{"url":"http://dummy.xtemos.com/woodmart2/gutenberg/wp-content/uploads/sites/24/2021/08/about-us-3-bg.jpg","height":520,"width":1920,"orientation":"landscape"}}},"bgPosition":"center center","bgRepeat":"no-repeat","bgDisplaySize":"cover","paddingTop":"80","paddingBottom":"80","marginBottom":"80","paddingTopTablet":"60","paddingBottomTablet":"60","marginBottomTablet":"60","marginBottomMobile":"40"} -->
<div id="wd-4e76261e" class="wp-block-wd-section"><!-- wp:wd/row {"blockId":"f77bfcc8-9c80-4994-9a7d-728f38f24596","columnsGapMobile":60} -->
<div id="wd-f77bfcc8" class="wp-block-wd-row"><!-- wp:wd/column {"blockId":"79ab2d7d-9981-4afe-a862-95cca7fb41b5","adjacentCount":2,"justifyContent":"center","colorScheme":"light","adjacentCountTablet":1,"adjacentCountMobile":1,"colWidthTablet":100,"colWidthMobile":100,"textAlignTablet":"center"} -->
<div id="wd-79ab2d7d" class="wp-block-wd-column color-scheme-light wd-align"><!-- wp:wd/paragraph {"blockId":"222e049d-912d-43d0-b28c-256b22744d78","colorVariable":"\u002d\u002dwd-primary-color","tpFontVariant":"600","tpFontWeight":"600"} -->
<p id="wd-222e049d" class="wp-block-wd-paragraph">DEVELOPED BY XTEMOS STUDIO</p>
<!-- /wp:wd/paragraph -->

<!-- wp:wd/title {"blockId":"c2316bf5-d601-404d-8dcd-4ab2f8396d04","content":"We work through every aspect at the planning","tpFontSize":"36","displayWidth":"custom","customWidth":"455","tpFontSizeTablet":"22","tpFontSizeMobile":"20"} -->
<h2 id="wd-c2316bf5" class="wp-block-wd-title title wd-custom-width">We work through every aspect at the planning</h2>
<!-- /wp:wd/title -->

<!-- wp:wd/button {"blockId":"fec02fc7-25ad-4920-a5cc-c57ffa595f1d","design":"link","predefinedColor":"white"} -->
<a id="wd-fec02fc7" class="wp-block-wd-button btn btn-style-link btn-color-white btn-size-default" href="#"><span>We do it for you with love</span></a>
<!-- /wp:wd/button --></div>
<!-- /wp:wd/column -->

<!-- wp:wd/column {"blockId":"5844915f-be95-4c6c-ab46-bec1562dbdf3","adjacentCount":2,"blocksGap":0,"colorScheme":"light","adjacentCountTablet":1,"adjacentCountMobile":1,"colWidthTablet":100,"colWidthMobile":100} -->
<div id="wd-5844915f" class="wp-block-wd-column color-scheme-light"><!-- wp:wd/row {"blockId":"7b14ffd3-005c-430c-86b1-7e90a39bf429","columnsGap":0,"borderType":"solid","borderColorCode":"rgba(255,255,255,0.3)","borderWidthBottom":"1","borderWidthLock":false} -->
<div id="wd-7b14ffd3" class="wp-block-wd-row"><!-- wp:wd/column {"blockId":"fb7ff922-8e1b-4988-b033-3d65ebea4f3e","adjacentCount":2,"textAlign":"center","paddingTop":"35","paddingRight":"15","paddingBottom":"35","paddingLeft":"15","borderType":"solid","borderColorCode":"rgba(255,255,255,0.3)","borderWidthRight":"1","borderWidthLock":false,"adjacentCountMobile":2,"colWidthMobile":50} -->
<div id="wd-fb7ff922" class="wp-block-wd-column wd-align"><!-- wp:wd/animated-counter {"blockId":"1355bb71-2690-4ba0-86d2-b8bcf66f2b42","value":"2012","valueTpFontSize":"44","valueTpFontVariant":"600","valueTpFontWeight":"600","valueTpFontSizeTablet":"30"} -->
<div id="wd-1355bb71" class="wp-block-wd-animated-counter"><span data-state="new" data-final="2012">0</span></div>
<!-- /wp:wd/animated-counter -->

<!-- wp:wd/paragraph {"blockId":"3c5e972b-af65-4aba-8414-0809f8b74146","tpFontSize":"20","tpFontSizeTablet":"16"} -->
<p id="wd-3c5e972b" class="wp-block-wd-paragraph">FOUNDING YEAR</p>
<!-- /wp:wd/paragraph --></div>
<!-- /wp:wd/column -->

<!-- wp:wd/column {"blockId":"24cf6859-0fee-48c4-9d69-cc5dab72b9a3","adjacentCount":2,"textAlign":"center","paddingTop":"35","paddingRight":"15","paddingBottom":"35","paddingLeft":"15","adjacentCountMobile":2,"colWidthMobile":50} -->
<div id="wd-24cf6859" class="wp-block-wd-column wd-align"><!-- wp:wd/animated-counter {"blockId":"bfead99a-b118-4991-b3ed-afe84e7500f9","value":"2000","valueTpFontSize":"44","valueTpFontSizeTablet":"30"} -->
<div id="wd-bfead99a" class="wp-block-wd-animated-counter"><span data-state="new" data-final="2000">0</span></div>
<!-- /wp:wd/animated-counter -->

<!-- wp:wd/paragraph {"blockId":"ef8688b7-025e-4b57-9261-066c5d9cc4ce","tpFontSize":"20","tpFontSizeTablet":"16"} -->
<p id="wd-ef8688b7" class="wp-block-wd-paragraph">HAPPY COSTUMERS</p>
<!-- /wp:wd/paragraph --></div>
<!-- /wp:wd/column --></div>
<!-- /wp:wd/row -->

<!-- wp:wd/row {"blockId":"9548856b-6136-4ca7-a6a1-0d3d0992cf0c","columnsGap":0,"borderType":"solid","borderColorCode":"rgba(255,255,255,0.3)","borderWidthBottom":"1","borderWidthLock":false} -->
<div id="wd-9548856b" class="wp-block-wd-row"><!-- wp:wd/column {"blockId":"7a8c9ebf-94a2-4089-a07e-8a2c2f22489f","adjacentCount":2,"textAlign":"center","paddingTop":"35","paddingRight":"15","paddingBottom":"35","paddingLeft":"15","borderType":"solid","borderColorCode":"rgba(255,255,255,0.3)","borderWidthRight":"1","borderWidthLock":false,"adjacentCountMobile":2,"colWidthMobile":50} -->
<div id="wd-7a8c9ebf" class="wp-block-wd-column wd-align"><!-- wp:wd/animated-counter {"blockId":"e3e21c9f-f8ea-4c83-be38-5a290bd3ab1c","value":"190","valueTpFontSize":"44","valueTpFontVariant":"600","valueTpFontWeight":"600","valueTpFontSizeTablet":"30"} -->
<div id="wd-e3e21c9f" class="wp-block-wd-animated-counter"><span data-state="new" data-final="190">0</span></div>
<!-- /wp:wd/animated-counter -->

<!-- wp:wd/paragraph {"blockId":"a956e82b-0ad0-4b13-b8c2-bffa07ccd65a","tpFontSize":"20","tpFontSizeTablet":"16"} -->
<p id="wd-a956e82b" class="wp-block-wd-paragraph">COMPANY WORK WITH US</p>
<!-- /wp:wd/paragraph --></div>
<!-- /wp:wd/column -->

<!-- wp:wd/column {"blockId":"547d342f-15ac-469d-8eba-16c512a2483a","adjacentCount":2,"textAlign":"center","paddingTop":"35","paddingRight":"15","paddingBottom":"35","paddingLeft":"15","adjacentCountMobile":2,"colWidthMobile":50} -->
<div id="wd-547d342f" class="wp-block-wd-column wd-align"><!-- wp:wd/animated-counter {"blockId":"f9b62fb3-248a-44f1-846e-223c98b3d764","value":"2","valueTpFontSize":"44","valueTpFontVariant":"600","valueTpFontWeight":"600","valueTpFontSizeTablet":"30"} -->
<div id="wd-f9b62fb3" class="wp-block-wd-animated-counter"><span data-state="new" data-final="2">0</span></div>
<!-- /wp:wd/animated-counter -->

<!-- wp:wd/paragraph {"blockId":"64e7bea7-a34d-4aa6-b9ef-ccc65133c9f6","tpFontSize":"20","tpFontSizeTablet":"16"} -->
<p id="wd-64e7bea7" class="wp-block-wd-paragraph">OFFICES</p>
<!-- /wp:wd/paragraph --></div>
<!-- /wp:wd/column --></div>
<!-- /wp:wd/row -->

<!-- wp:wd/row {"blockId":"cba9bb4d-7c01-43ec-a896-f62e86f9c88d","columnsGap":0} -->
<div id="wd-cba9bb4d" class="wp-block-wd-row"><!-- wp:wd/column {"blockId":"b45998e7-d446-4b9f-8864-e3c3438c480e","adjacentCount":2,"textAlign":"center","paddingTop":"35","paddingRight":"15","paddingBottom":"35","paddingLeft":"15","borderType":"solid","borderColorCode":"rgba(255,255,255,0.3)","borderWidthRight":"1","borderWidthLock":false,"adjacentCountMobile":2,"colWidthMobile":50} -->
<div id="wd-b45998e7" class="wp-block-wd-column wd-align"><!-- wp:wd/animated-counter {"blockId":"007c6e34-6513-4633-b984-2b4c3edfad7b","value":"21","valueTpFontSize":"44","valueTpFontVariant":"600","valueTpFontWeight":"600","valueTpFontSizeTablet":"30"} -->
<div id="wd-007c6e34" class="wp-block-wd-animated-counter"><span data-state="new" data-final="21">0</span></div>
<!-- /wp:wd/animated-counter -->

<!-- wp:wd/paragraph {"blockId":"3b554881-f03e-4e35-8714-926580816dc3","tpFontSize":"20","tpFontSizeTablet":"16"} -->
<p id="wd-3b554881" class="wp-block-wd-paragraph">TEAM MEMBERS</p>
<!-- /wp:wd/paragraph --></div>
<!-- /wp:wd/column -->

<!-- wp:wd/column {"blockId":"ef082330-6cf5-49e6-ac42-6c98584aced3","adjacentCount":2,"textAlign":"center","paddingTop":"35","paddingRight":"15","paddingBottom":"35","paddingLeft":"15","adjacentCountMobile":2,"colWidthMobile":50} -->
<div id="wd-ef082330" class="wp-block-wd-column wd-align"><!-- wp:wd/animated-counter {"blockId":"cbcf6ac2-8c7e-4c53-af1b-a551526bf63b","value":"750","valueTpFontSize":"44","valueTpFontVariant":"600","valueTpFontWeight":"600","valueTpFontSizeTablet":"30"} -->
<div id="wd-cbcf6ac2" class="wp-block-wd-animated-counter"><span data-state="new" data-final="750">0</span></div>
<!-- /wp:wd/animated-counter -->

<!-- wp:wd/paragraph {"blockId":"c0ebf7d6-6e65-4319-a817-48659f41ae58","tpFontSize":"20","tpFontSizeTablet":"16"} -->
<p id="wd-c0ebf7d6" class="wp-block-wd-paragraph">PROJECTS COMPLETED</p>
<!-- /wp:wd/paragraph --></div>
<!-- /wp:wd/column --></div>
<!-- /wp:wd/row --></div>
<!-- /wp:wd/column --></div>
<!-- /wp:wd/row --></div>
<!-- /wp:wd/section -->

<!-- wp:wd/row {"blockId":"d4a303c5-8837-47e4-a5a6-d73b10e9d092"} -->
<div id="wd-d4a303c5" class="wp-block-wd-row"><!-- wp:wd/column {"blockId":"c3a9510f-5f6a-42f3-8aad-3776d77321a0","adjacentCount":2} -->
<div id="wd-c3a9510f" class="wp-block-wd-column"><!-- wp:wd/video {"blockId":"a9246fc2-09ad-4463-9ec3-d1984a81592c","videoType":"external","externalUrl":"https://www.youtube.com/watch?v=LXb3EKWsInQ","videoActionButton":"overlay","videoImageOverlay":{"id":5222,"url":"http://dummy.xtemos.com/woodmart2/gutenberg/wp-content/uploads/sites/24/2021/08/about-us-3-video-1.jpg"},"videoSize":"aspect_ratio"} -->
<div id="wd-a9246fc2" class="wp-block-wd-video wd-el-video wd-action-overlay wd-video-external wd-with-aspect-ratio"><iframe allowfullscreen allow="accelerometer; autoplay; encrypted-media; gyroscope; picture-in-picture" width="100%" height="100%" loading="lazy" data-lazy-load="https://www.youtube.com/embed/LXb3EKWsInQ?feature=oembed&amp;controls=1&amp;autoplay=1"></iframe><div class="wd-el-video-overlay wd-fill"><img src="http://dummy.xtemos.com/woodmart2/gutenberg/wp-content/uploads/sites/24/2021/08/about-us-3-video-1.jpg" class="wp-image-5222" /></div><div class="wd-el-video-control color-scheme-light wd-fill"><span class="wd-el-video-play-btn"></span></div><a href="https://www.youtube.com/embed/LXb3EKWsInQ?feature=oembed&amp;controls=1&amp;autoplay=1" class="wd-el-video-link wd-el-video-btn-overlay wd-fill"></a></div>
<!-- /wp:wd/video -->

<!-- wp:wd/title {"blockId":"91fd073d-e66f-4231-b493-30ac71223b48","content":"Our company history and facts","tpFontSize":"22","tpFontSizeMobile":"20"} -->
<h2 id="wd-91fd073d" class="wp-block-wd-title title">Our company history and facts</h2>
<!-- /wp:wd/title -->

<!-- wp:wd/paragraph {"blockId":"d3735646-0d33-4859-811a-9f99e890142c","displayWidth":"custom","customWidth":"470"} -->
<p id="wd-d3735646" class="wp-block-wd-paragraph wd-custom-width"><em>I should be incapable of drawing a single stroke at the present moment; and yet I feel that I never was a greater artist than now.</em></p>
<!-- /wp:wd/paragraph --></div>
<!-- /wp:wd/column -->

<!-- wp:wd/column {"blockId":"47e0896e-9e79-4d55-baa3-477eb17881c5","adjacentCount":2} -->
<div id="wd-47e0896e" class="wp-block-wd-column"><!-- wp:wd/video {"blockId":"29bcabf8-314d-48ab-b397-f253675e6bc0","videoType":"external","externalUrl":"https://www.youtube.com/watch?v=LXb3EKWsInQ","videoActionButton":"overlay","videoImageOverlay":{"id":5223,"url":"http://dummy.xtemos.com/woodmart2/gutenberg/wp-content/uploads/sites/24/2021/08/about-us-3-video-2.jpg"},"videoSize":"aspect_ratio"} -->
<div id="wd-29bcabf8" class="wp-block-wd-video wd-el-video wd-action-overlay wd-video-external wd-with-aspect-ratio"><iframe allowfullscreen allow="accelerometer; autoplay; encrypted-media; gyroscope; picture-in-picture" width="100%" height="100%" loading="lazy" data-lazy-load="https://www.youtube.com/embed/LXb3EKWsInQ?feature=oembed&amp;controls=1&amp;autoplay=1"></iframe><div class="wd-el-video-overlay wd-fill"><img src="http://dummy.xtemos.com/woodmart2/gutenberg/wp-content/uploads/sites/24/2021/08/about-us-3-video-2.jpg" class="wp-image-5223" /></div><div class="wd-el-video-control color-scheme-light wd-fill"><span class="wd-el-video-play-btn"></span></div><a href="https://www.youtube.com/embed/LXb3EKWsInQ?feature=oembed&amp;controls=1&amp;autoplay=1" class="wd-el-video-link wd-el-video-btn-overlay wd-fill"></a></div>
<!-- /wp:wd/video -->

<!-- wp:wd/title {"blockId":"30c886d8-674c-45de-97bd-7dce336fbc56","content":"Design \u0026amp; development process demonstration","tpFontSize":"22","tpFontSizeMobile":"20"} -->
<h2 id="wd-30c886d8" class="wp-block-wd-title title">Design &amp; development process demonstration</h2>
<!-- /wp:wd/title -->

<!-- wp:wd/paragraph {"blockId":"dfce0dc3-5960-4713-9bc5-0f6ab8f7ba54","displayWidth":"custom","customWidth":"470"} -->
<p id="wd-dfce0dc3" class="wp-block-wd-paragraph wd-custom-width"><em>A wonderful serenity has taken possession of my entire soul,like these sweet mornings of spring which I enjoy with my whole heart.</em></p>
<!-- /wp:wd/paragraph --></div>
<!-- /wp:wd/column --></div>
<!-- /wp:wd/row -->]]></content:encoded>
															<wp:post_id>5212</wp:post_id>
					<wp:post_date><![CDATA[2021-08-25 07:26:28]]></wp:post_date>
					<wp:post_date_gmt><![CDATA[2021-08-25 07:26:28]]></wp:post_date_gmt>
					<wp:post_modified><![CDATA[2024-10-22 13:25:43]]></wp:post_modified>
					<wp:post_modified_gmt><![CDATA[2024-10-22 13:25:43]]></wp:post_modified_gmt>
					<wp:comment_status><![CDATA[closed]]></wp:comment_status>
					<wp:post_name><![CDATA[about-us-3]]></wp:post_name>
					<wp:status><![CDATA[publish]]></wp:status>
					<wp:post_parent>0</wp:post_parent>
					<wp:menu_order>0</wp:menu_order>
					<wp:post_type><![CDATA[page]]></wp:post_type>
																					<wp:postmeta>
							<wp:meta_key><![CDATA[_woodmart_whb_header]]></wp:meta_key>
							<wp:meta_value><![CDATA[none]]></wp:meta_value>
						</wp:postmeta>
												<wp:postmeta>
							<wp:meta_key><![CDATA[_woodmart_title_off]]></wp:meta_key>
							<wp:meta_value><![CDATA[on]]></wp:meta_value>
						</wp:postmeta>
												<wp:postmeta>
							<wp:meta_key><![CDATA[_woodmart_title_image]]></wp:meta_key>
							<wp:meta_value><![CDATA[a:2:{s:3:"url";s:0:"";s:2:"id";s:0:"";}]]></wp:meta_value>
						</wp:postmeta>
												<wp:postmeta>
							<wp:meta_key><![CDATA[_woodmart_page-title-size]]></wp:meta_key>
							<wp:meta_value><![CDATA[inherit]]></wp:meta_value>
						</wp:postmeta>
												<wp:postmeta>
							<wp:meta_key><![CDATA[_woodmart_main_layout]]></wp:meta_key>
							<wp:meta_value><![CDATA[full-width]]></wp:meta_value>
						</wp:postmeta>
												<wp:postmeta>
							<wp:meta_key><![CDATA[_wp_page_template]]></wp:meta_key>
							<wp:meta_value><![CDATA[default]]></wp:meta_value>
						</wp:postmeta>
												<wp:postmeta>
							<wp:meta_key><![CDATA[_oembed_71ae0db7f6e61ffd19b757ea6a0c207c]]></wp:meta_key>
							<wp:meta_value><![CDATA[<iframe title="Timelapse - Lighthouse (Oct 2012)" src="https://player.vimeo.com/video/51589652?dnt=1&amp;app_id=122963&amp;h=836062ff9b" width="500" height="281" frameborder="0" allow="autoplay; fullscreen; picture-in-picture" allowfullscreen></iframe>]]></wp:meta_value>
						</wp:postmeta>
												<wp:postmeta>
							<wp:meta_key><![CDATA[_oembed_time_71ae0db7f6e61ffd19b757ea6a0c207c]]></wp:meta_key>
							<wp:meta_value><![CDATA[1629876562]]></wp:meta_value>
						</wp:postmeta>
												<wp:postmeta>
							<wp:meta_key><![CDATA[_oembed_83fed6d6f437b958f7a44dc9413fd46d]]></wp:meta_key>
							<wp:meta_value><![CDATA[<iframe title="Hayley 90 seconds about fear. (Dir. Stian Smestad Music by Nils Frahm)" src="https://player.vimeo.com/video/181907337?dnt=1&amp;app_id=122963" width="500" height="281" frameborder="0" allow="autoplay; fullscreen; picture-in-picture; clipboard-write"></iframe>]]></wp:meta_value>
						</wp:postmeta>
												<wp:postmeta>
							<wp:meta_key><![CDATA[_oembed_time_83fed6d6f437b958f7a44dc9413fd46d]]></wp:meta_key>
							<wp:meta_value><![CDATA[1713421541]]></wp:meta_value>
						</wp:postmeta>
										</item>
								<item>
					<title><![CDATA[about-us-3-image-1]]></title>
					<link>https://dummy.xtemos.com/woodmart2/gutenberg/about-us-3-image-1/</link>
					<pubDate>Wed, 25 Aug 2021 07:27:10 +0000</pubDate>
					<dc:creator><![CDATA[zakhar]]></dc:creator>
					<guid isPermaLink="false">http://dummy.xtemos.com/woodmart2/gutenberg/wp-content/uploads/sites/24/2021/08/about-us-3-image-1.jpg</guid>
															<wp:post_id>5215</wp:post_id>
					<wp:post_date><![CDATA[2021-08-25 07:27:10]]></wp:post_date>
					<wp:post_date_gmt><![CDATA[2021-08-25 07:27:10]]></wp:post_date_gmt>
					<wp:post_modified><![CDATA[2024-04-16 13:18:51]]></wp:post_modified>
					<wp:post_modified_gmt><![CDATA[2024-04-16 13:18:51]]></wp:post_modified_gmt>
					<wp:comment_status><![CDATA[open]]></wp:comment_status>
					<wp:post_name><![CDATA[about-us-3-image-1]]></wp:post_name>
					<wp:status><![CDATA[inherit]]></wp:status>
					<wp:post_parent>0</wp:post_parent>
					<wp:menu_order>0</wp:menu_order>
					<wp:post_type><![CDATA[attachment]]></wp:post_type>
											<wp:attachment_url><![CDATA[https://dummy.xtemos.com/woodmart2/gutenberg/wp-content/uploads/sites/24/2021/08/about-us-3-image-1.jpg]]></wp:attachment_url>
																					<wp:postmeta>
							<wp:meta_key><![CDATA[_wp_attached_file]]></wp:meta_key>
							<wp:meta_value><![CDATA[2021/08/about-us-3-image-1.jpg]]></wp:meta_value>
						</wp:postmeta>
										</item>
								<item>
					<title><![CDATA[about-us-3-team-member-1]]></title>
					<link>https://dummy.xtemos.com/woodmart2/gutenberg/about-us-3-team-member-1/</link>
					<pubDate>Wed, 25 Aug 2021 07:27:46 +0000</pubDate>
					<dc:creator><![CDATA[zakhar]]></dc:creator>
					<guid isPermaLink="false">http://dummy.xtemos.com/woodmart2/gutenberg/wp-content/uploads/sites/24/2021/08/about-us-3-team-member-1.jpg</guid>
															<wp:post_id>5216</wp:post_id>
					<wp:post_date><![CDATA[2021-08-25 07:27:46]]></wp:post_date>
					<wp:post_date_gmt><![CDATA[2021-08-25 07:27:46]]></wp:post_date_gmt>
					<wp:post_modified><![CDATA[2024-04-16 13:18:51]]></wp:post_modified>
					<wp:post_modified_gmt><![CDATA[2024-04-16 13:18:51]]></wp:post_modified_gmt>
					<wp:comment_status><![CDATA[open]]></wp:comment_status>
					<wp:post_name><![CDATA[about-us-3-team-member-1]]></wp:post_name>
					<wp:status><![CDATA[inherit]]></wp:status>
					<wp:post_parent>0</wp:post_parent>
					<wp:menu_order>0</wp:menu_order>
					<wp:post_type><![CDATA[attachment]]></wp:post_type>
											<wp:attachment_url><![CDATA[https://dummy.xtemos.com/woodmart2/gutenberg/wp-content/uploads/sites/24/2021/08/about-us-3-team-member-1.jpg]]></wp:attachment_url>
																					<wp:postmeta>
							<wp:meta_key><![CDATA[_wp_attached_file]]></wp:meta_key>
							<wp:meta_value><![CDATA[2021/08/about-us-3-team-member-1.jpg]]></wp:meta_value>
						</wp:postmeta>
										</item>
								<item>
					<title><![CDATA[about-us-3-team-member-2]]></title>
					<link>https://dummy.xtemos.com/woodmart2/gutenberg/about-us-3-team-member-2/</link>
					<pubDate>Wed, 25 Aug 2021 07:27:47 +0000</pubDate>
					<dc:creator><![CDATA[zakhar]]></dc:creator>
					<guid isPermaLink="false">http://dummy.xtemos.com/woodmart2/gutenberg/wp-content/uploads/sites/24/2021/08/about-us-3-team-member-2.jpg</guid>
															<wp:post_id>5217</wp:post_id>
					<wp:post_date><![CDATA[2021-08-25 07:27:47]]></wp:post_date>
					<wp:post_date_gmt><![CDATA[2021-08-25 07:27:47]]></wp:post_date_gmt>
					<wp:post_modified><![CDATA[2024-04-16 13:18:51]]></wp:post_modified>
					<wp:post_modified_gmt><![CDATA[2024-04-16 13:18:51]]></wp:post_modified_gmt>
					<wp:comment_status><![CDATA[open]]></wp:comment_status>
					<wp:post_name><![CDATA[about-us-3-team-member-2]]></wp:post_name>
					<wp:status><![CDATA[inherit]]></wp:status>
					<wp:post_parent>0</wp:post_parent>
					<wp:menu_order>0</wp:menu_order>
					<wp:post_type><![CDATA[attachment]]></wp:post_type>
											<wp:attachment_url><![CDATA[https://dummy.xtemos.com/woodmart2/gutenberg/wp-content/uploads/sites/24/2021/08/about-us-3-team-member-2.jpg]]></wp:attachment_url>
																					<wp:postmeta>
							<wp:meta_key><![CDATA[_wp_attached_file]]></wp:meta_key>
							<wp:meta_value><![CDATA[2021/08/about-us-3-team-member-2.jpg]]></wp:meta_value>
						</wp:postmeta>
										</item>
								<item>
					<title><![CDATA[about-us-3-team-member-3]]></title>
					<link>https://dummy.xtemos.com/woodmart2/gutenberg/about-us-3-team-member-3/</link>
					<pubDate>Wed, 25 Aug 2021 07:27:49 +0000</pubDate>
					<dc:creator><![CDATA[zakhar]]></dc:creator>
					<guid isPermaLink="false">http://dummy.xtemos.com/woodmart2/gutenberg/wp-content/uploads/sites/24/2021/08/about-us-3-team-member-3.jpg</guid>
															<wp:post_id>5219</wp:post_id>
					<wp:post_date><![CDATA[2021-08-25 07:27:49]]></wp:post_date>
					<wp:post_date_gmt><![CDATA[2021-08-25 07:27:49]]></wp:post_date_gmt>
					<wp:post_modified><![CDATA[2024-04-16 13:18:51]]></wp:post_modified>
					<wp:post_modified_gmt><![CDATA[2024-04-16 13:18:51]]></wp:post_modified_gmt>
					<wp:comment_status><![CDATA[open]]></wp:comment_status>
					<wp:post_name><![CDATA[about-us-3-team-member-3]]></wp:post_name>
					<wp:status><![CDATA[inherit]]></wp:status>
					<wp:post_parent>0</wp:post_parent>
					<wp:menu_order>0</wp:menu_order>
					<wp:post_type><![CDATA[attachment]]></wp:post_type>
											<wp:attachment_url><![CDATA[https://dummy.xtemos.com/woodmart2/gutenberg/wp-content/uploads/sites/24/2021/08/about-us-3-team-member-3.jpg]]></wp:attachment_url>
																					<wp:postmeta>
							<wp:meta_key><![CDATA[_wp_attached_file]]></wp:meta_key>
							<wp:meta_value><![CDATA[2021/08/about-us-3-team-member-3.jpg]]></wp:meta_value>
						</wp:postmeta>
										</item>
								<item>
					<title><![CDATA[about-us-3-team-member-4]]></title>
					<link>https://dummy.xtemos.com/woodmart2/gutenberg/about-us-3-team-member-4/</link>
					<pubDate>Wed, 25 Aug 2021 07:27:50 +0000</pubDate>
					<dc:creator><![CDATA[zakhar]]></dc:creator>
					<guid isPermaLink="false">http://dummy.xtemos.com/woodmart2/gutenberg/wp-content/uploads/sites/24/2021/08/about-us-3-team-member-4.jpg</guid>
															<wp:post_id>5220</wp:post_id>
					<wp:post_date><![CDATA[2021-08-25 07:27:50]]></wp:post_date>
					<wp:post_date_gmt><![CDATA[2021-08-25 07:27:50]]></wp:post_date_gmt>
					<wp:post_modified><![CDATA[2024-04-16 13:18:51]]></wp:post_modified>
					<wp:post_modified_gmt><![CDATA[2024-04-16 13:18:51]]></wp:post_modified_gmt>
					<wp:comment_status><![CDATA[open]]></wp:comment_status>
					<wp:post_name><![CDATA[about-us-3-team-member-4]]></wp:post_name>
					<wp:status><![CDATA[inherit]]></wp:status>
					<wp:post_parent>0</wp:post_parent>
					<wp:menu_order>0</wp:menu_order>
					<wp:post_type><![CDATA[attachment]]></wp:post_type>
											<wp:attachment_url><![CDATA[https://dummy.xtemos.com/woodmart2/gutenberg/wp-content/uploads/sites/24/2021/08/about-us-3-team-member-4.jpg]]></wp:attachment_url>
																					<wp:postmeta>
							<wp:meta_key><![CDATA[_wp_attached_file]]></wp:meta_key>
							<wp:meta_value><![CDATA[2021/08/about-us-3-team-member-4.jpg]]></wp:meta_value>
						</wp:postmeta>
										</item>
								<item>
					<title><![CDATA[about-us-3-bg]]></title>
					<link>https://dummy.xtemos.com/woodmart2/gutenberg/about-us-3-bg/</link>
					<pubDate>Wed, 25 Aug 2021 07:28:30 +0000</pubDate>
					<dc:creator><![CDATA[zakhar]]></dc:creator>
					<guid isPermaLink="false">http://dummy.xtemos.com/woodmart2/gutenberg/wp-content/uploads/sites/24/2021/08/about-us-3-bg.jpg</guid>
															<wp:post_id>5221</wp:post_id>
					<wp:post_date><![CDATA[2021-08-25 07:28:30]]></wp:post_date>
					<wp:post_date_gmt><![CDATA[2021-08-25 07:28:30]]></wp:post_date_gmt>
					<wp:post_modified><![CDATA[2024-04-16 13:18:51]]></wp:post_modified>
					<wp:post_modified_gmt><![CDATA[2024-04-16 13:18:51]]></wp:post_modified_gmt>
					<wp:comment_status><![CDATA[open]]></wp:comment_status>
					<wp:post_name><![CDATA[about-us-3-bg]]></wp:post_name>
					<wp:status><![CDATA[inherit]]></wp:status>
					<wp:post_parent>0</wp:post_parent>
					<wp:menu_order>0</wp:menu_order>
					<wp:post_type><![CDATA[attachment]]></wp:post_type>
											<wp:attachment_url><![CDATA[https://dummy.xtemos.com/woodmart2/gutenberg/wp-content/uploads/sites/24/2021/08/about-us-3-bg.jpg]]></wp:attachment_url>
																					<wp:postmeta>
							<wp:meta_key><![CDATA[_wp_attached_file]]></wp:meta_key>
							<wp:meta_value><![CDATA[2021/08/about-us-3-bg.jpg]]></wp:meta_value>
						</wp:postmeta>
										</item>
								<item>
					<title><![CDATA[about-us-3-video-1]]></title>
					<link>https://dummy.xtemos.com/woodmart2/gutenberg/about-us-3-video-1/</link>
					<pubDate>Wed, 25 Aug 2021 07:28:47 +0000</pubDate>
					<dc:creator><![CDATA[zakhar]]></dc:creator>
					<guid isPermaLink="false">http://dummy.xtemos.com/woodmart2/gutenberg/wp-content/uploads/sites/24/2021/08/about-us-3-video-1.jpg</guid>
															<wp:post_id>5222</wp:post_id>
					<wp:post_date><![CDATA[2021-08-25 07:28:47]]></wp:post_date>
					<wp:post_date_gmt><![CDATA[2021-08-25 07:28:47]]></wp:post_date_gmt>
					<wp:post_modified><![CDATA[2024-04-16 13:18:51]]></wp:post_modified>
					<wp:post_modified_gmt><![CDATA[2024-04-16 13:18:51]]></wp:post_modified_gmt>
					<wp:comment_status><![CDATA[open]]></wp:comment_status>
					<wp:post_name><![CDATA[about-us-3-video-1]]></wp:post_name>
					<wp:status><![CDATA[inherit]]></wp:status>
					<wp:post_parent>0</wp:post_parent>
					<wp:menu_order>0</wp:menu_order>
					<wp:post_type><![CDATA[attachment]]></wp:post_type>
											<wp:attachment_url><![CDATA[https://dummy.xtemos.com/woodmart2/gutenberg/wp-content/uploads/sites/24/2021/08/about-us-3-video-1.jpg]]></wp:attachment_url>
																					<wp:postmeta>
							<wp:meta_key><![CDATA[_wp_attached_file]]></wp:meta_key>
							<wp:meta_value><![CDATA[2021/08/about-us-3-video-1.jpg]]></wp:meta_value>
						</wp:postmeta>
										</item>
								<item>
					<title><![CDATA[about-us-3-video-2]]></title>
					<link>https://dummy.xtemos.com/woodmart2/gutenberg/about-us-3-video-2/</link>
					<pubDate>Wed, 25 Aug 2021 07:28:48 +0000</pubDate>
					<dc:creator><![CDATA[zakhar]]></dc:creator>
					<guid isPermaLink="false">http://dummy.xtemos.com/woodmart2/gutenberg/wp-content/uploads/sites/24/2021/08/about-us-3-video-2.jpg</guid>
															<wp:post_id>5223</wp:post_id>
					<wp:post_date><![CDATA[2021-08-25 07:28:48]]></wp:post_date>
					<wp:post_date_gmt><![CDATA[2021-08-25 07:28:48]]></wp:post_date_gmt>
					<wp:post_modified><![CDATA[2024-04-16 13:18:51]]></wp:post_modified>
					<wp:post_modified_gmt><![CDATA[2024-04-16 13:18:51]]></wp:post_modified_gmt>
					<wp:comment_status><![CDATA[open]]></wp:comment_status>
					<wp:post_name><![CDATA[about-us-3-video-2]]></wp:post_name>
					<wp:status><![CDATA[inherit]]></wp:status>
					<wp:post_parent>0</wp:post_parent>
					<wp:menu_order>0</wp:menu_order>
					<wp:post_type><![CDATA[attachment]]></wp:post_type>
											<wp:attachment_url><![CDATA[https://dummy.xtemos.com/woodmart2/gutenberg/wp-content/uploads/sites/24/2021/08/about-us-3-video-2.jpg]]></wp:attachment_url>
																					<wp:postmeta>
							<wp:meta_key><![CDATA[_wp_attached_file]]></wp:meta_key>
							<wp:meta_value><![CDATA[2021/08/about-us-3-video-2.jpg]]></wp:meta_value>
						</wp:postmeta>
										</item>
				</channel>
</rss>
	