{
    "default_header": "header_222908",
    "title-background": {
        "color": "#0a0a0a",
        "url": "https:\/\/dummy.xtemos.com\/woodmart2\/gutenberg\/wp-content\/uploads\/sites\/24\/2024\/06\/cars-page-title-shop-bg.jpg",
        "id": "14797",
        "repeat": "",
        "size": "cover",
        "attachment": "",
        "position": "center center"
    },
    "text-font": [
        {
            "google": "1",
            "font-family": "Lato",
            "font-weight": "400",
            "font-style": "",
            "font-subset": "",
            "font-size": "15",
            "tablet": {
                "font-size": ""
            },
            "mobile": {
                "font-size": ""
            },
            "color": "rgb(118,118,118)"
        }
    ],
    "primary-font": [
        {
            "google": "1",
            "font-family": "Montserrat",
            "font-weight": "700",
            "font-style": "",
            "font-subset": "",
            "text-transform": "",
            "color": "#242424"
        }
    ],
    "secondary-font": [
        {
            "google": "1",
            "font-family": "Lato",
            "font-weight": "400",
            "font-style": "",
            "font-subset": ""
        }
    ],
    "advanced_typography": {
        "0": {
            "custom": "",
            "selector": [
                "product_title_single_page"
            ],
            "custom-selector": "",
            "google": "0",
            "font-family": "Lato-700",
            "font-weight": "600",
            "font-style": "",
            "font-subset": "",
            "text-transform": "",
            "font-size": "",
            "tablet": {
                "font-size": "",
                "line-height": ""
            },
            "mobile": {
                "font-size": "",
                "line-height": ""
            },
            "line-height": "",
            "color": "",
            "hover": {
                "color": ""
            }
        },
        "1": {
            "custom": "",
            "custom-selector": "",
            "google": "1",
            "font-family": "Montserrat",
            "font-weight": "700",
            "font-style": "",
            "font-subset": "",
            "text-transform": "",
            "font-size": "",
            "tablet": {
                "font-size": "",
                "line-height": ""
            },
            "mobile": {
                "font-size": "",
                "line-height": ""
            },
            "line-height": "",
            "color": "",
            "hover": {
                "color": ""
            }
        },
        "{{index}}": {
            "custom": "",
            "custom-selector": "",
            "google": "0",
            "font-family": "",
            "font-weight": "",
            "font-style": "",
            "font-subset": "",
            "text-transform": "",
            "font-size": "",
            "tablet": {
                "font-size": "",
                "line-height": ""
            },
            "mobile": {
                "font-size": "",
                "line-height": ""
            },
            "line-height": "",
            "color": "",
            "hover": {
                "color": ""
            }
        }
    },
    "primary-color": {
        "idle": "rgb(0,84,172)"
    },
    "android_browser_bar_color": {
        "idle": "rgb(0,84,172)"
    },
    "btns_shop_bg": {
        "idle": "rgb(0,84,172)"
    },
    "btns_shop_bg_hover": {
        "idle": "rgb(3,65,129)"
    },
    "blog_excerpt_length": "120",
    "blog_excerpt": "excerpt",
    "update_cart_quantity_change": "1",
    "footer_html_block": "702",
    "footer_content_type": "html_block",
    "prefooter_content_type": "html_block",
    "prefooter_html_block": "258",
    "promo_popup": "1",
    "promo_popup_content_type": "html_block",
    "popup_html_block": "212",
    "popup-background": {
        "color": "#111111",
        "url": "https:\/\/dummy.xtemos.com\/woodmart2\/gutenberg\/wp-content\/uploads\/sites\/24\/2021\/07\/promo-popup.jpg",
        "id": "936",
        "repeat": "no-repeat",
        "size": "cover",
        "attachment": "",
        "position": "center center"
    },
    "popup_color_scheme": "light",
    "popup_width": "800",
    "popup_padding": "eyJkZXZpY2VzIjp7ImRlc2t0b3AiOnsidW5pdCI6InB4IiwidmFsdWUiOiIxNSJ9fX0="
}