{
    "default_header": "header_994144",
    "site_width": "custom",
    "site_custom_width": "1320",
    "promo_popup": "1",
    "promo_popup_content_type": "html_block",
    "popup_html_block": "182",
    "popup-background": {
        "color": "#111111",
        "url": "http:\/\/dummy.xtemos.com\/woodmart2\/accessories-gutenberg\/wp-content\/uploads\/sites\/26\/2024\/07\/accessories-popup.jpg",
        "id": "473",
        "repeat": "",
        "size": "cover",
        "attachment": "",
        "position": "center center"
    },
    "popup_color_scheme": "light",
    "promo_popup_hide_mobile": "1",
    "sticky_toolbar": "1",
    "title-background": {
        "color": "#0a0a0a",
        "url": "http:\/\/dummy.xtemos.com\/woodmart2\/accessories-gutenberg\/wp-content\/uploads\/sites\/26\/2024\/07\/accessories-page-title.jpg",
        "id": "474",
        "repeat": "",
        "size": "cover",
        "attachment": "",
        "position": "center center"
    },
    "page-title-color": "light",
    "disable_footer": "1",
    "footer_content_type": "html_block",
    "footer_html_block": "184",
    "footer-bar-bg": {
        "color": "rgb(16,16,16)",
        "url": "",
        "id": "",
        "repeat": "",
        "size": "",
        "attachment": "",
        "position": ""
    },
    "footer-style": "light",
    "disable_copyrights": "0",
    "prefooter_content_type": "text",
    "prefooter_area": "",
    "text-font": [
        {
            "google": "1",
            "font-family": "Jost",
            "font-weight": "400",
            "font-style": "",
            "font-subset": "",
            "font-size": "16",
            "tablet": {
                "font-size": ""
            },
            "mobile": {
                "font-size": ""
            },
            "color": "rgb(118,118,118)"
        }
    ],
    "advanced_typography": {
        "0": {
            "custom": "",
            "selector": [
                "product_category_title"
            ],
            "custom-selector": "",
            "google": "0",
            "font-family": "",
            "font-weight": "",
            "font-style": "",
            "font-subset": "",
            "text-transform": "none",
            "font-size": "18",
            "tablet": {
                "font-size": "",
                "line-height": ""
            },
            "mobile": {
                "font-size": "",
                "line-height": ""
            },
            "line-height": "",
            "color": "",
            "hover": {
                "color": ""
            }
        },
        "1": {
            "custom": "",
            "selector": [
                "mobile_menu_first_level",
                "mobile_menu_second_level"
            ],
            "custom-selector": "",
            "google": "0",
            "font-family": "",
            "font-weight": "",
            "font-style": "",
            "font-subset": "",
            "text-transform": "none",
            "font-size": "",
            "tablet": {
                "font-size": "",
                "line-height": ""
            },
            "mobile": {
                "font-size": "",
                "line-height": ""
            },
            "line-height": "",
            "color": "",
            "hover": {
                "color": ""
            }
        },
        "2": {
            "custom": "",
            "custom-selector": "",
            "google": "1",
            "font-family": "Jost",
            "font-weight": "700",
            "font-style": "",
            "font-subset": "",
            "text-transform": "",
            "font-size": "",
            "tablet": {
                "font-size": "",
                "line-height": ""
            },
            "mobile": {
                "font-size": "",
                "line-height": ""
            },
            "line-height": "",
            "color": "",
            "hover": {
                "color": ""
            }
        },
        "{{index}}": {
            "custom": "",
            "custom-selector": "",
            "google": "0",
            "font-family": "",
            "font-weight": "",
            "font-style": "",
            "font-subset": "",
            "text-transform": "",
            "font-size": "",
            "tablet": {
                "font-size": "",
                "line-height": ""
            },
            "mobile": {
                "font-size": "",
                "line-height": ""
            },
            "line-height": "",
            "color": "",
            "hover": {
                "color": ""
            }
        }
    },
    "single_product_thumbnails_gallery_width": "eyJkZXZpY2VzIjp7ImRlc2t0b3AiOnsidW5pdCI6InB4IiwidmFsdWUiOiIxNDgifSwidGFibGV0Ijp7InVuaXQiOiJweCIsInZhbHVlIjoiIn0sIm1vYmlsZSI6eyJ1bml0IjoicHgiLCJ2YWx1ZSI6IiJ9fX0=",
    "variation_gallery_storage_method": "new",
    "variation_gallery": "1",
    "ajax_variation_threshold": "30",
    "products_hover": "quick",
    "buy_now_enabled": "1",
    "bought_together_column": "3",
    "blog_columns": "4",
    "blog_spacing": "20",
    "blog_excerpt": "excerpt",
    "blog_words_or_letters": "letter",
    "blog_excerpt_length": "130",
    "grid_swatches_attribute": "pa_color",
    "swatches_use_variation_images": "1",
    "quick_shop_variable": "1",
    "brands_attribute": "pa_brand",
    "shop_view": "grid",
    "products_columns": "3",
    "products_spacing": "20",
    "buy_now_redirect": "checkout",
    "related_product_columns": "5",
    "related_product_count": "8",
    "rounding_size": "8",
    "btns_default_style": "semi-rounded",
    "btns_shop_bg": {
        "idle": "rgb(46,107,198)"
    },
    "btns_shop_bg_hover": {
        "idle": "rgb(42,97,180)"
    },
    "advanced_typography_button": {
        "0": {
            "custom": "",
            "selector": [
                "single_buy_now"
            ],
            "custom-selector": "",
            "google": "0",
            "font-family": "",
            "font-weight": "",
            "font-style": "",
            "font-subset": "",
            "text-transform": "",
            "font-size": "",
            "tablet": {
                "font-size": ""
            },
            "mobile": {
                "font-size": ""
            },
            "color": "",
            "hover": {
                "color": "",
                "background": "rgb(51,51,51)"
            },
            "background": "rgb(36,36,36)"
        },
        "{{index}}": {
            "custom": "",
            "custom-selector": "",
            "google": "0",
            "font-family": "",
            "font-weight": "",
            "font-style": "",
            "font-subset": "",
            "text-transform": "",
            "font-size": "",
            "tablet": {
                "font-size": ""
            },
            "mobile": {
                "font-size": ""
            },
            "color": "",
            "hover": {
                "color": "",
                "background": ""
            },
            "background": ""
        }
    },
    "btns_shop_style": "semi-rounded",
    "form_fields_style": "semi-rounded",
    "primary-color": {
        "idle": "rgb(46,107,198)"
    },
    "android_browser_bar_color": {
        "idle": "rgb(46,107,198)"
    },
    "shop_title": "1",
    "shop_categories": "0",
    "compare_by_category": "1",
    "show_more_products_btn": "1",
    "grid_stock_progress_bar": "0",
    "update_cart_quantity_change": "1",
    "primary-font": [
        {
            "google": "0",
            "font-family": "hkgroteskpro",
            "font-weight": "600",
            "font-style": "",
            "font-subset": "",
            "text-transform": "",
            "color": "#242424"
        }
    ],
    "multi_custom_fonts": {
        "0": {
            "font-name": "hkgroteskpro",
            "font-weight": "600",
            "font-woff": {
                "url": "http:\/\/dummy.xtemos.com\/woodmart2\/accessories-gutenberg\/wp-content\/uploads\/sites\/26\/2024\/08\/hkgroteskpro-semibold.woff",
                "id": "960"
            },
            "font-woff2": {
                "url": "http:\/\/dummy.xtemos.com\/woodmart2\/accessories-gutenberg\/wp-content\/uploads\/sites\/26\/2024\/08\/hkgroteskpro-semibold.woff2",
                "id": "961"
            }
        },
        "{{index}}": {
            "font-name": "",
            "font-weight": "400",
            "font-woff": {
                "url": "",
                "id": ""
            },
            "font-woff2": {
                "url": "",
                "id": ""
            }
        }
    },
    "post-titles-font": [
        {
            "google": "0",
            "font-family": "hkgroteskpro",
            "font-weight": "600",
            "font-style": "",
            "font-subset": "",
            "text-transform": "",
            "color": "#333333",
            "hover": {
                "color": "rgb(51 51 51 \/ 65%)"
            }
        }
    ],
    "secondary-font": [
        {
            "google": "0",
            "font-family": "hkgroteskpro",
            "font-weight": "600",
            "font-style": "",
            "font-subset": ""
        }
    ],
    "widget-titles-font": [
        {
            "google": "0",
            "font-family": "hkgroteskpro",
            "font-weight": "600",
            "font-style": "",
            "font-subset": "",
            "text-transform": "uppercase",
            "font-size": "16",
            "tablet": {
                "font-size": ""
            },
            "mobile": {
                "font-size": ""
            },
            "color": "#333"
        }
    ],
    "navigation-font": [
        {
            "google": "0",
            "font-family": "hkgroteskpro",
            "font-weight": "600",
            "font-style": "",
            "font-subset": "",
            "text-transform": "none",
            "font-size": "14",
            "tablet": {
                "font-size": ""
            },
            "mobile": {
                "font-size": ""
            }
        }
    ],
    "popup_padding": "eyJkZXZpY2VzIjp7ImRlc2t0b3AiOnsidW5pdCI6InB4IiwidmFsdWUiOiIxNSJ9fX0=",
    "shop_per_page": "18",
    "shop_filters": "0",
    "shipping_progress_bar_enabled": "1",
    "shipping_progress_bar_calculation": "custom",
    "shipping_progress_bar_amount": "900",
    "shipping_progress_bar_location_card_page": "1",
    "shipping_progress_bar_location_mini_cart": "1",
    "bought_together_enabled": "1",
    "single_stock_progress_bar": "1",
    "product_countdown": "1",
    "sale_countdown_variable": "1",
    "stock_status_design": "default",
    "categories_with_shadow": "disable",
    "form_border_width": "1",
    "checkout_show_product_image": "1"
}