<?xml version="1.0" encoding="UTF-8" ?>
	<!-- This is a WordPress eXtended RSS file generated by WordPress as an export of your site. -->
	<!-- It contains information about your site's posts, pages, comments, categories, and other content. -->
	<!-- You may use this file to transfer that content from one site to another. -->
	<!-- This file is not intended to serve as a complete backup of your site. -->

	<!-- To import this information into a WordPress site follow these steps: -->
	<!-- 1. Log in to that site as an administrator. -->
	<!-- 2. Go to Tools: Import in the WordPress admin panel. -->
	<!-- 3. Install the "WordPress" importer from the list. -->
	<!-- 4. Activate & Run Importer. -->
	<!-- 5. Upload this file using the form provided on that page. -->
	<!-- 6. You will first be asked to map the authors in this export file to users -->
	<!--    on the site. For each author, you may choose to map to an -->
	<!--    existing user on the site or to create a new user. -->
	<!-- 7. WordPress will then import each of the posts, pages, comments, categories, etc. -->
	<!--    contained in this file into your site. -->

	<!-- generator="WordPress/6.5.5" created="2024-11-08 15:33" -->
<rss version="2.0"
	xmlns:excerpt="http://wordpress.org/export/1.2/excerpt/"
	xmlns:content="http://purl.org/rss/1.0/modules/content/"
	xmlns:wfw="http://wellformedweb.org/CommentAPI/"
	xmlns:dc="http://purl.org/dc/elements/1.1/"
	xmlns:wp="http://wordpress.org/export/1.2/"
>

<channel>
	<title>Gutenberg base</title>
	<link>https://dummy.xtemos.com/woodmart2/gutenberg</link>
	<description></description>
	<pubDate>Fri, 08 Nov 2024 15:33:17 +0000</pubDate>
	<language>en-US</language>
	<wp:wxr_version>1.2</wp:wxr_version>
	<wp:base_site_url>https://dummy.xtemos.com/woodmart2/</wp:base_site_url>
	<wp:base_blog_url>https://dummy.xtemos.com/woodmart2/gutenberg</wp:base_blog_url>

		<wp:author><wp:author_id>2</wp:author_id><wp:author_login><![CDATA[zakhar]]></wp:author_login><wp:author_email><![CDATA[zak@asda.as]]></wp:author_email><wp:author_display_name><![CDATA[Mr. Mackay]]></wp:author_display_name><wp:author_first_name><![CDATA[sds]]></wp:author_first_name><wp:author_last_name><![CDATA[scssc]]></wp:author_last_name></wp:author>
	<wp:author><wp:author_id>491</wp:author_id><wp:author_login><![CDATA[maksimkliakhin]]></wp:author_login><wp:author_email><![CDATA[m.kliakhin@gmail.com]]></wp:author_email><wp:author_display_name><![CDATA[Ethan Smith]]></wp:author_display_name><wp:author_first_name><![CDATA[Ethan]]></wp:author_first_name><wp:author_last_name><![CDATA[Smith]]></wp:author_last_name></wp:author>

					<wp:term>
			<wp:term_id>0</wp:term_id>
			<wp:term_taxonomy><![CDATA[]]></wp:term_taxonomy>
			<wp:term_slug><![CDATA[]]></wp:term_slug>
			<wp:term_parent><![CDATA[]]></wp:term_parent>
					</wp:term>
			<wp:term><wp:term_id>89</wp:term_id><wp:term_taxonomy>nav_menu</wp:term_taxonomy><wp:term_slug><![CDATA[footer-menu-architecture-studio]]></wp:term_slug><wp:term_name><![CDATA[Footer menu Architecture studio]]></wp:term_name>
</wp:term>
	<wp:term><wp:term_id>90</wp:term_id><wp:term_taxonomy>nav_menu</wp:term_taxonomy><wp:term_slug><![CDATA[main-menu-architecture-studio]]></wp:term_slug><wp:term_name><![CDATA[Main menu Architecture studio]]></wp:term_name>
</wp:term>

	<generator>https://wordpress.org/?v=6.5.5</generator>

					<item>
					<title><![CDATA[sweets-bakery-popup]]></title>
					<link>https://dummy.xtemos.com/woodmart2/gutenberg/sweets-bakery-popup/</link>
					<pubDate>Wed, 19 Jun 2024 13:40:03 +0000</pubDate>
					<dc:creator><![CDATA[zakhar]]></dc:creator>
					<guid isPermaLink="false">http://dummy.xtemos.com/woodmart2/gutenberg/wp-content/uploads/sites/24/2024/06/sweets-bakery-popup.jpg</guid>
															<wp:post_id>17853</wp:post_id>
					<wp:post_date><![CDATA[2024-06-19 13:40:03]]></wp:post_date>
					<wp:post_date_gmt><![CDATA[2024-06-19 13:40:03]]></wp:post_date_gmt>
					<wp:post_modified><![CDATA[2024-06-19 13:40:03]]></wp:post_modified>
					<wp:post_modified_gmt><![CDATA[2024-06-19 13:40:03]]></wp:post_modified_gmt>
					<wp:comment_status><![CDATA[open]]></wp:comment_status>
					<wp:post_name><![CDATA[sweets-bakery-popup]]></wp:post_name>
					<wp:status><![CDATA[inherit]]></wp:status>
					<wp:post_parent>0</wp:post_parent>
					<wp:menu_order>0</wp:menu_order>
					<wp:post_type><![CDATA[attachment]]></wp:post_type>
											<wp:attachment_url><![CDATA[https://dummy.xtemos.com/woodmart2/gutenberg/wp-content/uploads/sites/24/2024/06/sweets-bakery-popup.jpg]]></wp:attachment_url>
																					<wp:postmeta>
							<wp:meta_key><![CDATA[_wp_attached_file]]></wp:meta_key>
							<wp:meta_value><![CDATA[2024/06/sweets-bakery-popup.jpg]]></wp:meta_value>
						</wp:postmeta>
										</item>
								<item>
					<title><![CDATA[Home Architecture-studio]]></title>
					<link>https://dummy.xtemos.com/woodmart2/gutenberg/home-architecture-studio/</link>
					<pubDate>Fri, 05 Jul 2024 08:39:46 +0000</pubDate>
					<dc:creator><![CDATA[maksimkliakhin]]></dc:creator>
					<guid isPermaLink="false">https://dummy.xtemos.com/woodmart2/gutenberg/?page_id=24280</guid>
											<content:encoded><![CDATA[<!-- wp:wd/menu-anchor {"blockId":"82cc8c06-4096-4b95-965f-5aa1fc917079"} -->
<div id="wd-82cc8c06" class="wp-block-wd-menu-anchor wd-menu-anchor" data-id="Home" data-offset="150"><div id="Home"></div></div>
<!-- /wp:wd/menu-anchor -->

<!-- wp:wd/slider {"blockId":"6134f44d-aa5c-4674-bb8d-17c725d282f2","effect":"parallax","arrowsColorScheme":"light","pagination":false,"paginationTablet":false,"paginationMobile":false,"autoplay":true,"autoplaySpeed":"25000","stretch":true,"height":"620","marginTop":"-40","marginBottom":"80","heightTablet":"500","marginBottomTablet":"60","marginBottomMobile":"40"} -->
<div id="wd-6134f44d" class="wp-block-wd-slider wd-slider wd-carousel-container wd-anim-parallax wd-stretched"><div class="wd-carousel-inner"><div class="wd-carousel wd-grid" data-effect="parallax" data-wrap="yes" data-autoheight="yes" data-sliding_speed="700" style="--wd-col-lg:1;--wd-col-md:1;--wd-col-sm:1" data-autoplay="yes" data-speed="25000"><div class="wd-carousel-wrap"><!-- wp:wd/slider-item {"blockId":"edc04529-9b56-48f3-8b32-c8fea728d684","justify":"flex-end","effect":"parallax","bgImage":{"id":24312,"url":"https://dummy.xtemos.com/woodmart2/gutenberg/wp-content/uploads/sites/24/2024/07/w-architecture-slider-2-opt.jpg"},"bgPosition":"center center","bgDisplaySize":"cover","bgColorCode":"#f7e8d9"} -->
<div id="wd-edc04529" class="wp-block-wd-slider-item wd-slide wd-carousel-item"><div class="wd-slide-container"><!-- wp:wd/row {"blockId":"856e7c84-e4ec-4a95-a8a0-4ad31602163f"} -->
<div id="wd-856e7c84" class="wp-block-wd-row"><!-- wp:wd/column {"blockId":"c9a21a05-763d-44c8-8434-6c1d0181f4b0","adjacentCount":2,"colWidth":50,"blocksGap":10,"bgColorCode":"#ffffff","paddingTop":"5","paddingRight":"5","paddingBottom":"5","paddingLeft":"5","paddingLock":true,"paddingUnits":"%","paddingTopMobile":"10","paddingRightMobile":"10","paddingBottomMobile":"10","paddingLeftMobile":"10","paddingLockMobile":true,"paddingUnitsMobile":"%"} -->
<div id="wd-c9a21a05" class="wp-block-wd-column"><!-- wp:wd/paragraph {"blockId":"3bcefce5-a33e-4ae0-895b-5a5420d7aad5","colorCode":"rgba(0,0,0,0.11)","tpFontFamily":"var(\u002d\u002dwd-title-font)","tpFontSize":"58","tpLineHeight":"1.2","tpFontVariant":"700","tpFontWeight":"700","tpFontSizeTablet":"48","tpFontSizeMobile":"38","tpLineHeightUnits":"em"} -->
<p id="wd-3bcefce5" class="wp-block-wd-paragraph">2022</p>
<!-- /wp:wd/paragraph -->

<!-- wp:wd/title {"blockId":"ca4f27ab-ed51-4eca-ba9b-f82414c6973a","content":"Scandinavian Style House​","tpFontSize":"48","displayWidth":"custom","customWidth":"340","tpFontSizeTablet":"42","tpFontSizeMobile":"38"} -->
<h2 id="wd-ca4f27ab" class="wp-block-wd-title title wd-custom-width">Scandinavian Style House​</h2>
<!-- /wp:wd/title --></div>
<!-- /wp:wd/column -->

<!-- wp:wd/column {"blockId":"c09d4542-5535-4190-8916-32d1a67c4326","adjacentCount":2,"colWidth":50,"alignItems":"flex-end","justifyContent":"flex-end","hideOnMobile":true} -->
<div id="wd-c09d4542" class="wp-block-wd-column wd-align-is-lg-flex-end wd-hide-sm"><!-- wp:wd/button {"blockId":"4c50a9b5-edeb-445e-a759-df4a41fac0a1","size":"large","icon":"right","displayWidth":"","customWidth":"185"} -->
<a id="wd-4c50a9b5" class="wp-block-wd-button btn btn-style-default btn-size-large btn-shape-rectangle btn-icon-pos-right" href="#"><span>view content</span><!-- wp:wd/icon {"blockId":"a99d3234-42cd-4441-ae51-d14045673a0b","image":{"id":24425,"url":"https://dummy.xtemos.com/woodmart2/gutenberg/wp-content/uploads/sites/24/2024/07/wd-furniture-long-arrow-black.svg"},"width":"18","height":"18"} -->
<div id="wd-a99d3234" class="wp-block-wd-icon"><img class="wp-image-24425" src="https://dummy.xtemos.com/woodmart2/gutenberg/wp-content/uploads/sites/24/2024/07/wd-furniture-long-arrow-black.svg" alt="" /></div>
<!-- /wp:wd/icon --></a>
<!-- /wp:wd/button --></div>
<!-- /wp:wd/column --></div>
<!-- /wp:wd/row --></div><div class="wd-slide-bg wd-fill"></div></div>
<!-- /wp:wd/slider-item -->

<!-- wp:wd/slider-item {"blockId":"02bb0b53-dc18-45cd-a9bb-30dde6931e7a","justify":"flex-end","effect":"parallax","bgImage":{"id":24311,"url":"https://dummy.xtemos.com/woodmart2/gutenberg/wp-content/uploads/sites/24/2024/07/w-architecture-slider-1-opt.jpg"},"bgPosition":"center center","bgDisplaySize":"cover","bgColorCode":"#e5c8b6"} -->
<div id="wd-02bb0b53" class="wp-block-wd-slider-item wd-slide wd-carousel-item"><div class="wd-slide-container"><!-- wp:wd/row {"blockId":"2845fa0d-fb00-45d4-946f-d7fdc2f41efc"} -->
<div id="wd-2845fa0d" class="wp-block-wd-row"><!-- wp:wd/column {"blockId":"58bbc528-ef01-41cb-926a-9be86a976376","adjacentCount":2,"colWidth":50,"blocksGap":10,"bgColorCode":"#ffffff","paddingTop":"5","paddingRight":"5","paddingBottom":"5","paddingLeft":"5","paddingLock":true,"paddingUnits":"%","paddingTopMobile":"10","paddingRightMobile":"10","paddingBottomMobile":"10","paddingLeftMobile":"10","paddingLockMobile":true,"paddingUnitsMobile":"%"} -->
<div id="wd-58bbc528" class="wp-block-wd-column"><!-- wp:wd/paragraph {"blockId":"53e0ec68-6c0e-4c15-ab13-b799762c1650","colorCode":"rgba(0,0,0,0.11)","tpFontFamily":"var(\u002d\u002dwd-title-font)","tpFontSize":"58","tpLineHeight":"1.2","tpFontVariant":"700","tpFontWeight":"700","tpFontSizeTablet":"48","tpFontSizeMobile":"38","tpLineHeightUnits":"em"} -->
<p id="wd-53e0ec68" class="wp-block-wd-paragraph">2023</p>
<!-- /wp:wd/paragraph -->

<!-- wp:wd/title {"blockId":"1c1ef8e3-0bd9-41fb-a17e-557b3d2667b2","content":"Contemporary Style House","tpFontSize":"48","displayWidth":"custom","customWidth":"340","tpFontSizeTablet":"42","tpFontSizeMobile":"38"} -->
<h2 id="wd-1c1ef8e3" class="wp-block-wd-title title wd-custom-width">Contemporary Style House</h2>
<!-- /wp:wd/title --></div>
<!-- /wp:wd/column -->

<!-- wp:wd/column {"blockId":"c7182081-dfe0-4d58-904c-ccb9fee11551","adjacentCount":2,"colWidth":50,"alignItems":"flex-end","justifyContent":"flex-end","hideOnMobile":true} -->
<div id="wd-c7182081" class="wp-block-wd-column wd-align-is-lg-flex-end wd-hide-sm"><!-- wp:wd/button {"blockId":"609a45d0-2ae0-4a16-84d5-e0849893efaa","size":"large","icon":"right","displayWidth":"","customWidth":"185"} -->
<a id="wd-609a45d0" class="wp-block-wd-button btn btn-style-default btn-size-large btn-shape-rectangle btn-icon-pos-right" href="#"><span>view content</span><!-- wp:wd/icon {"blockId":"169a3b60-ed89-45ca-8408-814c19d270c5","image":{"id":24425,"url":"https://dummy.xtemos.com/woodmart2/gutenberg/wp-content/uploads/sites/24/2024/07/wd-furniture-long-arrow-black.svg"},"width":"18","height":"18"} -->
<div id="wd-169a3b60" class="wp-block-wd-icon"><img class="wp-image-24425" src="https://dummy.xtemos.com/woodmart2/gutenberg/wp-content/uploads/sites/24/2024/07/wd-furniture-long-arrow-black.svg" alt="" /></div>
<!-- /wp:wd/icon --></a>
<!-- /wp:wd/button --></div>
<!-- /wp:wd/column --></div>
<!-- /wp:wd/row --></div><div class="wd-slide-bg wd-fill"></div></div>
<!-- /wp:wd/slider-item -->

<!-- wp:wd/slider-item {"blockId":"18de7e91-663b-4ccd-8ce7-698b67195609","justify":"flex-end","effect":"parallax","bgImage":{"id":24313,"url":"https://dummy.xtemos.com/woodmart2/gutenberg/wp-content/uploads/sites/24/2024/07/w-architecture-slider-3-opt.jpg"},"bgPosition":"center center","bgDisplaySize":"cover","bgColorCode":"#bdd5ea"} -->
<div id="wd-18de7e91" class="wp-block-wd-slider-item wd-slide wd-carousel-item"><div class="wd-slide-container"><!-- wp:wd/row {"blockId":"78aa5097-f985-44e9-8520-f6e43240752b"} -->
<div id="wd-78aa5097" class="wp-block-wd-row"><!-- wp:wd/column {"blockId":"e966d919-fc3f-4373-8553-e8144f3fe9d8","adjacentCount":2,"colWidth":50,"blocksGap":10,"bgColorCode":"#ffffff","paddingTop":"5","paddingRight":"5","paddingBottom":"5","paddingLeft":"5","paddingLock":true,"paddingUnits":"%","paddingTopMobile":"10","paddingRightMobile":"10","paddingBottomMobile":"10","paddingLeftMobile":"10","paddingLockMobile":true,"paddingUnitsMobile":"%"} -->
<div id="wd-e966d919" class="wp-block-wd-column"><!-- wp:wd/paragraph {"blockId":"edac6850-870f-4eae-b1cc-dfecd77dc7d8","colorCode":"rgba(0,0,0,0.11)","tpFontFamily":"var(\u002d\u002dwd-title-font)","tpFontSize":"58","tpLineHeight":"1.2","tpFontVariant":"700","tpFontWeight":"700","tpFontSizeTablet":"48","tpFontSizeMobile":"38","tpLineHeightUnits":"em"} -->
<p id="wd-edac6850" class="wp-block-wd-paragraph">2024</p>
<!-- /wp:wd/paragraph -->

<!-- wp:wd/title {"blockId":"c52266c5-9e2d-42b5-84b8-fef3024b0642","content":"Metal Facade Coatings","tpFontSize":"48","displayWidth":"custom","customWidth":"340","tpFontSizeTablet":"42","tpFontSizeMobile":"38"} -->
<h2 id="wd-c52266c5" class="wp-block-wd-title title wd-custom-width">Metal Facade Coatings</h2>
<!-- /wp:wd/title --></div>
<!-- /wp:wd/column -->

<!-- wp:wd/column {"blockId":"e61bb364-f0bd-48e7-9c88-ee79e95d028a","adjacentCount":2,"colWidth":50,"alignItems":"flex-end","justifyContent":"flex-end","hideOnMobile":true} -->
<div id="wd-e61bb364" class="wp-block-wd-column wd-align-is-lg-flex-end wd-hide-sm"><!-- wp:wd/button {"blockId":"645cd965-ac0d-4e9c-aa6b-912897ae82d8","size":"large","icon":"right","displayWidth":"","customWidth":"185"} -->
<a id="wd-645cd965" class="wp-block-wd-button btn btn-style-default btn-size-large btn-shape-rectangle btn-icon-pos-right" href="#"><span>view content</span><!-- wp:wd/icon {"blockId":"8fe3c520-6ced-489b-a1a7-36f635d06168","image":{"id":24425,"url":"https://dummy.xtemos.com/woodmart2/gutenberg/wp-content/uploads/sites/24/2024/07/wd-furniture-long-arrow-black.svg"},"width":"18","height":"18"} -->
<div id="wd-8fe3c520" class="wp-block-wd-icon"><img class="wp-image-24425" src="https://dummy.xtemos.com/woodmart2/gutenberg/wp-content/uploads/sites/24/2024/07/wd-furniture-long-arrow-black.svg" alt="" /></div>
<!-- /wp:wd/icon --></a>
<!-- /wp:wd/button --></div>
<!-- /wp:wd/column --></div>
<!-- /wp:wd/row --></div><div class="wd-slide-bg wd-fill"></div></div>
<!-- /wp:wd/slider-item --></div></div><div class="wd-nav-arrows wd-slider-arrows wd-custom-style wd-pos-sep wd-style-1 color-scheme-light"><div class="wd-btn-arrow wd-prev"><div class="wd-arrow-inner"></div></div><div class="wd-btn-arrow wd-next"><div class="wd-arrow-inner"></div></div></div></div></div>
<!-- /wp:wd/slider -->

<!-- wp:wd/menu-anchor {"blockId":"73d289bf-30f8-421b-a6b4-85f1c9c76852"} -->
<div id="wd-73d289bf" class="wp-block-wd-menu-anchor wd-menu-anchor" data-id="About_Us" data-offset="150"><div id="About_Us"></div></div>
<!-- /wp:wd/menu-anchor -->

<!-- wp:wd/container {"blockId":"60683762-e05b-4381-ab58-a776d7286e8d","rowGap":"0","marginBottom":"100","displayWidth":"custom","customWidth":"1000","marginBottomTablet":"60","marginBottomMobile":"40"} -->
<div id="wd-60683762" class="wp-block-wd-container wd-dir-col wd-custom-width"><!-- wp:wd/paragraph {"blockId":"bc8e4cad-cca0-41ea-9bd2-3c3ecb80a26a","colorVariable":"\u002d\u002dwd-primary-color","tpFontVariant":"600","tpFontWeight":"600","marginBottom":"10"} -->
<p id="wd-bc8e4cad" class="wp-block-wd-paragraph">About us</p>
<!-- /wp:wd/paragraph -->

<!-- wp:wd/title {"blockId":"65367b6e-f0d5-48f6-addb-46fd174a188e","content":"Architecture design studio","tpFontSize":"30","marginBottom":"80","marginBottomTablet":"60","marginBottomMobile":"20"} -->
<h2 id="wd-65367b6e" class="wp-block-wd-title title">Architecture design studio</h2>
<!-- /wp:wd/title -->

<!-- wp:wd/row {"blockId":"f72f0139-b217-4187-b61a-aad9e498ef9c","columnsGap":20,"paddingBottom":"70","marginBottom":"80","borderType":"solid","borderColorCode":"rgba(16,16,16,0.05)","borderWidthBottom":"1","paddingBottomTablet":"50","marginBottomTablet":"60"} -->
<div id="wd-f72f0139" class="wp-block-wd-row"><!-- wp:wd/column {"blockId":"66d13704-f134-408b-9e77-ce86024aaeb1","adjacentCount":2,"colWidth":50,"adjacentCountTablet":1,"colWidthTablet":100} -->
<div id="wd-66d13704" class="wp-block-wd-column"><!-- wp:wd/paragraph {"blockId":"e3a604c6-4eb5-4e33-9868-a4476fd7a209"} -->
<p id="wd-e3a604c6" class="wp-block-wd-paragraph">We work in a modern style and implement the latest trends so that the design remains relevant for years to come. We create a thoughtful exterior structure. We want to get rid of all that is superfluous, leaving the main thing – convenience, aesthetics and tranquility.</p>
<!-- /wp:wd/paragraph --></div>
<!-- /wp:wd/column -->

<!-- wp:wd/column {"blockId":"56ab4624-99df-44dc-ac38-77aa58742f33","adjacentCount":2,"colWidth":50,"adjacentCountTablet":1,"colWidthTablet":100} -->
<div id="wd-56ab4624" class="wp-block-wd-column"><!-- wp:wd/paragraph {"blockId":"fad0d4e8-6bab-4737-b3a6-1bef0142e042"} -->
<p id="wd-fad0d4e8" class="wp-block-wd-paragraph">What sets us apart from other studios is our high quality design, international experience and the ability to work in a variety of typologies, including residential, commercial and hotel projects. We offer tailor-made solutions for each project that has a unique personality according to its context.</p>
<!-- /wp:wd/paragraph --></div>
<!-- /wp:wd/column --></div>
<!-- /wp:wd/row -->

<!-- wp:wd/image {"blockId":"3e5481dd-c5bf-4161-b48e-c0d20dd68afd","image":{"id":24301,"url":"https://dummy.xtemos.com/woodmart2/gutenberg/wp-content/uploads/sites/24/2024/07/w-architecture-group-portrait-opt.jpg"},"imageData":{"url":"https://dummy.xtemos.com/woodmart2/gutenberg/wp-content/uploads/sites/24/2024/07/w-architecture-group-portrait-opt.jpg","width":980,"height":660},"displayWidth":"full-width","customWidth":"90","displayWidthTablet":"custom","displayWidthMobile":"full-width","customWidthTablet":"90","customWidthUnits":"%","customWidthUnitsTablet":"%"} -->
<div id="wd-3e5481dd" class="wp-block-wd-image wd-block-image wd-custom-width"><img class="wp-image-24301" src="https://dummy.xtemos.com/woodmart2/gutenberg/wp-content/uploads/sites/24/2024/07/w-architecture-group-portrait-opt.jpg" alt="" /></div>
<!-- /wp:wd/image --></div>
<!-- /wp:wd/container -->

<!-- wp:wd/section {"blockId":"1116004b-0b19-4b2d-a26d-ac017d04fb32","bgColorCode":"#f2efeb","bgHoverColorCode":"#f2efeb","paddingTop":"100","paddingBottom":"100","marginBottom":"100","paddingTopTablet":"60","paddingTopMobile":"20","paddingBottomTablet":"60","paddingBottomMobile":"40","marginBottomTablet":"60","marginBottomMobile":"40"} -->
<div id="wd-1116004b" class="wp-block-wd-section"><!-- wp:wd/menu-anchor {"blockId":"31ac65d0-e691-4f2b-a687-c31af6ff1764"} -->
<div id="wd-31ac65d0" class="wp-block-wd-menu-anchor wd-menu-anchor" data-id="Portfolio" data-offset="150"><div id="Portfolio"></div></div>
<!-- /wp:wd/menu-anchor -->

<!-- wp:wd/container {"blockId":"b5891f48-515e-4b28-baf6-39034513444f","rowGap":"10"} -->
<div id="wd-b5891f48" class="wp-block-wd-container wd-dir-col"><!-- wp:wd/title {"blockId":"5d630053-1548-472e-a38a-db910ae83752","content":"Our portfolio","tpFontSize":"30"} -->
<h2 id="wd-5d630053" class="wp-block-wd-title title">Our portfolio</h2>
<!-- /wp:wd/title -->

<!-- wp:wd/paragraph {"blockId":"95ca363c-3323-4d1f-8c62-e953cf66a8b0","marginBottom":"20","marginBottomMobile":"20"} -->
<p id="wd-95ca363c" class="wp-block-wd-paragraph">Here we have collected our selected projects</p>
<!-- /wp:wd/paragraph -->

<!-- wp:wd/portfolio {"blockId":"1e7420c2-5332-4759-a773-b7c2fbfd4487","columnsMobile":2} /--></div>
<!-- /wp:wd/container --></div>
<!-- /wp:wd/section -->

<!-- wp:wd/row {"blockId":"78bd1e8e-5783-4016-a0d6-99c5fdc64c86","columnsGap":0,"marginBottom":"100","columnsGapTablet":null,"columnsGapMobile":40,"marginBottomTablet":"60","marginBottomMobile":"40"} -->
<div id="wd-78bd1e8e" class="wp-block-wd-row"><!-- wp:wd/column {"blockId":"23863cd2-fc8f-4eec-9e7a-5df28e8e30ca","adjacentCount":2,"colWidth":38,"blocksGap":30,"paddingRight":"60","adjacentCountTablet":2,"colWidthTablet":50,"paddingRightTablet":"40","paddingRightMobile":"0"} -->
<div id="wd-23863cd2" class="wp-block-wd-column"><!-- wp:wd/infobox {"blockId":"e3f22e5f-7c46-4cb9-8392-36a243c1d627","iconPositionHorizontal":"start","iconPositionVertical":"center"} -->
<div id="wd-e3f22e5f" class="wp-block-wd-infobox wd-hover-parent wd-icon-start"><!-- wp:wd/icon {"blockId":"8316b61c-b6e8-49ef-944b-e6c2544b3391","type":"text","tpFontSize":"52","colorVariable":"\u002d\u002dwd-primary-color"} -->
<div id="wd-8316b61c" class="wp-block-wd-icon wd-with-text"><span class="wd-text-icon">12</span></div>
<!-- /wp:wd/icon -->

<!-- wp:wd/container {"blockId":"4eaa70c0-6909-449f-8940-168213e18a03","metadata":{"name":"Infobox content"}} -->
<div id="wd-4eaa70c0" class="wp-block-wd-container wd-dir-col"><!-- wp:wd/title {"blockId":"c5b6e92a-0126-4a40-800c-9e5d030e56e3","content":"Years","tpFontSize":"42","tpFontSizeTablet":"36","tpFontSizeMobile":"28"} -->
<h2 id="wd-c5b6e92a" class="wp-block-wd-title title">Years</h2>
<!-- /wp:wd/title --></div>
<!-- /wp:wd/container --></div>
<!-- /wp:wd/infobox -->

<!-- wp:wd/infobox {"blockId":"04d846e3-08e7-4c01-bbc1-79a48be8253a","iconPositionHorizontal":"start","iconPositionVertical":"center"} -->
<div id="wd-04d846e3" class="wp-block-wd-infobox wd-hover-parent wd-icon-start"><!-- wp:wd/icon {"blockId":"42bdef24-195d-4ca5-bef6-5c0b949ff50d","type":"text","tpFontSize":"52","colorVariable":"\u002d\u002dwd-primary-color"} -->
<div id="wd-42bdef24" class="wp-block-wd-icon wd-with-text"><span class="wd-text-icon">68</span></div>
<!-- /wp:wd/icon -->

<!-- wp:wd/container {"blockId":"90abf585-db11-4671-88e7-fd1f6167df11","metadata":{"name":"Infobox content"}} -->
<div id="wd-90abf585" class="wp-block-wd-container wd-dir-col"><!-- wp:wd/title {"blockId":"7912f53d-0d24-43bd-9ed7-38db18a42902","content":"Projects","tpFontSize":"42","tpFontSizeTablet":"30","tpFontSizeMobile":"28"} -->
<h2 id="wd-7912f53d" class="wp-block-wd-title title">Projects</h2>
<!-- /wp:wd/title --></div>
<!-- /wp:wd/container --></div>
<!-- /wp:wd/infobox -->

<!-- wp:wd/infobox {"blockId":"d7d2e652-796b-4832-afff-f445cb2478d7","iconPositionHorizontal":"start","iconPositionVertical":"center"} -->
<div id="wd-d7d2e652" class="wp-block-wd-infobox wd-hover-parent wd-icon-start"><!-- wp:wd/icon {"blockId":"9f31feef-0e1d-4afa-8b14-42a2225d07ec","type":"text","tpFontSize":"52","colorVariable":"\u002d\u002dwd-primary-color"} -->
<div id="wd-9f31feef" class="wp-block-wd-icon wd-with-text"><span class="wd-text-icon">16</span></div>
<!-- /wp:wd/icon -->

<!-- wp:wd/container {"blockId":"4924e770-2524-4603-ac32-db29d21f09d9","metadata":{"name":"Infobox content"}} -->
<div id="wd-4924e770" class="wp-block-wd-container wd-dir-col"><!-- wp:wd/title {"blockId":"4a9415f7-1ce4-4fdd-8d57-79869812d852","content":"Award","tpFontSize":"42","tpFontSizeTablet":"30","tpFontSizeMobile":"28"} -->
<h2 id="wd-4a9415f7" class="wp-block-wd-title title">Award</h2>
<!-- /wp:wd/title --></div>
<!-- /wp:wd/container --></div>
<!-- /wp:wd/infobox -->

<!-- wp:wd/image {"blockId":"7fdc9ec4-ab22-4d09-972d-b560a459dae5","image":{"id":24302,"url":"https://dummy.xtemos.com/woodmart2/gutenberg/wp-content/uploads/sites/24/2024/07/w-architecture-image-opt.jpg"},"imageData":{"url":"https://dummy.xtemos.com/woodmart2/gutenberg/wp-content/uploads/sites/24/2024/07/w-architecture-image-opt.jpg","width":380,"height":200},"displayWidth":""} -->
<div id="wd-7fdc9ec4" class="wp-block-wd-image wd-block-image"><img class="wp-image-24302" src="https://dummy.xtemos.com/woodmart2/gutenberg/wp-content/uploads/sites/24/2024/07/w-architecture-image-opt.jpg" alt="" /></div>
<!-- /wp:wd/image --></div>
<!-- /wp:wd/column -->

<!-- wp:wd/column {"blockId":"b9fceaa7-aae0-4681-a321-0fc26b4c97c1","adjacentCount":2,"colWidth":62,"blocksGap":10,"paddingLeft":"60","borderType":"solid","borderColorCode":"rgba(0,0,0,0.11)","borderWidthLeft":"1","borderWidthLock":false,"adjacentCountTablet":2,"colWidthTablet":50,"paddingLeftTablet":"40","paddingLeftMobile":"0","borderWidthTablet":"0","borderWidthTopMobile":"0","borderWidthRightMobile":"0","borderWidthBottomMobile":"0","borderWidthLeftMobile":"0"} -->
<div id="wd-b9fceaa7" class="wp-block-wd-column"><!-- wp:wd/paragraph {"blockId":"8f749825-c421-42e5-8e0d-be2cf033453a","colorVariable":"\u002d\u002dwd-primary-color","tpFontVariant":"600","tpFontWeight":"600"} -->
<p id="wd-8f749825" class="wp-block-wd-paragraph">Our services</p>
<!-- /wp:wd/paragraph -->

<!-- wp:wd/title {"blockId":"39d0a9e1-5164-4969-b6b6-4dba54345702","content":"Work with love","tpFontSize":"30","marginBottom":"20"} -->
<h2 id="wd-39d0a9e1" class="wp-block-wd-title title">Work with love</h2>
<!-- /wp:wd/title -->

<!-- wp:wd/paragraph {"blockId":"9a4b2c1b-0794-494c-9a33-e8ccc03b0a2e"} -->
<p id="wd-9a4b2c1b" class="wp-block-wd-paragraph">We help our clients realise their ambitions through architecture that’s grounded in people, their experiences and their environments, applying our integrated expertise and the most advanced digital tools to unlock the potential in every project.</p>
<!-- /wp:wd/paragraph -->

<!-- wp:wd/paragraph {"blockId":"530c7951-e7e0-4730-bcdf-55348d7fd867","marginBottom":"20"} -->
<p id="wd-530c7951" class="wp-block-wd-paragraph">It’s an approach that’s allowed us to create exhilarating sporting venues, bring greener futures to commercial developments, connect communities through more intuitive and efficient transport systems, and deliver cutting edge scientific and industrial facilities.​</p>
<!-- /wp:wd/paragraph -->

<!-- wp:wd/button {"blockId":"32d156bb-916c-4761-8039-e5aab348a12d","predefinedColor":"primary","hideOnMobile":true,"displayWidth":"","customWidth":"185"} -->
<a id="wd-32d156bb" class="wp-block-wd-button btn btn-style-default btn-color-primary btn-size-default btn-shape-rectangle wd-hide-sm" href="#"><span>send request</span></a>
<!-- /wp:wd/button --></div>
<!-- /wp:wd/column --></div>
<!-- /wp:wd/row -->

<!-- wp:wd/menu-anchor {"blockId":"2eb46b2d-cc6b-41ed-9f7c-1dec8d7431db"} -->
<div id="wd-2eb46b2d" class="wp-block-wd-menu-anchor wd-menu-anchor" data-id="Contact_Us" data-offset="150"><div id="Contact_Us"></div></div>
<!-- /wp:wd/menu-anchor -->

<!-- wp:wd/section {"blockId":"601afd15-996c-45fb-b4ec-9a021001e384","bgColorCode":"#ffffff","paddingTop":"80","paddingBottom":"80","marginBottom":"-40","paddingTopTablet":"60","paddingTopMobile":"40","paddingBottomTablet":"60","paddingBottomMobile":"40"} -->
<div id="wd-601afd15" class="wp-block-wd-section"><!-- wp:wd/container {"blockId":"732853e3-d753-4fc4-b754-966626d74368","rowGap":"60","rowGapTablet":"40","rowGapMobile":"30"} -->
<div id="wd-732853e3" class="wp-block-wd-container wd-dir-col"><!-- wp:wd/title {"blockId":"4ffd8e87-eec0-4aaa-8882-851a9e997aef","content":"Get in Touch With Us","tpFontSize":"58","displayWidth":"custom","customWidth":"377","tpFontSizeTablet":"30","tpLineHeightUnits":"em"} -->
<h2 id="wd-4ffd8e87" class="wp-block-wd-title title wd-custom-width">Get in Touch With Us</h2>
<!-- /wp:wd/title -->

<!-- wp:wd/carousel {"blockId":"6530f045-55e7-4a1b-a4a6-e5d52bd6ead0","paginationControl":false,"paginationControlTablet":false,"paginationControlMobile":false,"syncParentId":"wd_6530f045"} -->
<div id="wd-6530f045" class="wp-block-wd-carousel wd-carousel-container"><div class="wd-carousel-inner"><div class="wd-carousel wd-grid" style="--wd-col-lg:3;--wd-col-md:3;--wd-col-sm:1;--wd-gap-lg:20px;--wd-gap-sm:10px" data-scroll_per_page="yes"><div class="wd-carousel-wrap"><!-- wp:wd/carousel-item {"blockId":"e9c9da6a-788e-4a29-8b13-7da4bcd2714a"} -->
<div id="wd-e9c9da6a" class="wp-block-wd-carousel-item wd-carousel-item"><!-- wp:wd/infobox {"blockId":"652790b0-2358-435c-9726-a1e8f667a343","iconPositionHorizontal":"start"} -->
<div id="wd-652790b0" class="wp-block-wd-infobox wd-hover-parent wd-icon-start"><!-- wp:wd/icon {"blockId":"23780e92-5630-4bde-b9b0-884364451030","image":{"id":28239,"url":"https://dummy.xtemos.com/woodmart2/gutenberg/wp-content/uploads/sites/24/2024/08/mail-1.svg"},"width":"30","height":"30"} -->
<div id="wd-23780e92" class="wp-block-wd-icon"><img class="wp-image-28239" src="https://dummy.xtemos.com/woodmart2/gutenberg/wp-content/uploads/sites/24/2024/08/mail-1.svg" alt="" /></div>
<!-- /wp:wd/icon -->

<!-- wp:wd/container {"blockId":"81844aad-48ab-43c5-b57e-92b73b34bc7a","metadata":{"name":"Infobox content"}} -->
<div id="wd-81844aad" class="wp-block-wd-container wd-dir-col"><!-- wp:wd/title {"blockId":"d4043e58-79e4-45ca-8dfa-6b044fc930a7","content":"Our email:","tpFontSize":"18"} -->
<h2 id="wd-d4043e58" class="wp-block-wd-title title">Our email:</h2>
<!-- /wp:wd/title -->

<!-- wp:wd/paragraph {"blockId":"e541304c-73fc-495a-8024-95af9227b7a1"} -->
<p id="wd-e541304c" class="wp-block-wd-paragraph">xtemos@gmail.com</p>
<!-- /wp:wd/paragraph --></div>
<!-- /wp:wd/container --></div>
<!-- /wp:wd/infobox --></div>
<!-- /wp:wd/carousel-item -->

<!-- wp:wd/carousel-item {"blockId":"6634cccd-9aea-4fcc-85bf-168f952f621e"} -->
<div id="wd-6634cccd" class="wp-block-wd-carousel-item wd-carousel-item"><!-- wp:wd/infobox {"blockId":"9fbac0ce-e617-4d2b-b61a-dcfbd34546cc","iconPositionHorizontal":"start"} -->
<div id="wd-9fbac0ce" class="wp-block-wd-infobox wd-hover-parent wd-icon-start"><!-- wp:wd/icon {"blockId":"cd1c552d-e582-460d-86da-dbc0cfbd6733","image":{"id":28240,"url":"https://dummy.xtemos.com/woodmart2/gutenberg/wp-content/uploads/sites/24/2024/08/phone.svg"},"width":"30","height":"30"} -->
<div id="wd-cd1c552d" class="wp-block-wd-icon"><img class="wp-image-28240" src="https://dummy.xtemos.com/woodmart2/gutenberg/wp-content/uploads/sites/24/2024/08/phone.svg" alt="" /></div>
<!-- /wp:wd/icon -->

<!-- wp:wd/container {"blockId":"f13656e5-833c-4f80-8ad6-7d88dca845d6","metadata":{"name":"Infobox content"}} -->
<div id="wd-f13656e5" class="wp-block-wd-container wd-dir-col"><!-- wp:wd/title {"blockId":"4bbbc98f-ea63-4310-9756-83d16e8b0fc7","content":"Our phone number:","tpFontSize":"18"} -->
<h2 id="wd-4bbbc98f" class="wp-block-wd-title title">Our phone number:</h2>
<!-- /wp:wd/title -->

<!-- wp:wd/paragraph {"blockId":"b3d40618-e271-4d7d-9013-15c3a59c3a0d"} -->
<p id="wd-b3d40618" class="wp-block-wd-paragraph">(406) 555-0120</p>
<!-- /wp:wd/paragraph --></div>
<!-- /wp:wd/container --></div>
<!-- /wp:wd/infobox --></div>
<!-- /wp:wd/carousel-item -->

<!-- wp:wd/carousel-item {"blockId":"e73eeeea-7241-49aa-83b6-3c3e7ebb545d"} -->
<div id="wd-e73eeeea" class="wp-block-wd-carousel-item wd-carousel-item"><!-- wp:wd/infobox {"blockId":"402a9088-ef49-483a-aa0a-2cab77ed63db","iconPositionHorizontal":"start"} -->
<div id="wd-402a9088" class="wp-block-wd-infobox wd-hover-parent wd-icon-start"><!-- wp:wd/icon {"blockId":"0d01e69d-e7f8-4217-9163-b04c51c5fede","image":{"id":28241,"url":"https://dummy.xtemos.com/woodmart2/gutenberg/wp-content/uploads/sites/24/2024/08/pointer.svg"},"width":"30","height":"30"} -->
<div id="wd-0d01e69d" class="wp-block-wd-icon"><img class="wp-image-28241" src="https://dummy.xtemos.com/woodmart2/gutenberg/wp-content/uploads/sites/24/2024/08/pointer.svg" alt="" /></div>
<!-- /wp:wd/icon -->

<!-- wp:wd/container {"blockId":"5a54ba04-f104-4936-b16d-82759f005fda","metadata":{"name":"Infobox content"}} -->
<div id="wd-5a54ba04" class="wp-block-wd-container wd-dir-col"><!-- wp:wd/title {"blockId":"518c929b-665c-49cc-82a9-136c2db3e06c","content":"Our address:","tpFontSize":"18"} -->
<h2 id="wd-518c929b" class="wp-block-wd-title title">Our address:</h2>
<!-- /wp:wd/title -->

<!-- wp:wd/paragraph {"blockId":"a30703c8-36cd-4ae6-abc0-2b867a927a03"} -->
<p id="wd-a30703c8" class="wp-block-wd-paragraph">Asylgade 16, 5000 Odense, Denmark</p>
<!-- /wp:wd/paragraph --></div>
<!-- /wp:wd/container --></div>
<!-- /wp:wd/infobox --></div>
<!-- /wp:wd/carousel-item --></div></div><div class="wd-nav-arrows wd-pos-sep wd-hover-1 wd-icon-1"><div class="wd-btn-arrow wd-prev"><div class="wd-arrow-inner"></div></div><div class="wd-btn-arrow wd-next"><div class="wd-arrow-inner"></div></div></div></div></div>
<!-- /wp:wd/carousel -->

<!-- wp:wd/button {"blockId":"b761a33d-48b3-40da-a1ba-8f0ce38adcde","design":"bordered","predefinedColor":"","size":"large","bgColorCode":"rgba(0,0,0,0)","bgHoverColorCode":"#e9e9e9","displayWidth":"","customWidth":"185"} -->
<a id="wd-b761a33d" class="wp-block-wd-button btn btn-style-bordered btn-size-large btn-shape-rectangle" href="#"><span>send request</span></a>
<!-- /wp:wd/button --></div>
<!-- /wp:wd/container --></div>
<!-- /wp:wd/section -->]]></content:encoded>
															<wp:post_id>24280</wp:post_id>
					<wp:post_date><![CDATA[2024-07-05 08:39:46]]></wp:post_date>
					<wp:post_date_gmt><![CDATA[2024-07-05 08:39:46]]></wp:post_date_gmt>
					<wp:post_modified><![CDATA[2024-11-08 15:30:58]]></wp:post_modified>
					<wp:post_modified_gmt><![CDATA[2024-11-08 15:30:58]]></wp:post_modified_gmt>
					<wp:comment_status><![CDATA[closed]]></wp:comment_status>
					<wp:post_name><![CDATA[home-architecture-studio]]></wp:post_name>
					<wp:status><![CDATA[publish]]></wp:status>
					<wp:post_parent>0</wp:post_parent>
					<wp:menu_order>0</wp:menu_order>
					<wp:post_type><![CDATA[page]]></wp:post_type>
																					<wp:postmeta>
							<wp:meta_key><![CDATA[_woodmart_whb_header]]></wp:meta_key>
							<wp:meta_value><![CDATA[header_238697]]></wp:meta_value>
						</wp:postmeta>
												<wp:postmeta>
							<wp:meta_key><![CDATA[_woodmart_title_off]]></wp:meta_key>
							<wp:meta_value><![CDATA[on]]></wp:meta_value>
						</wp:postmeta>
												<wp:postmeta>
							<wp:meta_key><![CDATA[_woodmart_page-title-size]]></wp:meta_key>
							<wp:meta_value><![CDATA[inherit]]></wp:meta_value>
						</wp:postmeta>
												<wp:postmeta>
							<wp:meta_key><![CDATA[_woodmart_title_image]]></wp:meta_key>
							<wp:meta_value><![CDATA[a:2:{s:3:"url";s:0:"";s:2:"id";s:0:"";}]]></wp:meta_value>
						</wp:postmeta>
												<wp:postmeta>
							<wp:meta_key><![CDATA[_woodmart_main_layout]]></wp:meta_key>
							<wp:meta_value><![CDATA[full-width]]></wp:meta_value>
						</wp:postmeta>
												<wp:postmeta>
							<wp:meta_key><![CDATA[_woodmart_prefooter_off]]></wp:meta_key>
							<wp:meta_value><![CDATA[on]]></wp:meta_value>
						</wp:postmeta>
												<wp:postmeta>
							<wp:meta_key><![CDATA[_woodmart_copyrights_off]]></wp:meta_key>
							<wp:meta_value><![CDATA[on]]></wp:meta_value>
						</wp:postmeta>
										</item>
								<item>
					<title><![CDATA[Promo popup Architecture studio]]></title>
					<link>https://dummy.xtemos.com/woodmart2/gutenberg/?cms_block=promo-popup-architecture-studio</link>
					<pubDate>Fri, 05 Jul 2024 08:42:30 +0000</pubDate>
					<dc:creator><![CDATA[maksimkliakhin]]></dc:creator>
					<guid isPermaLink="false">https://dummy.xtemos.com/woodmart2/gutenberg/?post_type=cms_block&#038;p=24286</guid>
											<content:encoded><![CDATA[<!-- wp:wd/row {"blockId":"7e9300c5-89e8-46ec-b75a-47022e14e36d"} -->
<div id="wd-7e9300c5" class="wp-block-wd-row"><!-- wp:wd/column {"blockId":"d6661c6c-f71b-495d-a2ce-1b876782a508","adjacentCount":2,"colWidth":58,"blocksGap":10,"justifyContent":"center"} -->
<div id="wd-d6661c6c" class="wp-block-wd-column"><!-- wp:wd/paragraph {"blockId":"f1e19a58-e806-43c9-9b0c-b0b895d49fbf","colorCode":"#b6b6b6","tpFontSize":"14"} -->
<p id="wd-f1e19a58" class="wp-block-wd-paragraph">CURABITUR ALIQUET QUAM POSUERE​</p>
<!-- /wp:wd/paragraph -->

<!-- wp:wd/title {"blockId":"0ddf1c48-e81d-4600-a72c-a1b32a736323","content":"Do You Like the Theme? Share with Your Friends!​","tpFontSize":"38","tpFontVariant":"400","tpFontWeight":"400","marginBottom":"15","displayWidth":"custom","customWidth":"414","tpFontSizeTablet":"28","tpFontSizeMobile":"22"} -->
<h2 id="wd-0ddf1c48" class="wp-block-wd-title title wd-custom-width">Do You Like the Theme? Share with Your Friends!​</h2>
<!-- /wp:wd/title -->

<!-- wp:wd/social-buttons {"blockId":"ecb2e8de-ad27-4571-8d69-8129e74e4505","style":"colored","marginBottom":"15"} /-->

<!-- wp:wd/paragraph {"blockId":"9c81a315-b03c-4836-a46b-003dc9d895cc"} -->
<p id="wd-9c81a315" class="wp-block-wd-paragraph">Will be used in accordance with our <a href="#"><strong>Privacy Policy</strong></a></p>
<!-- /wp:wd/paragraph --></div>
<!-- /wp:wd/column -->

<!-- wp:wd/column {"blockId":"bac16512-2a61-44dd-b468-1a0e08913660","adjacentCount":2,"colWidth":42} -->
<div id="wd-bac16512" class="wp-block-wd-column"><!-- wp:wd/image {"blockId":"950104da-5cef-43f8-906c-a7ec76162730","image":{"id":24304,"url":"https://dummy.xtemos.com/woodmart2/gutenberg/wp-content/uploads/sites/24/2024/07/w-architecture-popup-opt.jpg"},"imageData":{"url":"https://dummy.xtemos.com/woodmart2/gutenberg/wp-content/uploads/sites/24/2024/07/w-architecture-popup-opt.jpg","width":640,"height":800}} -->
<div id="wd-950104da" class="wp-block-wd-image wd-block-image"><img class="wp-image-24304" src="https://dummy.xtemos.com/woodmart2/gutenberg/wp-content/uploads/sites/24/2024/07/w-architecture-popup-opt.jpg" /></div>
<!-- /wp:wd/image --></div>
<!-- /wp:wd/column --></div>
<!-- /wp:wd/row -->]]></content:encoded>
															<wp:post_id>24286</wp:post_id>
					<wp:post_date><![CDATA[2024-07-05 08:42:30]]></wp:post_date>
					<wp:post_date_gmt><![CDATA[2024-07-05 08:42:30]]></wp:post_date_gmt>
					<wp:post_modified><![CDATA[2024-10-22 14:35:08]]></wp:post_modified>
					<wp:post_modified_gmt><![CDATA[2024-10-22 14:35:08]]></wp:post_modified_gmt>
					<wp:comment_status><![CDATA[closed]]></wp:comment_status>
					<wp:post_name><![CDATA[promo-popup-architecture-studio]]></wp:post_name>
					<wp:status><![CDATA[publish]]></wp:status>
					<wp:post_parent>0</wp:post_parent>
					<wp:menu_order>0</wp:menu_order>
					<wp:post_type><![CDATA[cms_block]]></wp:post_type>
																			</item>
								<item>
					<title><![CDATA[Footer Architecture Studio]]></title>
					<link>https://dummy.xtemos.com/woodmart2/gutenberg/?cms_block=footer-architecture-studio</link>
					<pubDate>Fri, 05 Jul 2024 08:42:42 +0000</pubDate>
					<dc:creator><![CDATA[zakhar]]></dc:creator>
					<guid isPermaLink="false">https://dummy.xtemos.com/woodmart2/gutenberg/?post_type=cms_block&#038;p=24287</guid>
											<content:encoded><![CDATA[<!-- wp:wd/container {"blockId":"a6da010b-f99d-4e5c-a2c2-7df1c5c2a06c","direction":"row","align":"center","paddingTop":"30","paddingBottom":"30","directionMobile":"column","alignMobile":"start"} -->
<div id="wd-a6da010b" class="wp-block-wd-container wd-dir-row wd-dir-col-sm wd-align-is-lg-center wd-align-is-sm-start"><!-- wp:wd/image {"blockId":"808c0e55-d795-4e7d-87a4-b48d1532fd8c","image":{"id":24303,"url":"https://dummy.xtemos.com/woodmart2/gutenberg/wp-content/uploads/sites/24/2024/07/w-architecture-logo.svg"},"imageData":{"url":"https://dummy.xtemos.com/woodmart2/gutenberg/wp-content/uploads/sites/24/2024/07/w-architecture-logo.svg","width":220,"height":60},"marginRight":"auto","marginUnits":"custom","displayWidth":"","customWidth":""} -->
<div id="wd-808c0e55" class="wp-block-wd-image wd-block-image"><a href="#" class="wd-block-image-link"><img class="wp-image-24303" src="https://dummy.xtemos.com/woodmart2/gutenberg/wp-content/uploads/sites/24/2024/07/w-architecture-logo.svg" alt="" /></a></div>
<!-- /wp:wd/image -->

<!-- wp:wd/container {"blockId":"faba408e-cd44-4ee0-9342-254fbd7c8aef","textAlign":"end","rowGap":"5","displayWidth":"fit-content","textAlignMobile":"start"} -->
<div id="wd-faba408e" class="wp-block-wd-container wd-dir-col wd-align wd-custom-width"><!-- wp:wd/menu {"blockId":"68a466b4-6795-4f1f-8109-3c5971d3cafb","nav_menu":"89","itemTpFontSize":"15","itemTpTextTransform":"none"} /-->

<!-- wp:wd/paragraph {"blockId":"bbc6874f-8315-4ab7-a100-2bf58421607b"} -->
<p id="wd-bbc6874f" class="wp-block-wd-paragraph"><a href="https://xtemos.com/">Woodmart</a> 2023 created by <a href="https://xtemos.com/"><strong>Xtemos Studio</strong></a></p>
<!-- /wp:wd/paragraph --></div>
<!-- /wp:wd/container --></div>
<!-- /wp:wd/container -->]]></content:encoded>
															<wp:post_id>24287</wp:post_id>
					<wp:post_date><![CDATA[2024-07-05 08:42:42]]></wp:post_date>
					<wp:post_date_gmt><![CDATA[2024-07-05 08:42:42]]></wp:post_date_gmt>
					<wp:post_modified><![CDATA[2024-11-08 15:32:51]]></wp:post_modified>
					<wp:post_modified_gmt><![CDATA[2024-11-08 15:32:51]]></wp:post_modified_gmt>
					<wp:comment_status><![CDATA[closed]]></wp:comment_status>
					<wp:post_name><![CDATA[footer-architecture-studio]]></wp:post_name>
					<wp:status><![CDATA[publish]]></wp:status>
					<wp:post_parent>0</wp:post_parent>
					<wp:menu_order>0</wp:menu_order>
					<wp:post_type><![CDATA[cms_block]]></wp:post_type>
																			</item>
								<item>
					<title><![CDATA[w-architecture-logo]]></title>
					<link>https://dummy.xtemos.com/woodmart2/gutenberg/w-architecture-logo/</link>
					<pubDate>Fri, 05 Jul 2024 08:50:03 +0000</pubDate>
					<dc:creator><![CDATA[maksimkliakhin]]></dc:creator>
					<guid isPermaLink="false">https://dummy.xtemos.com/woodmart2/gutenberg/wp-content/uploads/sites/24/2024/07/w-architecture-logo.svg</guid>
															<wp:post_id>24303</wp:post_id>
					<wp:post_date><![CDATA[2024-07-05 08:50:03]]></wp:post_date>
					<wp:post_date_gmt><![CDATA[2024-07-05 08:50:03]]></wp:post_date_gmt>
					<wp:post_modified><![CDATA[2024-07-05 08:50:03]]></wp:post_modified>
					<wp:post_modified_gmt><![CDATA[2024-07-05 08:50:03]]></wp:post_modified_gmt>
					<wp:comment_status><![CDATA[open]]></wp:comment_status>
					<wp:post_name><![CDATA[w-architecture-logo]]></wp:post_name>
					<wp:status><![CDATA[inherit]]></wp:status>
					<wp:post_parent>0</wp:post_parent>
					<wp:menu_order>0</wp:menu_order>
					<wp:post_type><![CDATA[attachment]]></wp:post_type>
											<wp:attachment_url><![CDATA[https://dummy.xtemos.com/woodmart2/gutenberg/wp-content/uploads/sites/24/2024/07/w-architecture-logo.svg]]></wp:attachment_url>
																					<wp:postmeta>
							<wp:meta_key><![CDATA[_wp_attached_file]]></wp:meta_key>
							<wp:meta_value><![CDATA[2024/07/w-architecture-logo.svg]]></wp:meta_value>
						</wp:postmeta>
										</item>
								<item>
					<title><![CDATA[w-architecture-popup-opt]]></title>
					<link>https://dummy.xtemos.com/woodmart2/gutenberg/w-architecture-popup-opt/</link>
					<pubDate>Fri, 05 Jul 2024 08:50:03 +0000</pubDate>
					<dc:creator><![CDATA[maksimkliakhin]]></dc:creator>
					<guid isPermaLink="false">https://dummy.xtemos.com/woodmart2/gutenberg/wp-content/uploads/sites/24/2024/07/w-architecture-popup-opt.jpg</guid>
															<wp:post_id>24304</wp:post_id>
					<wp:post_date><![CDATA[2024-07-05 08:50:03]]></wp:post_date>
					<wp:post_date_gmt><![CDATA[2024-07-05 08:50:03]]></wp:post_date_gmt>
					<wp:post_modified><![CDATA[2024-07-05 08:50:03]]></wp:post_modified>
					<wp:post_modified_gmt><![CDATA[2024-07-05 08:50:03]]></wp:post_modified_gmt>
					<wp:comment_status><![CDATA[open]]></wp:comment_status>
					<wp:post_name><![CDATA[w-architecture-popup-opt]]></wp:post_name>
					<wp:status><![CDATA[inherit]]></wp:status>
					<wp:post_parent>0</wp:post_parent>
					<wp:menu_order>0</wp:menu_order>
					<wp:post_type><![CDATA[attachment]]></wp:post_type>
											<wp:attachment_url><![CDATA[https://dummy.xtemos.com/woodmart2/gutenberg/wp-content/uploads/sites/24/2024/07/w-architecture-popup-opt.jpg]]></wp:attachment_url>
																					<wp:postmeta>
							<wp:meta_key><![CDATA[_wp_attached_file]]></wp:meta_key>
							<wp:meta_value><![CDATA[2024/07/w-architecture-popup-opt.jpg]]></wp:meta_value>
						</wp:postmeta>
										</item>
								<item>
					<title><![CDATA[w-architecture-portfollio-1-opt-1]]></title>
					<link>https://dummy.xtemos.com/woodmart2/gutenberg/w-architecture-portfollio-1-opt-1/</link>
					<pubDate>Fri, 05 Jul 2024 08:50:04 +0000</pubDate>
					<dc:creator><![CDATA[maksimkliakhin]]></dc:creator>
					<guid isPermaLink="false">https://dummy.xtemos.com/woodmart2/gutenberg/wp-content/uploads/sites/24/2024/07/w-architecture-portfollio-1-opt-1.jpg</guid>
															<wp:post_id>24305</wp:post_id>
					<wp:post_date><![CDATA[2024-07-05 08:50:04]]></wp:post_date>
					<wp:post_date_gmt><![CDATA[2024-07-05 08:50:04]]></wp:post_date_gmt>
					<wp:post_modified><![CDATA[2024-07-05 08:50:04]]></wp:post_modified>
					<wp:post_modified_gmt><![CDATA[2024-07-05 08:50:04]]></wp:post_modified_gmt>
					<wp:comment_status><![CDATA[open]]></wp:comment_status>
					<wp:post_name><![CDATA[w-architecture-portfollio-1-opt-1]]></wp:post_name>
					<wp:status><![CDATA[inherit]]></wp:status>
					<wp:post_parent>0</wp:post_parent>
					<wp:menu_order>0</wp:menu_order>
					<wp:post_type><![CDATA[attachment]]></wp:post_type>
											<wp:attachment_url><![CDATA[https://dummy.xtemos.com/woodmart2/gutenberg/wp-content/uploads/sites/24/2024/07/w-architecture-portfollio-1-opt-1.jpg]]></wp:attachment_url>
																					<wp:postmeta>
							<wp:meta_key><![CDATA[_wp_attached_file]]></wp:meta_key>
							<wp:meta_value><![CDATA[2024/07/w-architecture-portfollio-1-opt-1.jpg]]></wp:meta_value>
						</wp:postmeta>
										</item>
								<item>
					<title><![CDATA[w-architecture-portfollio-2-opt]]></title>
					<link>https://dummy.xtemos.com/woodmart2/gutenberg/w-architecture-portfollio-2-opt/</link>
					<pubDate>Fri, 05 Jul 2024 08:50:04 +0000</pubDate>
					<dc:creator><![CDATA[maksimkliakhin]]></dc:creator>
					<guid isPermaLink="false">https://dummy.xtemos.com/woodmart2/gutenberg/wp-content/uploads/sites/24/2024/07/w-architecture-portfollio-2-opt.jpg</guid>
															<wp:post_id>24306</wp:post_id>
					<wp:post_date><![CDATA[2024-07-05 08:50:04]]></wp:post_date>
					<wp:post_date_gmt><![CDATA[2024-07-05 08:50:04]]></wp:post_date_gmt>
					<wp:post_modified><![CDATA[2024-07-05 08:50:04]]></wp:post_modified>
					<wp:post_modified_gmt><![CDATA[2024-07-05 08:50:04]]></wp:post_modified_gmt>
					<wp:comment_status><![CDATA[open]]></wp:comment_status>
					<wp:post_name><![CDATA[w-architecture-portfollio-2-opt]]></wp:post_name>
					<wp:status><![CDATA[inherit]]></wp:status>
					<wp:post_parent>0</wp:post_parent>
					<wp:menu_order>0</wp:menu_order>
					<wp:post_type><![CDATA[attachment]]></wp:post_type>
											<wp:attachment_url><![CDATA[https://dummy.xtemos.com/woodmart2/gutenberg/wp-content/uploads/sites/24/2024/07/w-architecture-portfollio-2-opt.jpg]]></wp:attachment_url>
																					<wp:postmeta>
							<wp:meta_key><![CDATA[_wp_attached_file]]></wp:meta_key>
							<wp:meta_value><![CDATA[2024/07/w-architecture-portfollio-2-opt.jpg]]></wp:meta_value>
						</wp:postmeta>
										</item>
								<item>
					<title><![CDATA[w-architecture-portfollio-3-opt]]></title>
					<link>https://dummy.xtemos.com/woodmart2/gutenberg/w-architecture-portfollio-3-opt/</link>
					<pubDate>Fri, 05 Jul 2024 08:50:05 +0000</pubDate>
					<dc:creator><![CDATA[maksimkliakhin]]></dc:creator>
					<guid isPermaLink="false">https://dummy.xtemos.com/woodmart2/gutenberg/wp-content/uploads/sites/24/2024/07/w-architecture-portfollio-3-opt.jpg</guid>
															<wp:post_id>24307</wp:post_id>
					<wp:post_date><![CDATA[2024-07-05 08:50:05]]></wp:post_date>
					<wp:post_date_gmt><![CDATA[2024-07-05 08:50:05]]></wp:post_date_gmt>
					<wp:post_modified><![CDATA[2024-07-05 08:50:05]]></wp:post_modified>
					<wp:post_modified_gmt><![CDATA[2024-07-05 08:50:05]]></wp:post_modified_gmt>
					<wp:comment_status><![CDATA[open]]></wp:comment_status>
					<wp:post_name><![CDATA[w-architecture-portfollio-3-opt]]></wp:post_name>
					<wp:status><![CDATA[inherit]]></wp:status>
					<wp:post_parent>0</wp:post_parent>
					<wp:menu_order>0</wp:menu_order>
					<wp:post_type><![CDATA[attachment]]></wp:post_type>
											<wp:attachment_url><![CDATA[https://dummy.xtemos.com/woodmart2/gutenberg/wp-content/uploads/sites/24/2024/07/w-architecture-portfollio-3-opt.jpg]]></wp:attachment_url>
																					<wp:postmeta>
							<wp:meta_key><![CDATA[_wp_attached_file]]></wp:meta_key>
							<wp:meta_value><![CDATA[2024/07/w-architecture-portfollio-3-opt.jpg]]></wp:meta_value>
						</wp:postmeta>
										</item>
								<item>
					<title><![CDATA[w-architecture-portfollio-4-opt]]></title>
					<link>https://dummy.xtemos.com/woodmart2/gutenberg/w-architecture-portfollio-4-opt/</link>
					<pubDate>Fri, 05 Jul 2024 08:50:05 +0000</pubDate>
					<dc:creator><![CDATA[maksimkliakhin]]></dc:creator>
					<guid isPermaLink="false">https://dummy.xtemos.com/woodmart2/gutenberg/wp-content/uploads/sites/24/2024/07/w-architecture-portfollio-4-opt.jpg</guid>
															<wp:post_id>24308</wp:post_id>
					<wp:post_date><![CDATA[2024-07-05 08:50:05]]></wp:post_date>
					<wp:post_date_gmt><![CDATA[2024-07-05 08:50:05]]></wp:post_date_gmt>
					<wp:post_modified><![CDATA[2024-07-05 08:50:05]]></wp:post_modified>
					<wp:post_modified_gmt><![CDATA[2024-07-05 08:50:05]]></wp:post_modified_gmt>
					<wp:comment_status><![CDATA[open]]></wp:comment_status>
					<wp:post_name><![CDATA[w-architecture-portfollio-4-opt]]></wp:post_name>
					<wp:status><![CDATA[inherit]]></wp:status>
					<wp:post_parent>0</wp:post_parent>
					<wp:menu_order>0</wp:menu_order>
					<wp:post_type><![CDATA[attachment]]></wp:post_type>
											<wp:attachment_url><![CDATA[https://dummy.xtemos.com/woodmart2/gutenberg/wp-content/uploads/sites/24/2024/07/w-architecture-portfollio-4-opt.jpg]]></wp:attachment_url>
																					<wp:postmeta>
							<wp:meta_key><![CDATA[_wp_attached_file]]></wp:meta_key>
							<wp:meta_value><![CDATA[2024/07/w-architecture-portfollio-4-opt.jpg]]></wp:meta_value>
						</wp:postmeta>
										</item>
								<item>
					<title><![CDATA[w-architecture-portfollio-5-opt]]></title>
					<link>https://dummy.xtemos.com/woodmart2/gutenberg/w-architecture-portfollio-5-opt/</link>
					<pubDate>Fri, 05 Jul 2024 08:50:06 +0000</pubDate>
					<dc:creator><![CDATA[maksimkliakhin]]></dc:creator>
					<guid isPermaLink="false">https://dummy.xtemos.com/woodmart2/gutenberg/wp-content/uploads/sites/24/2024/07/w-architecture-portfollio-5-opt.jpg</guid>
															<wp:post_id>24309</wp:post_id>
					<wp:post_date><![CDATA[2024-07-05 08:50:06]]></wp:post_date>
					<wp:post_date_gmt><![CDATA[2024-07-05 08:50:06]]></wp:post_date_gmt>
					<wp:post_modified><![CDATA[2024-07-05 08:50:06]]></wp:post_modified>
					<wp:post_modified_gmt><![CDATA[2024-07-05 08:50:06]]></wp:post_modified_gmt>
					<wp:comment_status><![CDATA[open]]></wp:comment_status>
					<wp:post_name><![CDATA[w-architecture-portfollio-5-opt]]></wp:post_name>
					<wp:status><![CDATA[inherit]]></wp:status>
					<wp:post_parent>0</wp:post_parent>
					<wp:menu_order>0</wp:menu_order>
					<wp:post_type><![CDATA[attachment]]></wp:post_type>
											<wp:attachment_url><![CDATA[https://dummy.xtemos.com/woodmart2/gutenberg/wp-content/uploads/sites/24/2024/07/w-architecture-portfollio-5-opt.jpg]]></wp:attachment_url>
																					<wp:postmeta>
							<wp:meta_key><![CDATA[_wp_attached_file]]></wp:meta_key>
							<wp:meta_value><![CDATA[2024/07/w-architecture-portfollio-5-opt.jpg]]></wp:meta_value>
						</wp:postmeta>
										</item>
								<item>
					<title><![CDATA[w-architecture-portfollio-6-opt]]></title>
					<link>https://dummy.xtemos.com/woodmart2/gutenberg/w-architecture-portfollio-6-opt/</link>
					<pubDate>Fri, 05 Jul 2024 08:50:07 +0000</pubDate>
					<dc:creator><![CDATA[maksimkliakhin]]></dc:creator>
					<guid isPermaLink="false">https://dummy.xtemos.com/woodmart2/gutenberg/wp-content/uploads/sites/24/2024/07/w-architecture-portfollio-6-opt.jpg</guid>
															<wp:post_id>24310</wp:post_id>
					<wp:post_date><![CDATA[2024-07-05 08:50:07]]></wp:post_date>
					<wp:post_date_gmt><![CDATA[2024-07-05 08:50:07]]></wp:post_date_gmt>
					<wp:post_modified><![CDATA[2024-07-05 08:50:07]]></wp:post_modified>
					<wp:post_modified_gmt><![CDATA[2024-07-05 08:50:07]]></wp:post_modified_gmt>
					<wp:comment_status><![CDATA[open]]></wp:comment_status>
					<wp:post_name><![CDATA[w-architecture-portfollio-6-opt]]></wp:post_name>
					<wp:status><![CDATA[inherit]]></wp:status>
					<wp:post_parent>0</wp:post_parent>
					<wp:menu_order>0</wp:menu_order>
					<wp:post_type><![CDATA[attachment]]></wp:post_type>
											<wp:attachment_url><![CDATA[https://dummy.xtemos.com/woodmart2/gutenberg/wp-content/uploads/sites/24/2024/07/w-architecture-portfollio-6-opt.jpg]]></wp:attachment_url>
																					<wp:postmeta>
							<wp:meta_key><![CDATA[_wp_attached_file]]></wp:meta_key>
							<wp:meta_value><![CDATA[2024/07/w-architecture-portfollio-6-opt.jpg]]></wp:meta_value>
						</wp:postmeta>
										</item>
								<item>
					<title><![CDATA[w-architecture-slider-1-opt]]></title>
					<link>https://dummy.xtemos.com/woodmart2/gutenberg/w-architecture-slider-1-opt/</link>
					<pubDate>Fri, 05 Jul 2024 08:50:07 +0000</pubDate>
					<dc:creator><![CDATA[maksimkliakhin]]></dc:creator>
					<guid isPermaLink="false">https://dummy.xtemos.com/woodmart2/gutenberg/wp-content/uploads/sites/24/2024/07/w-architecture-slider-1-opt.jpg</guid>
															<wp:post_id>24311</wp:post_id>
					<wp:post_date><![CDATA[2024-07-05 08:50:07]]></wp:post_date>
					<wp:post_date_gmt><![CDATA[2024-07-05 08:50:07]]></wp:post_date_gmt>
					<wp:post_modified><![CDATA[2024-07-05 08:50:07]]></wp:post_modified>
					<wp:post_modified_gmt><![CDATA[2024-07-05 08:50:07]]></wp:post_modified_gmt>
					<wp:comment_status><![CDATA[open]]></wp:comment_status>
					<wp:post_name><![CDATA[w-architecture-slider-1-opt]]></wp:post_name>
					<wp:status><![CDATA[inherit]]></wp:status>
					<wp:post_parent>0</wp:post_parent>
					<wp:menu_order>0</wp:menu_order>
					<wp:post_type><![CDATA[attachment]]></wp:post_type>
											<wp:attachment_url><![CDATA[https://dummy.xtemos.com/woodmart2/gutenberg/wp-content/uploads/sites/24/2024/07/w-architecture-slider-1-opt.jpg]]></wp:attachment_url>
																					<wp:postmeta>
							<wp:meta_key><![CDATA[_wp_attached_file]]></wp:meta_key>
							<wp:meta_value><![CDATA[2024/07/w-architecture-slider-1-opt.jpg]]></wp:meta_value>
						</wp:postmeta>
										</item>
								<item>
					<title><![CDATA[w-architecture-slider-2-opt]]></title>
					<link>https://dummy.xtemos.com/woodmart2/gutenberg/w-architecture-slider-2-opt/</link>
					<pubDate>Fri, 05 Jul 2024 08:50:08 +0000</pubDate>
					<dc:creator><![CDATA[maksimkliakhin]]></dc:creator>
					<guid isPermaLink="false">https://dummy.xtemos.com/woodmart2/gutenberg/wp-content/uploads/sites/24/2024/07/w-architecture-slider-2-opt.jpg</guid>
															<wp:post_id>24312</wp:post_id>
					<wp:post_date><![CDATA[2024-07-05 08:50:08]]></wp:post_date>
					<wp:post_date_gmt><![CDATA[2024-07-05 08:50:08]]></wp:post_date_gmt>
					<wp:post_modified><![CDATA[2024-07-05 08:50:08]]></wp:post_modified>
					<wp:post_modified_gmt><![CDATA[2024-07-05 08:50:08]]></wp:post_modified_gmt>
					<wp:comment_status><![CDATA[open]]></wp:comment_status>
					<wp:post_name><![CDATA[w-architecture-slider-2-opt]]></wp:post_name>
					<wp:status><![CDATA[inherit]]></wp:status>
					<wp:post_parent>0</wp:post_parent>
					<wp:menu_order>0</wp:menu_order>
					<wp:post_type><![CDATA[attachment]]></wp:post_type>
											<wp:attachment_url><![CDATA[https://dummy.xtemos.com/woodmart2/gutenberg/wp-content/uploads/sites/24/2024/07/w-architecture-slider-2-opt.jpg]]></wp:attachment_url>
																					<wp:postmeta>
							<wp:meta_key><![CDATA[_wp_attached_file]]></wp:meta_key>
							<wp:meta_value><![CDATA[2024/07/w-architecture-slider-2-opt.jpg]]></wp:meta_value>
						</wp:postmeta>
										</item>
								<item>
					<title><![CDATA[w-architecture-slider-3-opt]]></title>
					<link>https://dummy.xtemos.com/woodmart2/gutenberg/w-architecture-slider-3-opt/</link>
					<pubDate>Fri, 05 Jul 2024 08:50:09 +0000</pubDate>
					<dc:creator><![CDATA[maksimkliakhin]]></dc:creator>
					<guid isPermaLink="false">https://dummy.xtemos.com/woodmart2/gutenberg/wp-content/uploads/sites/24/2024/07/w-architecture-slider-3-opt.jpg</guid>
															<wp:post_id>24313</wp:post_id>
					<wp:post_date><![CDATA[2024-07-05 08:50:09]]></wp:post_date>
					<wp:post_date_gmt><![CDATA[2024-07-05 08:50:09]]></wp:post_date_gmt>
					<wp:post_modified><![CDATA[2024-07-05 08:50:09]]></wp:post_modified>
					<wp:post_modified_gmt><![CDATA[2024-07-05 08:50:09]]></wp:post_modified_gmt>
					<wp:comment_status><![CDATA[open]]></wp:comment_status>
					<wp:post_name><![CDATA[w-architecture-slider-3-opt]]></wp:post_name>
					<wp:status><![CDATA[inherit]]></wp:status>
					<wp:post_parent>0</wp:post_parent>
					<wp:menu_order>0</wp:menu_order>
					<wp:post_type><![CDATA[attachment]]></wp:post_type>
											<wp:attachment_url><![CDATA[https://dummy.xtemos.com/woodmart2/gutenberg/wp-content/uploads/sites/24/2024/07/w-architecture-slider-3-opt.jpg]]></wp:attachment_url>
																					<wp:postmeta>
							<wp:meta_key><![CDATA[_wp_attached_file]]></wp:meta_key>
							<wp:meta_value><![CDATA[2024/07/w-architecture-slider-3-opt.jpg]]></wp:meta_value>
						</wp:postmeta>
										</item>
								<item>
					<title><![CDATA[wd-furniture-long-arrow-black]]></title>
					<link>https://dummy.xtemos.com/woodmart2/gutenberg/home-architecture-studio/wd-furniture-long-arrow-black/</link>
					<pubDate>Fri, 05 Jul 2024 09:59:38 +0000</pubDate>
					<dc:creator><![CDATA[maksimkliakhin]]></dc:creator>
					<guid isPermaLink="false">https://dummy.xtemos.com/woodmart2/gutenberg/wp-content/uploads/sites/24/2024/07/wd-furniture-long-arrow-black.svg</guid>
															<wp:post_id>24425</wp:post_id>
					<wp:post_date><![CDATA[2024-07-05 09:59:38]]></wp:post_date>
					<wp:post_date_gmt><![CDATA[2024-07-05 09:59:38]]></wp:post_date_gmt>
					<wp:post_modified><![CDATA[2024-07-05 09:59:38]]></wp:post_modified>
					<wp:post_modified_gmt><![CDATA[2024-07-05 09:59:38]]></wp:post_modified_gmt>
					<wp:comment_status><![CDATA[open]]></wp:comment_status>
					<wp:post_name><![CDATA[wd-furniture-long-arrow-black]]></wp:post_name>
					<wp:status><![CDATA[inherit]]></wp:status>
					<wp:post_parent>24280</wp:post_parent>
					<wp:menu_order>0</wp:menu_order>
					<wp:post_type><![CDATA[attachment]]></wp:post_type>
											<wp:attachment_url><![CDATA[https://dummy.xtemos.com/woodmart2/gutenberg/wp-content/uploads/sites/24/2024/07/wd-furniture-long-arrow-black.svg]]></wp:attachment_url>
																					<wp:postmeta>
							<wp:meta_key><![CDATA[_wp_attached_file]]></wp:meta_key>
							<wp:meta_value><![CDATA[2024/07/wd-furniture-long-arrow-black.svg]]></wp:meta_value>
						</wp:postmeta>
										</item>
								<item>
					<title><![CDATA[w-architecture-group-portrait-opt]]></title>
					<link>https://dummy.xtemos.com/woodmart2/gutenberg/w-architecture-group-portrait-opt/</link>
					<pubDate>Fri, 05 Jul 2024 08:50:02 +0000</pubDate>
					<dc:creator><![CDATA[maksimkliakhin]]></dc:creator>
					<guid isPermaLink="false">https://dummy.xtemos.com/woodmart2/gutenberg/wp-content/uploads/sites/24/2024/07/w-architecture-group-portrait-opt.jpg</guid>
															<wp:post_id>24301</wp:post_id>
					<wp:post_date><![CDATA[2024-07-05 08:50:02]]></wp:post_date>
					<wp:post_date_gmt><![CDATA[2024-07-05 08:50:02]]></wp:post_date_gmt>
					<wp:post_modified><![CDATA[2024-07-05 08:50:02]]></wp:post_modified>
					<wp:post_modified_gmt><![CDATA[2024-07-05 08:50:02]]></wp:post_modified_gmt>
					<wp:comment_status><![CDATA[open]]></wp:comment_status>
					<wp:post_name><![CDATA[w-architecture-group-portrait-opt]]></wp:post_name>
					<wp:status><![CDATA[inherit]]></wp:status>
					<wp:post_parent>0</wp:post_parent>
					<wp:menu_order>0</wp:menu_order>
					<wp:post_type><![CDATA[attachment]]></wp:post_type>
											<wp:attachment_url><![CDATA[https://dummy.xtemos.com/woodmart2/gutenberg/wp-content/uploads/sites/24/2024/07/w-architecture-group-portrait-opt.jpg]]></wp:attachment_url>
																					<wp:postmeta>
							<wp:meta_key><![CDATA[_wp_attached_file]]></wp:meta_key>
							<wp:meta_value><![CDATA[2024/07/w-architecture-group-portrait-opt.jpg]]></wp:meta_value>
						</wp:postmeta>
										</item>
								<item>
					<title><![CDATA[w-architecture-image-opt]]></title>
					<link>https://dummy.xtemos.com/woodmart2/gutenberg/w-architecture-image-opt/</link>
					<pubDate>Fri, 05 Jul 2024 08:50:02 +0000</pubDate>
					<dc:creator><![CDATA[maksimkliakhin]]></dc:creator>
					<guid isPermaLink="false">https://dummy.xtemos.com/woodmart2/gutenberg/wp-content/uploads/sites/24/2024/07/w-architecture-image-opt.jpg</guid>
															<wp:post_id>24302</wp:post_id>
					<wp:post_date><![CDATA[2024-07-05 08:50:02]]></wp:post_date>
					<wp:post_date_gmt><![CDATA[2024-07-05 08:50:02]]></wp:post_date_gmt>
					<wp:post_modified><![CDATA[2024-07-05 08:50:02]]></wp:post_modified>
					<wp:post_modified_gmt><![CDATA[2024-07-05 08:50:02]]></wp:post_modified_gmt>
					<wp:comment_status><![CDATA[open]]></wp:comment_status>
					<wp:post_name><![CDATA[w-architecture-image-opt]]></wp:post_name>
					<wp:status><![CDATA[inherit]]></wp:status>
					<wp:post_parent>0</wp:post_parent>
					<wp:menu_order>0</wp:menu_order>
					<wp:post_type><![CDATA[attachment]]></wp:post_type>
											<wp:attachment_url><![CDATA[https://dummy.xtemos.com/woodmart2/gutenberg/wp-content/uploads/sites/24/2024/07/w-architecture-image-opt.jpg]]></wp:attachment_url>
																					<wp:postmeta>
							<wp:meta_key><![CDATA[_wp_attached_file]]></wp:meta_key>
							<wp:meta_value><![CDATA[2024/07/w-architecture-image-opt.jpg]]></wp:meta_value>
						</wp:postmeta>
										</item>
								<item>
					<title><![CDATA[FAQs]]></title>
					<link>https://dummy.xtemos.com/woodmart2/gutenberg/2024/07/05/faqs-5/</link>
					<pubDate>Fri, 05 Jul 2024 09:30:27 +0000</pubDate>
					<dc:creator><![CDATA[maksimkliakhin]]></dc:creator>
					<guid isPermaLink="false">https://dummy.xtemos.com/woodmart2/gutenberg/?p=24377</guid>
															<wp:post_id>24377</wp:post_id>
					<wp:post_date><![CDATA[2024-07-05 09:33:38]]></wp:post_date>
					<wp:post_date_gmt><![CDATA[2024-07-05 09:30:27]]></wp:post_date_gmt>
					<wp:post_modified><![CDATA[2024-07-05 09:33:38]]></wp:post_modified>
					<wp:post_modified_gmt><![CDATA[2024-07-05 09:33:38]]></wp:post_modified_gmt>
					<wp:comment_status><![CDATA[closed]]></wp:comment_status>
					<wp:post_name><![CDATA[faqs-5]]></wp:post_name>
					<wp:status><![CDATA[publish]]></wp:status>
					<wp:post_parent>0</wp:post_parent>
					<wp:menu_order>1</wp:menu_order>
					<wp:post_type><![CDATA[nav_menu_item]]></wp:post_type>
												<category domain="nav_menu" nicename="footer-menu-architecture-studio"><![CDATA[Footer menu Architecture studio]]></category>
											<wp:postmeta>
							<wp:meta_key><![CDATA[_menu_item_type]]></wp:meta_key>
							<wp:meta_value><![CDATA[custom]]></wp:meta_value>
						</wp:postmeta>
												<wp:postmeta>
							<wp:meta_key><![CDATA[_menu_item_object_id]]></wp:meta_key>
							<wp:meta_value><![CDATA[24377]]></wp:meta_value>
						</wp:postmeta>
												<wp:postmeta>
							<wp:meta_key><![CDATA[_menu_item_object]]></wp:meta_key>
							<wp:meta_value><![CDATA[custom]]></wp:meta_value>
						</wp:postmeta>
												<wp:postmeta>
							<wp:meta_key><![CDATA[_menu_item_classes]]></wp:meta_key>
							<wp:meta_value><![CDATA[a:1:{i:0;s:0:"";}]]></wp:meta_value>
						</wp:postmeta>
												<wp:postmeta>
							<wp:meta_key><![CDATA[_menu_item_url]]></wp:meta_key>
							<wp:meta_value><![CDATA[#]]></wp:meta_value>
						</wp:postmeta>
												<wp:postmeta>
							<wp:meta_key><![CDATA[_menu_item_design]]></wp:meta_key>
							<wp:meta_value><![CDATA[default]]></wp:meta_value>
						</wp:postmeta>
												<wp:postmeta>
							<wp:meta_key><![CDATA[_menu_item_image-type]]></wp:meta_key>
							<wp:meta_value><![CDATA[image]]></wp:meta_value>
						</wp:postmeta>
												<wp:postmeta>
							<wp:meta_key><![CDATA[_menu_item_style_aside]]></wp:meta_key>
							<wp:meta_value><![CDATA[default]]></wp:meta_value>
						</wp:postmeta>
												<wp:postmeta>
							<wp:meta_key><![CDATA[_menu_item_scroll]]></wp:meta_key>
							<wp:meta_value><![CDATA[no]]></wp:meta_value>
						</wp:postmeta>
										</item>
								<item>
					<title><![CDATA[Privacy Policy]]></title>
					<link>https://dummy.xtemos.com/woodmart2/gutenberg/2024/07/05/privacy-policy-4/</link>
					<pubDate>Fri, 05 Jul 2024 09:30:27 +0000</pubDate>
					<dc:creator><![CDATA[maksimkliakhin]]></dc:creator>
					<guid isPermaLink="false">https://dummy.xtemos.com/woodmart2/gutenberg/?p=24379</guid>
															<wp:post_id>24379</wp:post_id>
					<wp:post_date><![CDATA[2024-07-05 09:33:39]]></wp:post_date>
					<wp:post_date_gmt><![CDATA[2024-07-05 09:30:27]]></wp:post_date_gmt>
					<wp:post_modified><![CDATA[2024-07-05 09:33:39]]></wp:post_modified>
					<wp:post_modified_gmt><![CDATA[2024-07-05 09:33:39]]></wp:post_modified_gmt>
					<wp:comment_status><![CDATA[closed]]></wp:comment_status>
					<wp:post_name><![CDATA[privacy-policy-4]]></wp:post_name>
					<wp:status><![CDATA[publish]]></wp:status>
					<wp:post_parent>0</wp:post_parent>
					<wp:menu_order>2</wp:menu_order>
					<wp:post_type><![CDATA[nav_menu_item]]></wp:post_type>
												<category domain="nav_menu" nicename="footer-menu-architecture-studio"><![CDATA[Footer menu Architecture studio]]></category>
											<wp:postmeta>
							<wp:meta_key><![CDATA[_menu_item_type]]></wp:meta_key>
							<wp:meta_value><![CDATA[custom]]></wp:meta_value>
						</wp:postmeta>
												<wp:postmeta>
							<wp:meta_key><![CDATA[_menu_item_object_id]]></wp:meta_key>
							<wp:meta_value><![CDATA[24379]]></wp:meta_value>
						</wp:postmeta>
												<wp:postmeta>
							<wp:meta_key><![CDATA[_menu_item_object]]></wp:meta_key>
							<wp:meta_value><![CDATA[custom]]></wp:meta_value>
						</wp:postmeta>
												<wp:postmeta>
							<wp:meta_key><![CDATA[_menu_item_classes]]></wp:meta_key>
							<wp:meta_value><![CDATA[a:1:{i:0;s:0:"";}]]></wp:meta_value>
						</wp:postmeta>
												<wp:postmeta>
							<wp:meta_key><![CDATA[_menu_item_url]]></wp:meta_key>
							<wp:meta_value><![CDATA[#]]></wp:meta_value>
						</wp:postmeta>
												<wp:postmeta>
							<wp:meta_key><![CDATA[_menu_item_design]]></wp:meta_key>
							<wp:meta_value><![CDATA[default]]></wp:meta_value>
						</wp:postmeta>
												<wp:postmeta>
							<wp:meta_key><![CDATA[_menu_item_image-type]]></wp:meta_key>
							<wp:meta_value><![CDATA[image]]></wp:meta_value>
						</wp:postmeta>
												<wp:postmeta>
							<wp:meta_key><![CDATA[_menu_item_style_aside]]></wp:meta_key>
							<wp:meta_value><![CDATA[default]]></wp:meta_value>
						</wp:postmeta>
												<wp:postmeta>
							<wp:meta_key><![CDATA[_menu_item_scroll]]></wp:meta_key>
							<wp:meta_value><![CDATA[no]]></wp:meta_value>
						</wp:postmeta>
										</item>
								<item>
					<title><![CDATA[About Us]]></title>
					<link>https://dummy.xtemos.com/woodmart2/gutenberg/2024/07/05/about-us-7/</link>
					<pubDate>Fri, 05 Jul 2024 09:30:27 +0000</pubDate>
					<dc:creator><![CDATA[maksimkliakhin]]></dc:creator>
					<guid isPermaLink="false">https://dummy.xtemos.com/woodmart2/gutenberg/?p=24380</guid>
															<wp:post_id>24380</wp:post_id>
					<wp:post_date><![CDATA[2024-07-05 09:33:39]]></wp:post_date>
					<wp:post_date_gmt><![CDATA[2024-07-05 09:30:27]]></wp:post_date_gmt>
					<wp:post_modified><![CDATA[2024-07-05 09:33:39]]></wp:post_modified>
					<wp:post_modified_gmt><![CDATA[2024-07-05 09:33:39]]></wp:post_modified_gmt>
					<wp:comment_status><![CDATA[closed]]></wp:comment_status>
					<wp:post_name><![CDATA[about-us-7]]></wp:post_name>
					<wp:status><![CDATA[publish]]></wp:status>
					<wp:post_parent>0</wp:post_parent>
					<wp:menu_order>3</wp:menu_order>
					<wp:post_type><![CDATA[nav_menu_item]]></wp:post_type>
												<category domain="nav_menu" nicename="footer-menu-architecture-studio"><![CDATA[Footer menu Architecture studio]]></category>
											<wp:postmeta>
							<wp:meta_key><![CDATA[_menu_item_type]]></wp:meta_key>
							<wp:meta_value><![CDATA[custom]]></wp:meta_value>
						</wp:postmeta>
												<wp:postmeta>
							<wp:meta_key><![CDATA[_menu_item_object_id]]></wp:meta_key>
							<wp:meta_value><![CDATA[24380]]></wp:meta_value>
						</wp:postmeta>
												<wp:postmeta>
							<wp:meta_key><![CDATA[_menu_item_object]]></wp:meta_key>
							<wp:meta_value><![CDATA[custom]]></wp:meta_value>
						</wp:postmeta>
												<wp:postmeta>
							<wp:meta_key><![CDATA[_menu_item_classes]]></wp:meta_key>
							<wp:meta_value><![CDATA[a:1:{i:0;s:0:"";}]]></wp:meta_value>
						</wp:postmeta>
												<wp:postmeta>
							<wp:meta_key><![CDATA[_menu_item_url]]></wp:meta_key>
							<wp:meta_value><![CDATA[#]]></wp:meta_value>
						</wp:postmeta>
												<wp:postmeta>
							<wp:meta_key><![CDATA[_menu_item_design]]></wp:meta_key>
							<wp:meta_value><![CDATA[default]]></wp:meta_value>
						</wp:postmeta>
												<wp:postmeta>
							<wp:meta_key><![CDATA[_menu_item_image-type]]></wp:meta_key>
							<wp:meta_value><![CDATA[image]]></wp:meta_value>
						</wp:postmeta>
												<wp:postmeta>
							<wp:meta_key><![CDATA[_menu_item_style_aside]]></wp:meta_key>
							<wp:meta_value><![CDATA[default]]></wp:meta_value>
						</wp:postmeta>
												<wp:postmeta>
							<wp:meta_key><![CDATA[_menu_item_scroll]]></wp:meta_key>
							<wp:meta_value><![CDATA[no]]></wp:meta_value>
						</wp:postmeta>
										</item>
								<item>
					<title><![CDATA[Home]]></title>
					<link>https://dummy.xtemos.com/woodmart2/gutenberg/2024/07/05/home-15/</link>
					<pubDate>Fri, 05 Jul 2024 09:31:28 +0000</pubDate>
					<dc:creator><![CDATA[maksimkliakhin]]></dc:creator>
					<guid isPermaLink="false">https://dummy.xtemos.com/woodmart2/gutenberg/?p=24383</guid>
															<wp:post_id>24383</wp:post_id>
					<wp:post_date><![CDATA[2024-07-05 09:31:48]]></wp:post_date>
					<wp:post_date_gmt><![CDATA[2024-07-05 09:31:28]]></wp:post_date_gmt>
					<wp:post_modified><![CDATA[2024-07-05 09:31:48]]></wp:post_modified>
					<wp:post_modified_gmt><![CDATA[2024-07-05 09:31:48]]></wp:post_modified_gmt>
					<wp:comment_status><![CDATA[closed]]></wp:comment_status>
					<wp:post_name><![CDATA[home-15]]></wp:post_name>
					<wp:status><![CDATA[publish]]></wp:status>
					<wp:post_parent>0</wp:post_parent>
					<wp:menu_order>1</wp:menu_order>
					<wp:post_type><![CDATA[nav_menu_item]]></wp:post_type>
												<category domain="nav_menu" nicename="main-menu-architecture-studio"><![CDATA[Main menu Architecture studio]]></category>
											<wp:postmeta>
							<wp:meta_key><![CDATA[_menu_item_type]]></wp:meta_key>
							<wp:meta_value><![CDATA[custom]]></wp:meta_value>
						</wp:postmeta>
												<wp:postmeta>
							<wp:meta_key><![CDATA[_menu_item_object_id]]></wp:meta_key>
							<wp:meta_value><![CDATA[24383]]></wp:meta_value>
						</wp:postmeta>
												<wp:postmeta>
							<wp:meta_key><![CDATA[_menu_item_object]]></wp:meta_key>
							<wp:meta_value><![CDATA[custom]]></wp:meta_value>
						</wp:postmeta>
												<wp:postmeta>
							<wp:meta_key><![CDATA[_menu_item_classes]]></wp:meta_key>
							<wp:meta_value><![CDATA[a:1:{i:0;s:0:"";}]]></wp:meta_value>
						</wp:postmeta>
												<wp:postmeta>
							<wp:meta_key><![CDATA[_menu_item_url]]></wp:meta_key>
							<wp:meta_value><![CDATA[#Home]]></wp:meta_value>
						</wp:postmeta>
												<wp:postmeta>
							<wp:meta_key><![CDATA[_menu_item_design]]></wp:meta_key>
							<wp:meta_value><![CDATA[default]]></wp:meta_value>
						</wp:postmeta>
												<wp:postmeta>
							<wp:meta_key><![CDATA[_menu_item_opanchor]]></wp:meta_key>
							<wp:meta_value><![CDATA[enable]]></wp:meta_value>
						</wp:postmeta>
												<wp:postmeta>
							<wp:meta_key><![CDATA[_menu_item_image-type]]></wp:meta_key>
							<wp:meta_value><![CDATA[image]]></wp:meta_value>
						</wp:postmeta>
												<wp:postmeta>
							<wp:meta_key><![CDATA[_menu_item_style_aside]]></wp:meta_key>
							<wp:meta_value><![CDATA[default]]></wp:meta_value>
						</wp:postmeta>
												<wp:postmeta>
							<wp:meta_key><![CDATA[_menu_item_scroll]]></wp:meta_key>
							<wp:meta_value><![CDATA[no]]></wp:meta_value>
						</wp:postmeta>
										</item>
								<item>
					<title><![CDATA[About Us]]></title>
					<link>https://dummy.xtemos.com/woodmart2/gutenberg/2024/07/05/about-us-8/</link>
					<pubDate>Fri, 05 Jul 2024 09:31:28 +0000</pubDate>
					<dc:creator><![CDATA[maksimkliakhin]]></dc:creator>
					<guid isPermaLink="false">https://dummy.xtemos.com/woodmart2/gutenberg/?p=24384</guid>
															<wp:post_id>24384</wp:post_id>
					<wp:post_date><![CDATA[2024-07-05 09:31:48]]></wp:post_date>
					<wp:post_date_gmt><![CDATA[2024-07-05 09:31:28]]></wp:post_date_gmt>
					<wp:post_modified><![CDATA[2024-07-05 09:31:48]]></wp:post_modified>
					<wp:post_modified_gmt><![CDATA[2024-07-05 09:31:48]]></wp:post_modified_gmt>
					<wp:comment_status><![CDATA[closed]]></wp:comment_status>
					<wp:post_name><![CDATA[about-us-8]]></wp:post_name>
					<wp:status><![CDATA[publish]]></wp:status>
					<wp:post_parent>0</wp:post_parent>
					<wp:menu_order>2</wp:menu_order>
					<wp:post_type><![CDATA[nav_menu_item]]></wp:post_type>
												<category domain="nav_menu" nicename="main-menu-architecture-studio"><![CDATA[Main menu Architecture studio]]></category>
											<wp:postmeta>
							<wp:meta_key><![CDATA[_menu_item_type]]></wp:meta_key>
							<wp:meta_value><![CDATA[custom]]></wp:meta_value>
						</wp:postmeta>
												<wp:postmeta>
							<wp:meta_key><![CDATA[_menu_item_object_id]]></wp:meta_key>
							<wp:meta_value><![CDATA[24384]]></wp:meta_value>
						</wp:postmeta>
												<wp:postmeta>
							<wp:meta_key><![CDATA[_menu_item_object]]></wp:meta_key>
							<wp:meta_value><![CDATA[custom]]></wp:meta_value>
						</wp:postmeta>
												<wp:postmeta>
							<wp:meta_key><![CDATA[_menu_item_classes]]></wp:meta_key>
							<wp:meta_value><![CDATA[a:1:{i:0;s:0:"";}]]></wp:meta_value>
						</wp:postmeta>
												<wp:postmeta>
							<wp:meta_key><![CDATA[_menu_item_url]]></wp:meta_key>
							<wp:meta_value><![CDATA[#About_Us]]></wp:meta_value>
						</wp:postmeta>
												<wp:postmeta>
							<wp:meta_key><![CDATA[_menu_item_design]]></wp:meta_key>
							<wp:meta_value><![CDATA[default]]></wp:meta_value>
						</wp:postmeta>
												<wp:postmeta>
							<wp:meta_key><![CDATA[_menu_item_opanchor]]></wp:meta_key>
							<wp:meta_value><![CDATA[enable]]></wp:meta_value>
						</wp:postmeta>
												<wp:postmeta>
							<wp:meta_key><![CDATA[_menu_item_image-type]]></wp:meta_key>
							<wp:meta_value><![CDATA[image]]></wp:meta_value>
						</wp:postmeta>
												<wp:postmeta>
							<wp:meta_key><![CDATA[_menu_item_style_aside]]></wp:meta_key>
							<wp:meta_value><![CDATA[default]]></wp:meta_value>
						</wp:postmeta>
												<wp:postmeta>
							<wp:meta_key><![CDATA[_menu_item_scroll]]></wp:meta_key>
							<wp:meta_value><![CDATA[no]]></wp:meta_value>
						</wp:postmeta>
										</item>
								<item>
					<title><![CDATA[Portfolio]]></title>
					<link>https://dummy.xtemos.com/woodmart2/gutenberg/2024/07/05/portfolio-5/</link>
					<pubDate>Fri, 05 Jul 2024 09:31:28 +0000</pubDate>
					<dc:creator><![CDATA[maksimkliakhin]]></dc:creator>
					<guid isPermaLink="false">https://dummy.xtemos.com/woodmart2/gutenberg/?p=24385</guid>
															<wp:post_id>24385</wp:post_id>
					<wp:post_date><![CDATA[2024-07-05 09:31:48]]></wp:post_date>
					<wp:post_date_gmt><![CDATA[2024-07-05 09:31:28]]></wp:post_date_gmt>
					<wp:post_modified><![CDATA[2024-07-05 09:31:48]]></wp:post_modified>
					<wp:post_modified_gmt><![CDATA[2024-07-05 09:31:48]]></wp:post_modified_gmt>
					<wp:comment_status><![CDATA[closed]]></wp:comment_status>
					<wp:post_name><![CDATA[portfolio-5]]></wp:post_name>
					<wp:status><![CDATA[publish]]></wp:status>
					<wp:post_parent>0</wp:post_parent>
					<wp:menu_order>3</wp:menu_order>
					<wp:post_type><![CDATA[nav_menu_item]]></wp:post_type>
												<category domain="nav_menu" nicename="main-menu-architecture-studio"><![CDATA[Main menu Architecture studio]]></category>
											<wp:postmeta>
							<wp:meta_key><![CDATA[_menu_item_type]]></wp:meta_key>
							<wp:meta_value><![CDATA[custom]]></wp:meta_value>
						</wp:postmeta>
												<wp:postmeta>
							<wp:meta_key><![CDATA[_menu_item_object_id]]></wp:meta_key>
							<wp:meta_value><![CDATA[24385]]></wp:meta_value>
						</wp:postmeta>
												<wp:postmeta>
							<wp:meta_key><![CDATA[_menu_item_object]]></wp:meta_key>
							<wp:meta_value><![CDATA[custom]]></wp:meta_value>
						</wp:postmeta>
												<wp:postmeta>
							<wp:meta_key><![CDATA[_menu_item_classes]]></wp:meta_key>
							<wp:meta_value><![CDATA[a:1:{i:0;s:0:"";}]]></wp:meta_value>
						</wp:postmeta>
												<wp:postmeta>
							<wp:meta_key><![CDATA[_menu_item_url]]></wp:meta_key>
							<wp:meta_value><![CDATA[#Portfolio]]></wp:meta_value>
						</wp:postmeta>
												<wp:postmeta>
							<wp:meta_key><![CDATA[_menu_item_design]]></wp:meta_key>
							<wp:meta_value><![CDATA[default]]></wp:meta_value>
						</wp:postmeta>
												<wp:postmeta>
							<wp:meta_key><![CDATA[_menu_item_opanchor]]></wp:meta_key>
							<wp:meta_value><![CDATA[enable]]></wp:meta_value>
						</wp:postmeta>
												<wp:postmeta>
							<wp:meta_key><![CDATA[_menu_item_image-type]]></wp:meta_key>
							<wp:meta_value><![CDATA[image]]></wp:meta_value>
						</wp:postmeta>
												<wp:postmeta>
							<wp:meta_key><![CDATA[_menu_item_style_aside]]></wp:meta_key>
							<wp:meta_value><![CDATA[default]]></wp:meta_value>
						</wp:postmeta>
												<wp:postmeta>
							<wp:meta_key><![CDATA[_menu_item_scroll]]></wp:meta_key>
							<wp:meta_value><![CDATA[no]]></wp:meta_value>
						</wp:postmeta>
										</item>
								<item>
					<title><![CDATA[Contact Us]]></title>
					<link>https://dummy.xtemos.com/woodmart2/gutenberg/2024/07/05/contact-us-9/</link>
					<pubDate>Fri, 05 Jul 2024 09:31:28 +0000</pubDate>
					<dc:creator><![CDATA[maksimkliakhin]]></dc:creator>
					<guid isPermaLink="false">https://dummy.xtemos.com/woodmart2/gutenberg/?p=24387</guid>
															<wp:post_id>24387</wp:post_id>
					<wp:post_date><![CDATA[2024-07-05 09:31:48]]></wp:post_date>
					<wp:post_date_gmt><![CDATA[2024-07-05 09:31:28]]></wp:post_date_gmt>
					<wp:post_modified><![CDATA[2024-07-05 09:31:48]]></wp:post_modified>
					<wp:post_modified_gmt><![CDATA[2024-07-05 09:31:48]]></wp:post_modified_gmt>
					<wp:comment_status><![CDATA[closed]]></wp:comment_status>
					<wp:post_name><![CDATA[contact-us-9]]></wp:post_name>
					<wp:status><![CDATA[publish]]></wp:status>
					<wp:post_parent>0</wp:post_parent>
					<wp:menu_order>4</wp:menu_order>
					<wp:post_type><![CDATA[nav_menu_item]]></wp:post_type>
												<category domain="nav_menu" nicename="main-menu-architecture-studio"><![CDATA[Main menu Architecture studio]]></category>
											<wp:postmeta>
							<wp:meta_key><![CDATA[_menu_item_type]]></wp:meta_key>
							<wp:meta_value><![CDATA[custom]]></wp:meta_value>
						</wp:postmeta>
												<wp:postmeta>
							<wp:meta_key><![CDATA[_menu_item_object_id]]></wp:meta_key>
							<wp:meta_value><![CDATA[24387]]></wp:meta_value>
						</wp:postmeta>
												<wp:postmeta>
							<wp:meta_key><![CDATA[_menu_item_object]]></wp:meta_key>
							<wp:meta_value><![CDATA[custom]]></wp:meta_value>
						</wp:postmeta>
												<wp:postmeta>
							<wp:meta_key><![CDATA[_menu_item_classes]]></wp:meta_key>
							<wp:meta_value><![CDATA[a:1:{i:0;s:0:"";}]]></wp:meta_value>
						</wp:postmeta>
												<wp:postmeta>
							<wp:meta_key><![CDATA[_menu_item_url]]></wp:meta_key>
							<wp:meta_value><![CDATA[#Contact_Us]]></wp:meta_value>
						</wp:postmeta>
												<wp:postmeta>
							<wp:meta_key><![CDATA[_menu_item_design]]></wp:meta_key>
							<wp:meta_value><![CDATA[default]]></wp:meta_value>
						</wp:postmeta>
												<wp:postmeta>
							<wp:meta_key><![CDATA[_menu_item_opanchor]]></wp:meta_key>
							<wp:meta_value><![CDATA[enable]]></wp:meta_value>
						</wp:postmeta>
												<wp:postmeta>
							<wp:meta_key><![CDATA[_menu_item_image-type]]></wp:meta_key>
							<wp:meta_value><![CDATA[image]]></wp:meta_value>
						</wp:postmeta>
												<wp:postmeta>
							<wp:meta_key><![CDATA[_menu_item_style_aside]]></wp:meta_key>
							<wp:meta_value><![CDATA[default]]></wp:meta_value>
						</wp:postmeta>
												<wp:postmeta>
							<wp:meta_key><![CDATA[_menu_item_scroll]]></wp:meta_key>
							<wp:meta_value><![CDATA[no]]></wp:meta_value>
						</wp:postmeta>
										</item>
								<item>
					<title><![CDATA[mail-1]]></title>
					<link>https://dummy.xtemos.com/woodmart2/gutenberg/home-architecture-studio/mail-1/</link>
					<pubDate>Thu, 15 Aug 2024 13:40:36 +0000</pubDate>
					<dc:creator><![CDATA[maksimkliakhin]]></dc:creator>
					<guid isPermaLink="false">https://dummy.xtemos.com/woodmart2/gutenberg/wp-content/uploads/sites/24/2024/08/mail-1.svg</guid>
															<wp:post_id>28239</wp:post_id>
					<wp:post_date><![CDATA[2024-08-15 13:40:36]]></wp:post_date>
					<wp:post_date_gmt><![CDATA[2024-08-15 13:40:36]]></wp:post_date_gmt>
					<wp:post_modified><![CDATA[2024-08-15 13:40:36]]></wp:post_modified>
					<wp:post_modified_gmt><![CDATA[2024-08-15 13:40:36]]></wp:post_modified_gmt>
					<wp:comment_status><![CDATA[open]]></wp:comment_status>
					<wp:post_name><![CDATA[mail-1]]></wp:post_name>
					<wp:status><![CDATA[inherit]]></wp:status>
					<wp:post_parent>24280</wp:post_parent>
					<wp:menu_order>0</wp:menu_order>
					<wp:post_type><![CDATA[attachment]]></wp:post_type>
											<wp:attachment_url><![CDATA[https://dummy.xtemos.com/woodmart2/gutenberg/wp-content/uploads/sites/24/2024/08/mail-1.svg]]></wp:attachment_url>
																					<wp:postmeta>
							<wp:meta_key><![CDATA[_wp_attached_file]]></wp:meta_key>
							<wp:meta_value><![CDATA[2024/08/mail-1.svg]]></wp:meta_value>
						</wp:postmeta>
										</item>
								<item>
					<title><![CDATA[phone]]></title>
					<link>https://dummy.xtemos.com/woodmart2/gutenberg/home-architecture-studio/phone/</link>
					<pubDate>Thu, 15 Aug 2024 13:40:37 +0000</pubDate>
					<dc:creator><![CDATA[maksimkliakhin]]></dc:creator>
					<guid isPermaLink="false">https://dummy.xtemos.com/woodmart2/gutenberg/wp-content/uploads/sites/24/2024/08/phone.svg</guid>
															<wp:post_id>28240</wp:post_id>
					<wp:post_date><![CDATA[2024-08-15 13:40:37]]></wp:post_date>
					<wp:post_date_gmt><![CDATA[2024-08-15 13:40:37]]></wp:post_date_gmt>
					<wp:post_modified><![CDATA[2024-08-15 13:40:37]]></wp:post_modified>
					<wp:post_modified_gmt><![CDATA[2024-08-15 13:40:37]]></wp:post_modified_gmt>
					<wp:comment_status><![CDATA[open]]></wp:comment_status>
					<wp:post_name><![CDATA[phone]]></wp:post_name>
					<wp:status><![CDATA[inherit]]></wp:status>
					<wp:post_parent>24280</wp:post_parent>
					<wp:menu_order>0</wp:menu_order>
					<wp:post_type><![CDATA[attachment]]></wp:post_type>
											<wp:attachment_url><![CDATA[https://dummy.xtemos.com/woodmart2/gutenberg/wp-content/uploads/sites/24/2024/08/phone.svg]]></wp:attachment_url>
																					<wp:postmeta>
							<wp:meta_key><![CDATA[_wp_attached_file]]></wp:meta_key>
							<wp:meta_value><![CDATA[2024/08/phone.svg]]></wp:meta_value>
						</wp:postmeta>
										</item>
								<item>
					<title><![CDATA[pointer]]></title>
					<link>https://dummy.xtemos.com/woodmart2/gutenberg/home-architecture-studio/pointer/</link>
					<pubDate>Thu, 15 Aug 2024 13:40:38 +0000</pubDate>
					<dc:creator><![CDATA[maksimkliakhin]]></dc:creator>
					<guid isPermaLink="false">https://dummy.xtemos.com/woodmart2/gutenberg/wp-content/uploads/sites/24/2024/08/pointer.svg</guid>
															<wp:post_id>28241</wp:post_id>
					<wp:post_date><![CDATA[2024-08-15 13:40:38]]></wp:post_date>
					<wp:post_date_gmt><![CDATA[2024-08-15 13:40:38]]></wp:post_date_gmt>
					<wp:post_modified><![CDATA[2024-08-15 13:40:38]]></wp:post_modified>
					<wp:post_modified_gmt><![CDATA[2024-08-15 13:40:38]]></wp:post_modified_gmt>
					<wp:comment_status><![CDATA[open]]></wp:comment_status>
					<wp:post_name><![CDATA[pointer]]></wp:post_name>
					<wp:status><![CDATA[inherit]]></wp:status>
					<wp:post_parent>24280</wp:post_parent>
					<wp:menu_order>0</wp:menu_order>
					<wp:post_type><![CDATA[attachment]]></wp:post_type>
											<wp:attachment_url><![CDATA[https://dummy.xtemos.com/woodmart2/gutenberg/wp-content/uploads/sites/24/2024/08/pointer.svg]]></wp:attachment_url>
																					<wp:postmeta>
							<wp:meta_key><![CDATA[_wp_attached_file]]></wp:meta_key>
							<wp:meta_value><![CDATA[2024/08/pointer.svg]]></wp:meta_value>
						</wp:postmeta>
										</item>
				</channel>
</rss>
	