<?xml version="1.0" encoding="UTF-8" ?>
	<!-- This is a WordPress eXtended RSS file generated by WordPress as an export of your site. -->
	<!-- It contains information about your site's posts, pages, comments, categories, and other content. -->
	<!-- You may use this file to transfer that content from one site to another. -->
	<!-- This file is not intended to serve as a complete backup of your site. -->

	<!-- To import this information into a WordPress site follow these steps: -->
	<!-- 1. Log in to that site as an administrator. -->
	<!-- 2. Go to Tools: Import in the WordPress admin panel. -->
	<!-- 3. Install the "WordPress" importer from the list. -->
	<!-- 4. Activate & Run Importer. -->
	<!-- 5. Upload this file using the form provided on that page. -->
	<!-- 6. You will first be asked to map the authors in this export file to users -->
	<!--    on the site. For each author, you may choose to map to an -->
	<!--    existing user on the site or to create a new user. -->
	<!-- 7. WordPress will then import each of the posts, pages, comments, categories, etc. -->
	<!--    contained in this file into your site. -->

	<!-- generator="WordPress/6.5.5" created="2024-10-25 09:04" -->
<rss version="2.0"
	xmlns:excerpt="http://wordpress.org/export/1.2/excerpt/"
	xmlns:content="http://purl.org/rss/1.0/modules/content/"
	xmlns:wfw="http://wellformedweb.org/CommentAPI/"
	xmlns:dc="http://purl.org/dc/elements/1.1/"
	xmlns:wp="http://wordpress.org/export/1.2/"
>

<channel>
	<title>Accessories gutenberg</title>
	<link>https://dummy.xtemos.com/woodmart2/accessories-gutenberg</link>
	<description></description>
	<pubDate>Fri, 25 Oct 2024 09:04:26 +0000</pubDate>
	<language>en-US</language>
	<wp:wxr_version>1.2</wp:wxr_version>
	<wp:base_site_url>https://dummy.xtemos.com/woodmart2/</wp:base_site_url>
	<wp:base_blog_url>https://dummy.xtemos.com/woodmart2/accessories-gutenberg</wp:base_blog_url>

		<wp:author><wp:author_id>491</wp:author_id><wp:author_login><![CDATA[maksimkliakhin]]></wp:author_login><wp:author_email><![CDATA[m.kliakhin@gmail.com]]></wp:author_email><wp:author_display_name><![CDATA[Ethan Smith]]></wp:author_display_name><wp:author_first_name><![CDATA[Ethan]]></wp:author_first_name><wp:author_last_name><![CDATA[Smith]]></wp:author_last_name></wp:author>

					<wp:term>
			<wp:term_id>0</wp:term_id>
			<wp:term_taxonomy><![CDATA[]]></wp:term_taxonomy>
			<wp:term_slug><![CDATA[]]></wp:term_slug>
			<wp:term_parent><![CDATA[]]></wp:term_parent>
					</wp:term>
		
	<generator>https://wordpress.org/?v=6.5.5</generator>

					<item>
					<title><![CDATA[i11-pro-category]]></title>
					<link>https://dummy.xtemos.com/woodmart2/accessories-gutenberg/i11-pro-category/</link>
					<pubDate>Fri, 12 Jul 2024 11:42:20 +0000</pubDate>
					<dc:creator><![CDATA[maksimkliakhin]]></dc:creator>
					<guid isPermaLink="false">http://dummy.xtemos.com/woodmart2/accessories-gutenberg/wp-content/uploads/sites/26/2024/07/i11-pro-category.jpg</guid>
															<wp:post_id>189</wp:post_id>
					<wp:post_date><![CDATA[2024-07-12 11:42:20]]></wp:post_date>
					<wp:post_date_gmt><![CDATA[2024-07-12 11:42:20]]></wp:post_date_gmt>
					<wp:post_modified><![CDATA[2024-07-12 11:42:20]]></wp:post_modified>
					<wp:post_modified_gmt><![CDATA[2024-07-12 11:42:20]]></wp:post_modified_gmt>
					<wp:comment_status><![CDATA[open]]></wp:comment_status>
					<wp:post_name><![CDATA[i11-pro-category]]></wp:post_name>
					<wp:status><![CDATA[inherit]]></wp:status>
					<wp:post_parent>0</wp:post_parent>
					<wp:menu_order>0</wp:menu_order>
					<wp:post_type><![CDATA[attachment]]></wp:post_type>
											<wp:attachment_url><![CDATA[http://dummy.xtemos.com/woodmart2/accessories-gutenberg/wp-content/uploads/sites/26/2024/07/i11-pro-category.jpg]]></wp:attachment_url>
																					<wp:postmeta>
							<wp:meta_key><![CDATA[_wp_attached_file]]></wp:meta_key>
							<wp:meta_value><![CDATA[2024/07/i11-pro-category.jpg]]></wp:meta_value>
						</wp:postmeta>
										</item>
								<item>
					<title><![CDATA[i13-pro-category]]></title>
					<link>https://dummy.xtemos.com/woodmart2/accessories-gutenberg/i13-pro-category/</link>
					<pubDate>Fri, 12 Jul 2024 11:42:22 +0000</pubDate>
					<dc:creator><![CDATA[maksimkliakhin]]></dc:creator>
					<guid isPermaLink="false">http://dummy.xtemos.com/woodmart2/accessories-gutenberg/wp-content/uploads/sites/26/2024/07/i13-pro-category.jpg</guid>
															<wp:post_id>192</wp:post_id>
					<wp:post_date><![CDATA[2024-07-12 11:42:22]]></wp:post_date>
					<wp:post_date_gmt><![CDATA[2024-07-12 11:42:22]]></wp:post_date_gmt>
					<wp:post_modified><![CDATA[2024-07-12 11:42:22]]></wp:post_modified>
					<wp:post_modified_gmt><![CDATA[2024-07-12 11:42:22]]></wp:post_modified_gmt>
					<wp:comment_status><![CDATA[open]]></wp:comment_status>
					<wp:post_name><![CDATA[i13-pro-category]]></wp:post_name>
					<wp:status><![CDATA[inherit]]></wp:status>
					<wp:post_parent>0</wp:post_parent>
					<wp:menu_order>0</wp:menu_order>
					<wp:post_type><![CDATA[attachment]]></wp:post_type>
											<wp:attachment_url><![CDATA[http://dummy.xtemos.com/woodmart2/accessories-gutenberg/wp-content/uploads/sites/26/2024/07/i13-pro-category.jpg]]></wp:attachment_url>
																					<wp:postmeta>
							<wp:meta_key><![CDATA[_wp_attached_file]]></wp:meta_key>
							<wp:meta_value><![CDATA[2024/07/i13-pro-category.jpg]]></wp:meta_value>
						</wp:postmeta>
										</item>
								<item>
					<title><![CDATA[silicone-category]]></title>
					<link>https://dummy.xtemos.com/woodmart2/accessories-gutenberg/silicone-category/</link>
					<pubDate>Fri, 12 Jul 2024 11:42:30 +0000</pubDate>
					<dc:creator><![CDATA[maksimkliakhin]]></dc:creator>
					<guid isPermaLink="false">http://dummy.xtemos.com/woodmart2/accessories-gutenberg/wp-content/uploads/sites/26/2024/07/silicone-category.jpg</guid>
															<wp:post_id>204</wp:post_id>
					<wp:post_date><![CDATA[2024-07-12 11:42:30]]></wp:post_date>
					<wp:post_date_gmt><![CDATA[2024-07-12 11:42:30]]></wp:post_date_gmt>
					<wp:post_modified><![CDATA[2024-07-12 11:42:30]]></wp:post_modified>
					<wp:post_modified_gmt><![CDATA[2024-07-12 11:42:30]]></wp:post_modified_gmt>
					<wp:comment_status><![CDATA[open]]></wp:comment_status>
					<wp:post_name><![CDATA[silicone-category]]></wp:post_name>
					<wp:status><![CDATA[inherit]]></wp:status>
					<wp:post_parent>0</wp:post_parent>
					<wp:menu_order>0</wp:menu_order>
					<wp:post_type><![CDATA[attachment]]></wp:post_type>
											<wp:attachment_url><![CDATA[http://dummy.xtemos.com/woodmart2/accessories-gutenberg/wp-content/uploads/sites/26/2024/07/silicone-category.jpg]]></wp:attachment_url>
																					<wp:postmeta>
							<wp:meta_key><![CDATA[_wp_attached_file]]></wp:meta_key>
							<wp:meta_value><![CDATA[2024/07/silicone-category.jpg]]></wp:meta_value>
						</wp:postmeta>
										</item>
								<item>
					<title><![CDATA[accessories-slide-2]]></title>
					<link>https://dummy.xtemos.com/woodmart2/accessories-gutenberg/home-accessories/accessories-slide-2/</link>
					<pubDate>Mon, 15 Jul 2024 06:22:41 +0000</pubDate>
					<dc:creator><![CDATA[maksimkliakhin]]></dc:creator>
					<guid isPermaLink="false">http://dummy.xtemos.com/woodmart2/accessories-gutenberg/wp-content/uploads/sites/26/2024/07/accessories-slide-2.jpg</guid>
															<wp:post_id>314</wp:post_id>
					<wp:post_date><![CDATA[2024-07-15 06:22:41]]></wp:post_date>
					<wp:post_date_gmt><![CDATA[2024-07-15 06:22:41]]></wp:post_date_gmt>
					<wp:post_modified><![CDATA[2024-07-15 06:22:41]]></wp:post_modified>
					<wp:post_modified_gmt><![CDATA[2024-07-15 06:22:41]]></wp:post_modified_gmt>
					<wp:comment_status><![CDATA[open]]></wp:comment_status>
					<wp:post_name><![CDATA[accessories-slide-2]]></wp:post_name>
					<wp:status><![CDATA[inherit]]></wp:status>
					<wp:post_parent>171</wp:post_parent>
					<wp:menu_order>0</wp:menu_order>
					<wp:post_type><![CDATA[attachment]]></wp:post_type>
											<wp:attachment_url><![CDATA[http://dummy.xtemos.com/woodmart2/accessories-gutenberg/wp-content/uploads/sites/26/2024/07/accessories-slide-2.jpg]]></wp:attachment_url>
																					<wp:postmeta>
							<wp:meta_key><![CDATA[_wp_attached_file]]></wp:meta_key>
							<wp:meta_value><![CDATA[2024/07/accessories-slide-2.jpg]]></wp:meta_value>
						</wp:postmeta>
										</item>
								<item>
					<title><![CDATA[accessories-slide-3]]></title>
					<link>https://dummy.xtemos.com/woodmart2/accessories-gutenberg/home-accessories/accessories-slide-3/</link>
					<pubDate>Mon, 15 Jul 2024 06:22:41 +0000</pubDate>
					<dc:creator><![CDATA[maksimkliakhin]]></dc:creator>
					<guid isPermaLink="false">http://dummy.xtemos.com/woodmart2/accessories-gutenberg/wp-content/uploads/sites/26/2024/07/accessories-slide-3.jpg</guid>
															<wp:post_id>315</wp:post_id>
					<wp:post_date><![CDATA[2024-07-15 06:22:41]]></wp:post_date>
					<wp:post_date_gmt><![CDATA[2024-07-15 06:22:41]]></wp:post_date_gmt>
					<wp:post_modified><![CDATA[2024-07-15 06:22:41]]></wp:post_modified>
					<wp:post_modified_gmt><![CDATA[2024-07-15 06:22:41]]></wp:post_modified_gmt>
					<wp:comment_status><![CDATA[open]]></wp:comment_status>
					<wp:post_name><![CDATA[accessories-slide-3]]></wp:post_name>
					<wp:status><![CDATA[inherit]]></wp:status>
					<wp:post_parent>171</wp:post_parent>
					<wp:menu_order>0</wp:menu_order>
					<wp:post_type><![CDATA[attachment]]></wp:post_type>
											<wp:attachment_url><![CDATA[http://dummy.xtemos.com/woodmart2/accessories-gutenberg/wp-content/uploads/sites/26/2024/07/accessories-slide-3.jpg]]></wp:attachment_url>
																					<wp:postmeta>
							<wp:meta_key><![CDATA[_wp_attached_file]]></wp:meta_key>
							<wp:meta_value><![CDATA[2024/07/accessories-slide-3.jpg]]></wp:meta_value>
						</wp:postmeta>
										</item>
								<item>
					<title><![CDATA[w-accessories-slider]]></title>
					<link>https://dummy.xtemos.com/woodmart2/accessories-gutenberg/home-accessories/w-accessories-slider/</link>
					<pubDate>Mon, 15 Jul 2024 06:22:42 +0000</pubDate>
					<dc:creator><![CDATA[maksimkliakhin]]></dc:creator>
					<guid isPermaLink="false">http://dummy.xtemos.com/woodmart2/accessories-gutenberg/wp-content/uploads/sites/26/2024/07/w-accessories-slider.jpg</guid>
															<wp:post_id>316</wp:post_id>
					<wp:post_date><![CDATA[2024-07-15 06:22:42]]></wp:post_date>
					<wp:post_date_gmt><![CDATA[2024-07-15 06:22:42]]></wp:post_date_gmt>
					<wp:post_modified><![CDATA[2024-07-15 06:22:42]]></wp:post_modified>
					<wp:post_modified_gmt><![CDATA[2024-07-15 06:22:42]]></wp:post_modified_gmt>
					<wp:comment_status><![CDATA[open]]></wp:comment_status>
					<wp:post_name><![CDATA[w-accessories-slider]]></wp:post_name>
					<wp:status><![CDATA[inherit]]></wp:status>
					<wp:post_parent>171</wp:post_parent>
					<wp:menu_order>0</wp:menu_order>
					<wp:post_type><![CDATA[attachment]]></wp:post_type>
											<wp:attachment_url><![CDATA[http://dummy.xtemos.com/woodmart2/accessories-gutenberg/wp-content/uploads/sites/26/2024/07/w-accessories-slider.jpg]]></wp:attachment_url>
																					<wp:postmeta>
							<wp:meta_key><![CDATA[_wp_attached_file]]></wp:meta_key>
							<wp:meta_value><![CDATA[2024/07/w-accessories-slider.jpg]]></wp:meta_value>
						</wp:postmeta>
										</item>
								<item>
					<title><![CDATA[accessories-banner-1]]></title>
					<link>https://dummy.xtemos.com/woodmart2/accessories-gutenberg/home-accessories/accessories-banner-1/</link>
					<pubDate>Mon, 15 Jul 2024 07:05:44 +0000</pubDate>
					<dc:creator><![CDATA[maksimkliakhin]]></dc:creator>
					<guid isPermaLink="false">http://dummy.xtemos.com/woodmart2/accessories-gutenberg/wp-content/uploads/sites/26/2024/07/accessories-banner-1.jpg</guid>
															<wp:post_id>367</wp:post_id>
					<wp:post_date><![CDATA[2024-07-15 07:05:44]]></wp:post_date>
					<wp:post_date_gmt><![CDATA[2024-07-15 07:05:44]]></wp:post_date_gmt>
					<wp:post_modified><![CDATA[2024-07-15 07:05:44]]></wp:post_modified>
					<wp:post_modified_gmt><![CDATA[2024-07-15 07:05:44]]></wp:post_modified_gmt>
					<wp:comment_status><![CDATA[open]]></wp:comment_status>
					<wp:post_name><![CDATA[accessories-banner-1]]></wp:post_name>
					<wp:status><![CDATA[inherit]]></wp:status>
					<wp:post_parent>171</wp:post_parent>
					<wp:menu_order>0</wp:menu_order>
					<wp:post_type><![CDATA[attachment]]></wp:post_type>
											<wp:attachment_url><![CDATA[http://dummy.xtemos.com/woodmart2/accessories-gutenberg/wp-content/uploads/sites/26/2024/07/accessories-banner-1.jpg]]></wp:attachment_url>
																					<wp:postmeta>
							<wp:meta_key><![CDATA[_wp_attached_file]]></wp:meta_key>
							<wp:meta_value><![CDATA[2024/07/accessories-banner-1.jpg]]></wp:meta_value>
						</wp:postmeta>
										</item>
								<item>
					<title><![CDATA[accessories-banner-2]]></title>
					<link>https://dummy.xtemos.com/woodmart2/accessories-gutenberg/home-accessories/accessories-banner-2/</link>
					<pubDate>Mon, 15 Jul 2024 07:05:45 +0000</pubDate>
					<dc:creator><![CDATA[maksimkliakhin]]></dc:creator>
					<guid isPermaLink="false">http://dummy.xtemos.com/woodmart2/accessories-gutenberg/wp-content/uploads/sites/26/2024/07/accessories-banner-2.jpg</guid>
															<wp:post_id>368</wp:post_id>
					<wp:post_date><![CDATA[2024-07-15 07:05:45]]></wp:post_date>
					<wp:post_date_gmt><![CDATA[2024-07-15 07:05:45]]></wp:post_date_gmt>
					<wp:post_modified><![CDATA[2024-07-15 07:05:45]]></wp:post_modified>
					<wp:post_modified_gmt><![CDATA[2024-07-15 07:05:45]]></wp:post_modified_gmt>
					<wp:comment_status><![CDATA[open]]></wp:comment_status>
					<wp:post_name><![CDATA[accessories-banner-2]]></wp:post_name>
					<wp:status><![CDATA[inherit]]></wp:status>
					<wp:post_parent>171</wp:post_parent>
					<wp:menu_order>0</wp:menu_order>
					<wp:post_type><![CDATA[attachment]]></wp:post_type>
											<wp:attachment_url><![CDATA[http://dummy.xtemos.com/woodmart2/accessories-gutenberg/wp-content/uploads/sites/26/2024/07/accessories-banner-2.jpg]]></wp:attachment_url>
																					<wp:postmeta>
							<wp:meta_key><![CDATA[_wp_attached_file]]></wp:meta_key>
							<wp:meta_value><![CDATA[2024/07/accessories-banner-2.jpg]]></wp:meta_value>
						</wp:postmeta>
										</item>
								<item>
					<title><![CDATA[accessories-banner-3]]></title>
					<link>https://dummy.xtemos.com/woodmart2/accessories-gutenberg/home-accessories/accessories-banner-3/</link>
					<pubDate>Mon, 15 Jul 2024 07:05:45 +0000</pubDate>
					<dc:creator><![CDATA[maksimkliakhin]]></dc:creator>
					<guid isPermaLink="false">http://dummy.xtemos.com/woodmart2/accessories-gutenberg/wp-content/uploads/sites/26/2024/07/accessories-banner-3.jpg</guid>
															<wp:post_id>369</wp:post_id>
					<wp:post_date><![CDATA[2024-07-15 07:05:45]]></wp:post_date>
					<wp:post_date_gmt><![CDATA[2024-07-15 07:05:45]]></wp:post_date_gmt>
					<wp:post_modified><![CDATA[2024-07-15 07:05:45]]></wp:post_modified>
					<wp:post_modified_gmt><![CDATA[2024-07-15 07:05:45]]></wp:post_modified_gmt>
					<wp:comment_status><![CDATA[open]]></wp:comment_status>
					<wp:post_name><![CDATA[accessories-banner-3]]></wp:post_name>
					<wp:status><![CDATA[inherit]]></wp:status>
					<wp:post_parent>171</wp:post_parent>
					<wp:menu_order>0</wp:menu_order>
					<wp:post_type><![CDATA[attachment]]></wp:post_type>
											<wp:attachment_url><![CDATA[http://dummy.xtemos.com/woodmart2/accessories-gutenberg/wp-content/uploads/sites/26/2024/07/accessories-banner-3.jpg]]></wp:attachment_url>
																					<wp:postmeta>
							<wp:meta_key><![CDATA[_wp_attached_file]]></wp:meta_key>
							<wp:meta_value><![CDATA[2024/07/accessories-banner-3.jpg]]></wp:meta_value>
						</wp:postmeta>
										</item>
								<item>
					<title><![CDATA[accessories-banner-4]]></title>
					<link>https://dummy.xtemos.com/woodmart2/accessories-gutenberg/home-accessories/accessories-banner-4/</link>
					<pubDate>Mon, 15 Jul 2024 07:05:46 +0000</pubDate>
					<dc:creator><![CDATA[maksimkliakhin]]></dc:creator>
					<guid isPermaLink="false">http://dummy.xtemos.com/woodmart2/accessories-gutenberg/wp-content/uploads/sites/26/2024/07/accessories-banner-4.jpg</guid>
															<wp:post_id>370</wp:post_id>
					<wp:post_date><![CDATA[2024-07-15 07:05:46]]></wp:post_date>
					<wp:post_date_gmt><![CDATA[2024-07-15 07:05:46]]></wp:post_date_gmt>
					<wp:post_modified><![CDATA[2024-07-15 07:05:46]]></wp:post_modified>
					<wp:post_modified_gmt><![CDATA[2024-07-15 07:05:46]]></wp:post_modified_gmt>
					<wp:comment_status><![CDATA[open]]></wp:comment_status>
					<wp:post_name><![CDATA[accessories-banner-4]]></wp:post_name>
					<wp:status><![CDATA[inherit]]></wp:status>
					<wp:post_parent>171</wp:post_parent>
					<wp:menu_order>0</wp:menu_order>
					<wp:post_type><![CDATA[attachment]]></wp:post_type>
											<wp:attachment_url><![CDATA[http://dummy.xtemos.com/woodmart2/accessories-gutenberg/wp-content/uploads/sites/26/2024/07/accessories-banner-4.jpg]]></wp:attachment_url>
																					<wp:postmeta>
							<wp:meta_key><![CDATA[_wp_attached_file]]></wp:meta_key>
							<wp:meta_value><![CDATA[2024/07/accessories-banner-4.jpg]]></wp:meta_value>
						</wp:postmeta>
										</item>
								<item>
					<title><![CDATA[guaranteed-safe-checkout-bordered]]></title>
					<link>https://dummy.xtemos.com/woodmart2/accessories-gutenberg/woodmart_layout/single-product-layout-accessories/guaranteed-safe-checkout-bordered/</link>
					<pubDate>Tue, 06 Aug 2024 13:32:35 +0000</pubDate>
					<dc:creator><![CDATA[maksimkliakhin]]></dc:creator>
					<guid isPermaLink="false">http://dummy.xtemos.com/woodmart2/accessories-gutenberg/wp-content/uploads/sites/26/2024/08/guaranteed-safe-checkout-bordered.jpg</guid>
															<wp:post_id>874</wp:post_id>
					<wp:post_date><![CDATA[2024-08-06 13:32:35]]></wp:post_date>
					<wp:post_date_gmt><![CDATA[2024-08-06 13:32:35]]></wp:post_date_gmt>
					<wp:post_modified><![CDATA[2024-08-06 13:32:35]]></wp:post_modified>
					<wp:post_modified_gmt><![CDATA[2024-08-06 13:32:35]]></wp:post_modified_gmt>
					<wp:comment_status><![CDATA[open]]></wp:comment_status>
					<wp:post_name><![CDATA[guaranteed-safe-checkout-bordered]]></wp:post_name>
					<wp:status><![CDATA[inherit]]></wp:status>
					<wp:post_parent>873</wp:post_parent>
					<wp:menu_order>0</wp:menu_order>
					<wp:post_type><![CDATA[attachment]]></wp:post_type>
											<wp:attachment_url><![CDATA[http://dummy.xtemos.com/woodmart2/accessories-gutenberg/wp-content/uploads/sites/26/2024/08/guaranteed-safe-checkout-bordered.jpg]]></wp:attachment_url>
																					<wp:postmeta>
							<wp:meta_key><![CDATA[_wp_attached_file]]></wp:meta_key>
							<wp:meta_value><![CDATA[2024/08/guaranteed-safe-checkout-bordered.jpg]]></wp:meta_value>
						</wp:postmeta>
										</item>
								<item>
					<title><![CDATA[fabric-case-category]]></title>
					<link>https://dummy.xtemos.com/woodmart2/accessories-gutenberg/woodmart_layout/product-archive-layout-cases/fabric-case-category-2/</link>
					<pubDate>Wed, 07 Aug 2024 08:36:09 +0000</pubDate>
					<dc:creator><![CDATA[maksimkliakhin]]></dc:creator>
					<guid isPermaLink="false">http://dummy.xtemos.com/woodmart2/accessories-gutenberg/wp-content/uploads/sites/26/2024/08/fabric-case-category.jpg</guid>
															<wp:post_id>905</wp:post_id>
					<wp:post_date><![CDATA[2024-08-07 08:36:09]]></wp:post_date>
					<wp:post_date_gmt><![CDATA[2024-08-07 08:36:09]]></wp:post_date_gmt>
					<wp:post_modified><![CDATA[2024-08-07 08:36:09]]></wp:post_modified>
					<wp:post_modified_gmt><![CDATA[2024-08-07 08:36:09]]></wp:post_modified_gmt>
					<wp:comment_status><![CDATA[open]]></wp:comment_status>
					<wp:post_name><![CDATA[fabric-case-category-2]]></wp:post_name>
					<wp:status><![CDATA[inherit]]></wp:status>
					<wp:post_parent>901</wp:post_parent>
					<wp:menu_order>0</wp:menu_order>
					<wp:post_type><![CDATA[attachment]]></wp:post_type>
											<wp:attachment_url><![CDATA[http://dummy.xtemos.com/woodmart2/accessories-gutenberg/wp-content/uploads/sites/26/2024/08/fabric-case-category.jpg]]></wp:attachment_url>
																					<wp:postmeta>
							<wp:meta_key><![CDATA[_wp_attached_file]]></wp:meta_key>
							<wp:meta_value><![CDATA[2024/08/fabric-case-category.jpg]]></wp:meta_value>
						</wp:postmeta>
										</item>
								<item>
					<title><![CDATA[mag-safe-case-category]]></title>
					<link>https://dummy.xtemos.com/woodmart2/accessories-gutenberg/woodmart_layout/product-archive-layout-cases/mag-safe-case-category-2/</link>
					<pubDate>Wed, 07 Aug 2024 08:36:10 +0000</pubDate>
					<dc:creator><![CDATA[maksimkliakhin]]></dc:creator>
					<guid isPermaLink="false">http://dummy.xtemos.com/woodmart2/accessories-gutenberg/wp-content/uploads/sites/26/2024/08/mag-safe-case-category.jpg</guid>
															<wp:post_id>906</wp:post_id>
					<wp:post_date><![CDATA[2024-08-07 08:36:10]]></wp:post_date>
					<wp:post_date_gmt><![CDATA[2024-08-07 08:36:10]]></wp:post_date_gmt>
					<wp:post_modified><![CDATA[2024-08-07 08:36:10]]></wp:post_modified>
					<wp:post_modified_gmt><![CDATA[2024-08-07 08:36:10]]></wp:post_modified_gmt>
					<wp:comment_status><![CDATA[open]]></wp:comment_status>
					<wp:post_name><![CDATA[mag-safe-case-category-2]]></wp:post_name>
					<wp:status><![CDATA[inherit]]></wp:status>
					<wp:post_parent>901</wp:post_parent>
					<wp:menu_order>0</wp:menu_order>
					<wp:post_type><![CDATA[attachment]]></wp:post_type>
											<wp:attachment_url><![CDATA[http://dummy.xtemos.com/woodmart2/accessories-gutenberg/wp-content/uploads/sites/26/2024/08/mag-safe-case-category.jpg]]></wp:attachment_url>
																					<wp:postmeta>
							<wp:meta_key><![CDATA[_wp_attached_file]]></wp:meta_key>
							<wp:meta_value><![CDATA[2024/08/mag-safe-case-category.jpg]]></wp:meta_value>
						</wp:postmeta>
										</item>
								<item>
					<title><![CDATA[silicone-case-category]]></title>
					<link>https://dummy.xtemos.com/woodmart2/accessories-gutenberg/woodmart_layout/product-archive-layout-cases/silicone-case-category-2/</link>
					<pubDate>Wed, 07 Aug 2024 08:36:11 +0000</pubDate>
					<dc:creator><![CDATA[maksimkliakhin]]></dc:creator>
					<guid isPermaLink="false">http://dummy.xtemos.com/woodmart2/accessories-gutenberg/wp-content/uploads/sites/26/2024/08/silicone-case-category.jpg</guid>
															<wp:post_id>907</wp:post_id>
					<wp:post_date><![CDATA[2024-08-07 08:36:11]]></wp:post_date>
					<wp:post_date_gmt><![CDATA[2024-08-07 08:36:11]]></wp:post_date_gmt>
					<wp:post_modified><![CDATA[2024-08-07 08:36:11]]></wp:post_modified>
					<wp:post_modified_gmt><![CDATA[2024-08-07 08:36:11]]></wp:post_modified_gmt>
					<wp:comment_status><![CDATA[open]]></wp:comment_status>
					<wp:post_name><![CDATA[silicone-case-category-2]]></wp:post_name>
					<wp:status><![CDATA[inherit]]></wp:status>
					<wp:post_parent>901</wp:post_parent>
					<wp:menu_order>0</wp:menu_order>
					<wp:post_type><![CDATA[attachment]]></wp:post_type>
											<wp:attachment_url><![CDATA[http://dummy.xtemos.com/woodmart2/accessories-gutenberg/wp-content/uploads/sites/26/2024/08/silicone-case-category.jpg]]></wp:attachment_url>
																					<wp:postmeta>
							<wp:meta_key><![CDATA[_wp_attached_file]]></wp:meta_key>
							<wp:meta_value><![CDATA[2024/08/silicone-case-category.jpg]]></wp:meta_value>
						</wp:postmeta>
										</item>
								<item>
					<title><![CDATA[limited-edition-straps-category]]></title>
					<link>https://dummy.xtemos.com/woodmart2/accessories-gutenberg/woodmart_layout/product-archive-layout-straps/limited-edition-straps-category-2/</link>
					<pubDate>Wed, 07 Aug 2024 09:27:55 +0000</pubDate>
					<dc:creator><![CDATA[maksimkliakhin]]></dc:creator>
					<guid isPermaLink="false">http://dummy.xtemos.com/woodmart2/accessories-gutenberg/wp-content/uploads/sites/26/2024/08/limited-edition-straps-category.jpg</guid>
															<wp:post_id>921</wp:post_id>
					<wp:post_date><![CDATA[2024-08-07 09:27:55]]></wp:post_date>
					<wp:post_date_gmt><![CDATA[2024-08-07 09:27:55]]></wp:post_date_gmt>
					<wp:post_modified><![CDATA[2024-08-07 09:27:55]]></wp:post_modified>
					<wp:post_modified_gmt><![CDATA[2024-08-07 09:27:55]]></wp:post_modified_gmt>
					<wp:comment_status><![CDATA[open]]></wp:comment_status>
					<wp:post_name><![CDATA[limited-edition-straps-category-2]]></wp:post_name>
					<wp:status><![CDATA[inherit]]></wp:status>
					<wp:post_parent>917</wp:post_parent>
					<wp:menu_order>0</wp:menu_order>
					<wp:post_type><![CDATA[attachment]]></wp:post_type>
											<wp:attachment_url><![CDATA[http://dummy.xtemos.com/woodmart2/accessories-gutenberg/wp-content/uploads/sites/26/2024/08/limited-edition-straps-category.jpg]]></wp:attachment_url>
																					<wp:postmeta>
							<wp:meta_key><![CDATA[_wp_attached_file]]></wp:meta_key>
							<wp:meta_value><![CDATA[2024/08/limited-edition-straps-category.jpg]]></wp:meta_value>
						</wp:postmeta>
										</item>
								<item>
					<title><![CDATA[new-44mm-straps-category]]></title>
					<link>https://dummy.xtemos.com/woodmart2/accessories-gutenberg/woodmart_layout/product-archive-layout-straps/new-44mm-straps-category-2/</link>
					<pubDate>Wed, 07 Aug 2024 09:28:07 +0000</pubDate>
					<dc:creator><![CDATA[maksimkliakhin]]></dc:creator>
					<guid isPermaLink="false">http://dummy.xtemos.com/woodmart2/accessories-gutenberg/wp-content/uploads/sites/26/2024/08/new-44mm-straps-category.jpg</guid>
															<wp:post_id>922</wp:post_id>
					<wp:post_date><![CDATA[2024-08-07 09:28:07]]></wp:post_date>
					<wp:post_date_gmt><![CDATA[2024-08-07 09:28:07]]></wp:post_date_gmt>
					<wp:post_modified><![CDATA[2024-08-07 09:28:07]]></wp:post_modified>
					<wp:post_modified_gmt><![CDATA[2024-08-07 09:28:07]]></wp:post_modified_gmt>
					<wp:comment_status><![CDATA[open]]></wp:comment_status>
					<wp:post_name><![CDATA[new-44mm-straps-category-2]]></wp:post_name>
					<wp:status><![CDATA[inherit]]></wp:status>
					<wp:post_parent>917</wp:post_parent>
					<wp:menu_order>0</wp:menu_order>
					<wp:post_type><![CDATA[attachment]]></wp:post_type>
											<wp:attachment_url><![CDATA[http://dummy.xtemos.com/woodmart2/accessories-gutenberg/wp-content/uploads/sites/26/2024/08/new-44mm-straps-category.jpg]]></wp:attachment_url>
																					<wp:postmeta>
							<wp:meta_key><![CDATA[_wp_attached_file]]></wp:meta_key>
							<wp:meta_value><![CDATA[2024/08/new-44mm-straps-category.jpg]]></wp:meta_value>
						</wp:postmeta>
										</item>
								<item>
					<title><![CDATA[mag-safe-accessories-category-1]]></title>
					<link>https://dummy.xtemos.com/woodmart2/accessories-gutenberg/mag-safe-accessories-category-1-2/</link>
					<pubDate>Wed, 07 Aug 2024 09:47:08 +0000</pubDate>
					<dc:creator><![CDATA[maksimkliakhin]]></dc:creator>
					<guid isPermaLink="false">http://dummy.xtemos.com/woodmart2/accessories-gutenberg/wp-content/uploads/sites/26/2024/08/mag-safe-accessories-category-1.jpg</guid>
															<wp:post_id>929</wp:post_id>
					<wp:post_date><![CDATA[2024-08-07 09:47:08]]></wp:post_date>
					<wp:post_date_gmt><![CDATA[2024-08-07 09:47:08]]></wp:post_date_gmt>
					<wp:post_modified><![CDATA[2024-08-07 09:47:08]]></wp:post_modified>
					<wp:post_modified_gmt><![CDATA[2024-08-07 09:47:08]]></wp:post_modified_gmt>
					<wp:comment_status><![CDATA[open]]></wp:comment_status>
					<wp:post_name><![CDATA[mag-safe-accessories-category-1-2]]></wp:post_name>
					<wp:status><![CDATA[inherit]]></wp:status>
					<wp:post_parent>0</wp:post_parent>
					<wp:menu_order>0</wp:menu_order>
					<wp:post_type><![CDATA[attachment]]></wp:post_type>
											<wp:attachment_url><![CDATA[http://dummy.xtemos.com/woodmart2/accessories-gutenberg/wp-content/uploads/sites/26/2024/08/mag-safe-accessories-category-1.jpg]]></wp:attachment_url>
																					<wp:postmeta>
							<wp:meta_key><![CDATA[_wp_attached_file]]></wp:meta_key>
							<wp:meta_value><![CDATA[2024/08/mag-safe-accessories-category-1.jpg]]></wp:meta_value>
						</wp:postmeta>
										</item>
								<item>
					<title><![CDATA[protective-cases-category-1]]></title>
					<link>https://dummy.xtemos.com/woodmart2/accessories-gutenberg/protective-cases-category-1-2/</link>
					<pubDate>Wed, 07 Aug 2024 09:47:09 +0000</pubDate>
					<dc:creator><![CDATA[maksimkliakhin]]></dc:creator>
					<guid isPermaLink="false">http://dummy.xtemos.com/woodmart2/accessories-gutenberg/wp-content/uploads/sites/26/2024/08/protective-cases-category-1.jpg</guid>
															<wp:post_id>930</wp:post_id>
					<wp:post_date><![CDATA[2024-08-07 09:47:09]]></wp:post_date>
					<wp:post_date_gmt><![CDATA[2024-08-07 09:47:09]]></wp:post_date_gmt>
					<wp:post_modified><![CDATA[2024-08-07 09:47:09]]></wp:post_modified>
					<wp:post_modified_gmt><![CDATA[2024-08-07 09:47:09]]></wp:post_modified_gmt>
					<wp:comment_status><![CDATA[open]]></wp:comment_status>
					<wp:post_name><![CDATA[protective-cases-category-1-2]]></wp:post_name>
					<wp:status><![CDATA[inherit]]></wp:status>
					<wp:post_parent>0</wp:post_parent>
					<wp:menu_order>0</wp:menu_order>
					<wp:post_type><![CDATA[attachment]]></wp:post_type>
											<wp:attachment_url><![CDATA[http://dummy.xtemos.com/woodmart2/accessories-gutenberg/wp-content/uploads/sites/26/2024/08/protective-cases-category-1.jpg]]></wp:attachment_url>
																					<wp:postmeta>
							<wp:meta_key><![CDATA[_wp_attached_file]]></wp:meta_key>
							<wp:meta_value><![CDATA[2024/08/protective-cases-category-1.jpg]]></wp:meta_value>
						</wp:postmeta>
										</item>
								<item>
					<title><![CDATA[watches-straps-category-1]]></title>
					<link>https://dummy.xtemos.com/woodmart2/accessories-gutenberg/watches-straps-category-1-2/</link>
					<pubDate>Wed, 07 Aug 2024 09:47:10 +0000</pubDate>
					<dc:creator><![CDATA[maksimkliakhin]]></dc:creator>
					<guid isPermaLink="false">http://dummy.xtemos.com/woodmart2/accessories-gutenberg/wp-content/uploads/sites/26/2024/08/watches-straps-category-1.jpg</guid>
															<wp:post_id>931</wp:post_id>
					<wp:post_date><![CDATA[2024-08-07 09:47:10]]></wp:post_date>
					<wp:post_date_gmt><![CDATA[2024-08-07 09:47:10]]></wp:post_date_gmt>
					<wp:post_modified><![CDATA[2024-08-07 09:47:10]]></wp:post_modified>
					<wp:post_modified_gmt><![CDATA[2024-08-07 09:47:10]]></wp:post_modified_gmt>
					<wp:comment_status><![CDATA[open]]></wp:comment_status>
					<wp:post_name><![CDATA[watches-straps-category-1-2]]></wp:post_name>
					<wp:status><![CDATA[inherit]]></wp:status>
					<wp:post_parent>0</wp:post_parent>
					<wp:menu_order>0</wp:menu_order>
					<wp:post_type><![CDATA[attachment]]></wp:post_type>
											<wp:attachment_url><![CDATA[http://dummy.xtemos.com/woodmart2/accessories-gutenberg/wp-content/uploads/sites/26/2024/08/watches-straps-category-1.jpg]]></wp:attachment_url>
																					<wp:postmeta>
							<wp:meta_key><![CDATA[_wp_attached_file]]></wp:meta_key>
							<wp:meta_value><![CDATA[2024/08/watches-straps-category-1.jpg]]></wp:meta_value>
						</wp:postmeta>
										</item>
								<item>
					<title><![CDATA[new-arrivals-banner-1]]></title>
					<link>https://dummy.xtemos.com/woodmart2/accessories-gutenberg/new-arrivals-banner-1/</link>
					<pubDate>Wed, 07 Aug 2024 09:50:51 +0000</pubDate>
					<dc:creator><![CDATA[maksimkliakhin]]></dc:creator>
					<guid isPermaLink="false">http://dummy.xtemos.com/woodmart2/accessories-gutenberg/wp-content/uploads/sites/26/2024/08/new-arrivals-banner-1.jpg</guid>
															<wp:post_id>934</wp:post_id>
					<wp:post_date><![CDATA[2024-08-07 09:50:51]]></wp:post_date>
					<wp:post_date_gmt><![CDATA[2024-08-07 09:50:51]]></wp:post_date_gmt>
					<wp:post_modified><![CDATA[2024-08-07 09:50:51]]></wp:post_modified>
					<wp:post_modified_gmt><![CDATA[2024-08-07 09:50:51]]></wp:post_modified_gmt>
					<wp:comment_status><![CDATA[open]]></wp:comment_status>
					<wp:post_name><![CDATA[new-arrivals-banner-1]]></wp:post_name>
					<wp:status><![CDATA[inherit]]></wp:status>
					<wp:post_parent>0</wp:post_parent>
					<wp:menu_order>0</wp:menu_order>
					<wp:post_type><![CDATA[attachment]]></wp:post_type>
											<wp:attachment_url><![CDATA[http://dummy.xtemos.com/woodmart2/accessories-gutenberg/wp-content/uploads/sites/26/2024/08/new-arrivals-banner-1.jpg]]></wp:attachment_url>
																					<wp:postmeta>
							<wp:meta_key><![CDATA[_wp_attached_file]]></wp:meta_key>
							<wp:meta_value><![CDATA[2024/08/new-arrivals-banner-1.jpg]]></wp:meta_value>
						</wp:postmeta>
										</item>
								<item>
					<title><![CDATA[canvas-category]]></title>
					<link>https://dummy.xtemos.com/woodmart2/accessories-gutenberg/canvas-category/</link>
					<pubDate>Fri, 12 Jul 2024 11:42:18 +0000</pubDate>
					<dc:creator><![CDATA[maksimkliakhin]]></dc:creator>
					<guid isPermaLink="false">http://dummy.xtemos.com/woodmart2/accessories-gutenberg/wp-content/uploads/sites/26/2024/07/canvas-category.jpg</guid>
															<wp:post_id>186</wp:post_id>
					<wp:post_date><![CDATA[2024-07-12 11:42:18]]></wp:post_date>
					<wp:post_date_gmt><![CDATA[2024-07-12 11:42:18]]></wp:post_date_gmt>
					<wp:post_modified><![CDATA[2024-07-12 11:42:18]]></wp:post_modified>
					<wp:post_modified_gmt><![CDATA[2024-07-12 11:42:18]]></wp:post_modified_gmt>
					<wp:comment_status><![CDATA[open]]></wp:comment_status>
					<wp:post_name><![CDATA[canvas-category]]></wp:post_name>
					<wp:status><![CDATA[inherit]]></wp:status>
					<wp:post_parent>0</wp:post_parent>
					<wp:menu_order>0</wp:menu_order>
					<wp:post_type><![CDATA[attachment]]></wp:post_type>
											<wp:attachment_url><![CDATA[http://dummy.xtemos.com/woodmart2/accessories-gutenberg/wp-content/uploads/sites/26/2024/07/canvas-category.jpg]]></wp:attachment_url>
																					<wp:postmeta>
							<wp:meta_key><![CDATA[_wp_attached_file]]></wp:meta_key>
							<wp:meta_value><![CDATA[2024/07/canvas-category.jpg]]></wp:meta_value>
						</wp:postmeta>
										</item>
								<item>
					<title><![CDATA[i11-category]]></title>
					<link>https://dummy.xtemos.com/woodmart2/accessories-gutenberg/i11-category/</link>
					<pubDate>Fri, 12 Jul 2024 11:42:20 +0000</pubDate>
					<dc:creator><![CDATA[maksimkliakhin]]></dc:creator>
					<guid isPermaLink="false">http://dummy.xtemos.com/woodmart2/accessories-gutenberg/wp-content/uploads/sites/26/2024/07/i11-category.jpg</guid>
															<wp:post_id>188</wp:post_id>
					<wp:post_date><![CDATA[2024-07-12 11:42:20]]></wp:post_date>
					<wp:post_date_gmt><![CDATA[2024-07-12 11:42:20]]></wp:post_date_gmt>
					<wp:post_modified><![CDATA[2024-07-12 11:42:20]]></wp:post_modified>
					<wp:post_modified_gmt><![CDATA[2024-07-12 11:42:20]]></wp:post_modified_gmt>
					<wp:comment_status><![CDATA[open]]></wp:comment_status>
					<wp:post_name><![CDATA[i11-category]]></wp:post_name>
					<wp:status><![CDATA[inherit]]></wp:status>
					<wp:post_parent>0</wp:post_parent>
					<wp:menu_order>0</wp:menu_order>
					<wp:post_type><![CDATA[attachment]]></wp:post_type>
											<wp:attachment_url><![CDATA[http://dummy.xtemos.com/woodmart2/accessories-gutenberg/wp-content/uploads/sites/26/2024/07/i11-category.jpg]]></wp:attachment_url>
																					<wp:postmeta>
							<wp:meta_key><![CDATA[_wp_attached_file]]></wp:meta_key>
							<wp:meta_value><![CDATA[2024/07/i11-category.jpg]]></wp:meta_value>
						</wp:postmeta>
										</item>
								<item>
					<title><![CDATA[i12-category]]></title>
					<link>https://dummy.xtemos.com/woodmart2/accessories-gutenberg/i12-category/</link>
					<pubDate>Fri, 12 Jul 2024 11:42:21 +0000</pubDate>
					<dc:creator><![CDATA[maksimkliakhin]]></dc:creator>
					<guid isPermaLink="false">http://dummy.xtemos.com/woodmart2/accessories-gutenberg/wp-content/uploads/sites/26/2024/07/i12-category.jpg</guid>
															<wp:post_id>190</wp:post_id>
					<wp:post_date><![CDATA[2024-07-12 11:42:21]]></wp:post_date>
					<wp:post_date_gmt><![CDATA[2024-07-12 11:42:21]]></wp:post_date_gmt>
					<wp:post_modified><![CDATA[2024-07-12 11:42:21]]></wp:post_modified>
					<wp:post_modified_gmt><![CDATA[2024-07-12 11:42:21]]></wp:post_modified_gmt>
					<wp:comment_status><![CDATA[open]]></wp:comment_status>
					<wp:post_name><![CDATA[i12-category]]></wp:post_name>
					<wp:status><![CDATA[inherit]]></wp:status>
					<wp:post_parent>0</wp:post_parent>
					<wp:menu_order>0</wp:menu_order>
					<wp:post_type><![CDATA[attachment]]></wp:post_type>
											<wp:attachment_url><![CDATA[http://dummy.xtemos.com/woodmart2/accessories-gutenberg/wp-content/uploads/sites/26/2024/07/i12-category.jpg]]></wp:attachment_url>
																					<wp:postmeta>
							<wp:meta_key><![CDATA[_wp_attached_file]]></wp:meta_key>
							<wp:meta_value><![CDATA[2024/07/i12-category.jpg]]></wp:meta_value>
						</wp:postmeta>
										</item>
								<item>
					<title><![CDATA[ise-category]]></title>
					<link>https://dummy.xtemos.com/woodmart2/accessories-gutenberg/ise-category/</link>
					<pubDate>Fri, 12 Jul 2024 11:42:23 +0000</pubDate>
					<dc:creator><![CDATA[maksimkliakhin]]></dc:creator>
					<guid isPermaLink="false">http://dummy.xtemos.com/woodmart2/accessories-gutenberg/wp-content/uploads/sites/26/2024/07/ise-category.jpg</guid>
															<wp:post_id>193</wp:post_id>
					<wp:post_date><![CDATA[2024-07-12 11:42:23]]></wp:post_date>
					<wp:post_date_gmt><![CDATA[2024-07-12 11:42:23]]></wp:post_date_gmt>
					<wp:post_modified><![CDATA[2024-07-12 11:42:23]]></wp:post_modified>
					<wp:post_modified_gmt><![CDATA[2024-07-12 11:42:23]]></wp:post_modified_gmt>
					<wp:comment_status><![CDATA[open]]></wp:comment_status>
					<wp:post_name><![CDATA[ise-category]]></wp:post_name>
					<wp:status><![CDATA[inherit]]></wp:status>
					<wp:post_parent>0</wp:post_parent>
					<wp:menu_order>0</wp:menu_order>
					<wp:post_type><![CDATA[attachment]]></wp:post_type>
											<wp:attachment_url><![CDATA[http://dummy.xtemos.com/woodmart2/accessories-gutenberg/wp-content/uploads/sites/26/2024/07/ise-category.jpg]]></wp:attachment_url>
																					<wp:postmeta>
							<wp:meta_key><![CDATA[_wp_attached_file]]></wp:meta_key>
							<wp:meta_value><![CDATA[2024/07/ise-category.jpg]]></wp:meta_value>
						</wp:postmeta>
										</item>
								<item>
					<title><![CDATA[ixr-category]]></title>
					<link>https://dummy.xtemos.com/woodmart2/accessories-gutenberg/ixr-category/</link>
					<pubDate>Fri, 12 Jul 2024 11:42:23 +0000</pubDate>
					<dc:creator><![CDATA[maksimkliakhin]]></dc:creator>
					<guid isPermaLink="false">http://dummy.xtemos.com/woodmart2/accessories-gutenberg/wp-content/uploads/sites/26/2024/07/ixr-category.jpg</guid>
															<wp:post_id>194</wp:post_id>
					<wp:post_date><![CDATA[2024-07-12 11:42:23]]></wp:post_date>
					<wp:post_date_gmt><![CDATA[2024-07-12 11:42:23]]></wp:post_date_gmt>
					<wp:post_modified><![CDATA[2024-07-12 11:42:23]]></wp:post_modified>
					<wp:post_modified_gmt><![CDATA[2024-07-12 11:42:23]]></wp:post_modified_gmt>
					<wp:comment_status><![CDATA[open]]></wp:comment_status>
					<wp:post_name><![CDATA[ixr-category]]></wp:post_name>
					<wp:status><![CDATA[inherit]]></wp:status>
					<wp:post_parent>0</wp:post_parent>
					<wp:menu_order>0</wp:menu_order>
					<wp:post_type><![CDATA[attachment]]></wp:post_type>
											<wp:attachment_url><![CDATA[http://dummy.xtemos.com/woodmart2/accessories-gutenberg/wp-content/uploads/sites/26/2024/07/ixr-category.jpg]]></wp:attachment_url>
																					<wp:postmeta>
							<wp:meta_key><![CDATA[_wp_attached_file]]></wp:meta_key>
							<wp:meta_value><![CDATA[2024/07/ixr-category.jpg]]></wp:meta_value>
						</wp:postmeta>
										</item>
								<item>
					<title><![CDATA[leather-category]]></title>
					<link>https://dummy.xtemos.com/woodmart2/accessories-gutenberg/leather-category/</link>
					<pubDate>Fri, 12 Jul 2024 11:42:24 +0000</pubDate>
					<dc:creator><![CDATA[maksimkliakhin]]></dc:creator>
					<guid isPermaLink="false">http://dummy.xtemos.com/woodmart2/accessories-gutenberg/wp-content/uploads/sites/26/2024/07/leather-category.jpg</guid>
															<wp:post_id>195</wp:post_id>
					<wp:post_date><![CDATA[2024-07-12 11:42:24]]></wp:post_date>
					<wp:post_date_gmt><![CDATA[2024-07-12 11:42:24]]></wp:post_date_gmt>
					<wp:post_modified><![CDATA[2024-07-12 11:42:24]]></wp:post_modified>
					<wp:post_modified_gmt><![CDATA[2024-07-12 11:42:24]]></wp:post_modified_gmt>
					<wp:comment_status><![CDATA[open]]></wp:comment_status>
					<wp:post_name><![CDATA[leather-category]]></wp:post_name>
					<wp:status><![CDATA[inherit]]></wp:status>
					<wp:post_parent>0</wp:post_parent>
					<wp:menu_order>0</wp:menu_order>
					<wp:post_type><![CDATA[attachment]]></wp:post_type>
											<wp:attachment_url><![CDATA[http://dummy.xtemos.com/woodmart2/accessories-gutenberg/wp-content/uploads/sites/26/2024/07/leather-category.jpg]]></wp:attachment_url>
																					<wp:postmeta>
							<wp:meta_key><![CDATA[_wp_attached_file]]></wp:meta_key>
							<wp:meta_value><![CDATA[2024/07/leather-category.jpg]]></wp:meta_value>
						</wp:postmeta>
										</item>
								<item>
					<title><![CDATA[w-accessories-brand-2]]></title>
					<link>https://dummy.xtemos.com/woodmart2/accessories-gutenberg/w-accessories-brand-2/</link>
					<pubDate>Tue, 16 Jul 2024 09:22:34 +0000</pubDate>
					<dc:creator><![CDATA[maksimkliakhin]]></dc:creator>
					<guid isPermaLink="false">http://dummy.xtemos.com/woodmart2/accessories-gutenberg/wp-content/uploads/sites/26/2024/07/w-accessories-brand-2.png</guid>
															<wp:post_id>831</wp:post_id>
					<wp:post_date><![CDATA[2024-07-16 09:22:34]]></wp:post_date>
					<wp:post_date_gmt><![CDATA[2024-07-16 09:22:34]]></wp:post_date_gmt>
					<wp:post_modified><![CDATA[2024-07-16 09:22:34]]></wp:post_modified>
					<wp:post_modified_gmt><![CDATA[2024-07-16 09:22:34]]></wp:post_modified_gmt>
					<wp:comment_status><![CDATA[open]]></wp:comment_status>
					<wp:post_name><![CDATA[w-accessories-brand-2]]></wp:post_name>
					<wp:status><![CDATA[inherit]]></wp:status>
					<wp:post_parent>0</wp:post_parent>
					<wp:menu_order>0</wp:menu_order>
					<wp:post_type><![CDATA[attachment]]></wp:post_type>
											<wp:attachment_url><![CDATA[http://dummy.xtemos.com/woodmart2/accessories-gutenberg/wp-content/uploads/sites/26/2024/07/w-accessories-brand-2.png]]></wp:attachment_url>
																					<wp:postmeta>
							<wp:meta_key><![CDATA[_wp_attached_file]]></wp:meta_key>
							<wp:meta_value><![CDATA[2024/07/w-accessories-brand-2.png]]></wp:meta_value>
						</wp:postmeta>
										</item>
								<item>
					<title><![CDATA[w-accessories-brand-3]]></title>
					<link>https://dummy.xtemos.com/woodmart2/accessories-gutenberg/w-accessories-brand-3/</link>
					<pubDate>Tue, 16 Jul 2024 09:22:34 +0000</pubDate>
					<dc:creator><![CDATA[maksimkliakhin]]></dc:creator>
					<guid isPermaLink="false">http://dummy.xtemos.com/woodmart2/accessories-gutenberg/wp-content/uploads/sites/26/2024/07/w-accessories-brand-3.png</guid>
															<wp:post_id>832</wp:post_id>
					<wp:post_date><![CDATA[2024-07-16 09:22:34]]></wp:post_date>
					<wp:post_date_gmt><![CDATA[2024-07-16 09:22:34]]></wp:post_date_gmt>
					<wp:post_modified><![CDATA[2024-07-16 09:22:34]]></wp:post_modified>
					<wp:post_modified_gmt><![CDATA[2024-07-16 09:22:34]]></wp:post_modified_gmt>
					<wp:comment_status><![CDATA[open]]></wp:comment_status>
					<wp:post_name><![CDATA[w-accessories-brand-3]]></wp:post_name>
					<wp:status><![CDATA[inherit]]></wp:status>
					<wp:post_parent>0</wp:post_parent>
					<wp:menu_order>0</wp:menu_order>
					<wp:post_type><![CDATA[attachment]]></wp:post_type>
											<wp:attachment_url><![CDATA[http://dummy.xtemos.com/woodmart2/accessories-gutenberg/wp-content/uploads/sites/26/2024/07/w-accessories-brand-3.png]]></wp:attachment_url>
																					<wp:postmeta>
							<wp:meta_key><![CDATA[_wp_attached_file]]></wp:meta_key>
							<wp:meta_value><![CDATA[2024/07/w-accessories-brand-3.png]]></wp:meta_value>
						</wp:postmeta>
										</item>
								<item>
					<title><![CDATA[w-accessories-brand-4]]></title>
					<link>https://dummy.xtemos.com/woodmart2/accessories-gutenberg/w-accessories-brand-4/</link>
					<pubDate>Tue, 16 Jul 2024 09:22:35 +0000</pubDate>
					<dc:creator><![CDATA[maksimkliakhin]]></dc:creator>
					<guid isPermaLink="false">http://dummy.xtemos.com/woodmart2/accessories-gutenberg/wp-content/uploads/sites/26/2024/07/w-accessories-brand-4.png</guid>
															<wp:post_id>833</wp:post_id>
					<wp:post_date><![CDATA[2024-07-16 09:22:35]]></wp:post_date>
					<wp:post_date_gmt><![CDATA[2024-07-16 09:22:35]]></wp:post_date_gmt>
					<wp:post_modified><![CDATA[2024-07-16 09:22:35]]></wp:post_modified>
					<wp:post_modified_gmt><![CDATA[2024-07-16 09:22:35]]></wp:post_modified_gmt>
					<wp:comment_status><![CDATA[open]]></wp:comment_status>
					<wp:post_name><![CDATA[w-accessories-brand-4]]></wp:post_name>
					<wp:status><![CDATA[inherit]]></wp:status>
					<wp:post_parent>0</wp:post_parent>
					<wp:menu_order>0</wp:menu_order>
					<wp:post_type><![CDATA[attachment]]></wp:post_type>
											<wp:attachment_url><![CDATA[http://dummy.xtemos.com/woodmart2/accessories-gutenberg/wp-content/uploads/sites/26/2024/07/w-accessories-brand-4.png]]></wp:attachment_url>
																					<wp:postmeta>
							<wp:meta_key><![CDATA[_wp_attached_file]]></wp:meta_key>
							<wp:meta_value><![CDATA[2024/07/w-accessories-brand-4.png]]></wp:meta_value>
						</wp:postmeta>
										</item>
								<item>
					<title><![CDATA[w-accessories-brand-5]]></title>
					<link>https://dummy.xtemos.com/woodmart2/accessories-gutenberg/w-accessories-brand-5/</link>
					<pubDate>Tue, 16 Jul 2024 09:22:35 +0000</pubDate>
					<dc:creator><![CDATA[maksimkliakhin]]></dc:creator>
					<guid isPermaLink="false">http://dummy.xtemos.com/woodmart2/accessories-gutenberg/wp-content/uploads/sites/26/2024/07/w-accessories-brand-5.png</guid>
															<wp:post_id>834</wp:post_id>
					<wp:post_date><![CDATA[2024-07-16 09:22:35]]></wp:post_date>
					<wp:post_date_gmt><![CDATA[2024-07-16 09:22:35]]></wp:post_date_gmt>
					<wp:post_modified><![CDATA[2024-07-16 09:22:35]]></wp:post_modified>
					<wp:post_modified_gmt><![CDATA[2024-07-16 09:22:35]]></wp:post_modified_gmt>
					<wp:comment_status><![CDATA[open]]></wp:comment_status>
					<wp:post_name><![CDATA[w-accessories-brand-5]]></wp:post_name>
					<wp:status><![CDATA[inherit]]></wp:status>
					<wp:post_parent>0</wp:post_parent>
					<wp:menu_order>0</wp:menu_order>
					<wp:post_type><![CDATA[attachment]]></wp:post_type>
											<wp:attachment_url><![CDATA[http://dummy.xtemos.com/woodmart2/accessories-gutenberg/wp-content/uploads/sites/26/2024/07/w-accessories-brand-5.png]]></wp:attachment_url>
																					<wp:postmeta>
							<wp:meta_key><![CDATA[_wp_attached_file]]></wp:meta_key>
							<wp:meta_value><![CDATA[2024/07/w-accessories-brand-5.png]]></wp:meta_value>
						</wp:postmeta>
										</item>
								<item>
					<title><![CDATA[w-accessories-brand-6]]></title>
					<link>https://dummy.xtemos.com/woodmart2/accessories-gutenberg/w-accessories-brand-6/</link>
					<pubDate>Tue, 16 Jul 2024 09:22:36 +0000</pubDate>
					<dc:creator><![CDATA[maksimkliakhin]]></dc:creator>
					<guid isPermaLink="false">http://dummy.xtemos.com/woodmart2/accessories-gutenberg/wp-content/uploads/sites/26/2024/07/w-accessories-brand-6.png</guid>
															<wp:post_id>835</wp:post_id>
					<wp:post_date><![CDATA[2024-07-16 09:22:36]]></wp:post_date>
					<wp:post_date_gmt><![CDATA[2024-07-16 09:22:36]]></wp:post_date_gmt>
					<wp:post_modified><![CDATA[2024-07-16 09:22:36]]></wp:post_modified>
					<wp:post_modified_gmt><![CDATA[2024-07-16 09:22:36]]></wp:post_modified_gmt>
					<wp:comment_status><![CDATA[open]]></wp:comment_status>
					<wp:post_name><![CDATA[w-accessories-brand-6]]></wp:post_name>
					<wp:status><![CDATA[inherit]]></wp:status>
					<wp:post_parent>0</wp:post_parent>
					<wp:menu_order>0</wp:menu_order>
					<wp:post_type><![CDATA[attachment]]></wp:post_type>
											<wp:attachment_url><![CDATA[http://dummy.xtemos.com/woodmart2/accessories-gutenberg/wp-content/uploads/sites/26/2024/07/w-accessories-brand-6.png]]></wp:attachment_url>
																					<wp:postmeta>
							<wp:meta_key><![CDATA[_wp_attached_file]]></wp:meta_key>
							<wp:meta_value><![CDATA[2024/07/w-accessories-brand-6.png]]></wp:meta_value>
						</wp:postmeta>
										</item>
								<item>
					<title><![CDATA[w-accessories-brand-7]]></title>
					<link>https://dummy.xtemos.com/woodmart2/accessories-gutenberg/w-accessories-brand-7/</link>
					<pubDate>Tue, 16 Jul 2024 09:22:36 +0000</pubDate>
					<dc:creator><![CDATA[maksimkliakhin]]></dc:creator>
					<guid isPermaLink="false">http://dummy.xtemos.com/woodmart2/accessories-gutenberg/wp-content/uploads/sites/26/2024/07/w-accessories-brand-7.png</guid>
															<wp:post_id>836</wp:post_id>
					<wp:post_date><![CDATA[2024-07-16 09:22:36]]></wp:post_date>
					<wp:post_date_gmt><![CDATA[2024-07-16 09:22:36]]></wp:post_date_gmt>
					<wp:post_modified><![CDATA[2024-07-16 09:22:36]]></wp:post_modified>
					<wp:post_modified_gmt><![CDATA[2024-07-16 09:22:36]]></wp:post_modified_gmt>
					<wp:comment_status><![CDATA[open]]></wp:comment_status>
					<wp:post_name><![CDATA[w-accessories-brand-7]]></wp:post_name>
					<wp:status><![CDATA[inherit]]></wp:status>
					<wp:post_parent>0</wp:post_parent>
					<wp:menu_order>0</wp:menu_order>
					<wp:post_type><![CDATA[attachment]]></wp:post_type>
											<wp:attachment_url><![CDATA[http://dummy.xtemos.com/woodmart2/accessories-gutenberg/wp-content/uploads/sites/26/2024/07/w-accessories-brand-7.png]]></wp:attachment_url>
																					<wp:postmeta>
							<wp:meta_key><![CDATA[_wp_attached_file]]></wp:meta_key>
							<wp:meta_value><![CDATA[2024/07/w-accessories-brand-7.png]]></wp:meta_value>
						</wp:postmeta>
										</item>
								<item>
					<title><![CDATA[w-accessories-brand-8]]></title>
					<link>https://dummy.xtemos.com/woodmart2/accessories-gutenberg/w-accessories-brand-8/</link>
					<pubDate>Tue, 16 Jul 2024 09:22:37 +0000</pubDate>
					<dc:creator><![CDATA[maksimkliakhin]]></dc:creator>
					<guid isPermaLink="false">http://dummy.xtemos.com/woodmart2/accessories-gutenberg/wp-content/uploads/sites/26/2024/07/w-accessories-brand-8.png</guid>
															<wp:post_id>837</wp:post_id>
					<wp:post_date><![CDATA[2024-07-16 09:22:37]]></wp:post_date>
					<wp:post_date_gmt><![CDATA[2024-07-16 09:22:37]]></wp:post_date_gmt>
					<wp:post_modified><![CDATA[2024-07-16 09:22:37]]></wp:post_modified>
					<wp:post_modified_gmt><![CDATA[2024-07-16 09:22:37]]></wp:post_modified_gmt>
					<wp:comment_status><![CDATA[open]]></wp:comment_status>
					<wp:post_name><![CDATA[w-accessories-brand-8]]></wp:post_name>
					<wp:status><![CDATA[inherit]]></wp:status>
					<wp:post_parent>0</wp:post_parent>
					<wp:menu_order>0</wp:menu_order>
					<wp:post_type><![CDATA[attachment]]></wp:post_type>
											<wp:attachment_url><![CDATA[http://dummy.xtemos.com/woodmart2/accessories-gutenberg/wp-content/uploads/sites/26/2024/07/w-accessories-brand-8.png]]></wp:attachment_url>
																					<wp:postmeta>
							<wp:meta_key><![CDATA[_wp_attached_file]]></wp:meta_key>
							<wp:meta_value><![CDATA[2024/07/w-accessories-brand-8.png]]></wp:meta_value>
						</wp:postmeta>
										</item>
								<item>
					<title><![CDATA[w-accessories-brand-9]]></title>
					<link>https://dummy.xtemos.com/woodmart2/accessories-gutenberg/w-accessories-brand-9/</link>
					<pubDate>Tue, 16 Jul 2024 09:22:38 +0000</pubDate>
					<dc:creator><![CDATA[maksimkliakhin]]></dc:creator>
					<guid isPermaLink="false">http://dummy.xtemos.com/woodmart2/accessories-gutenberg/wp-content/uploads/sites/26/2024/07/w-accessories-brand-9.png</guid>
															<wp:post_id>838</wp:post_id>
					<wp:post_date><![CDATA[2024-07-16 09:22:38]]></wp:post_date>
					<wp:post_date_gmt><![CDATA[2024-07-16 09:22:38]]></wp:post_date_gmt>
					<wp:post_modified><![CDATA[2024-07-16 09:22:38]]></wp:post_modified>
					<wp:post_modified_gmt><![CDATA[2024-07-16 09:22:38]]></wp:post_modified_gmt>
					<wp:comment_status><![CDATA[open]]></wp:comment_status>
					<wp:post_name><![CDATA[w-accessories-brand-9]]></wp:post_name>
					<wp:status><![CDATA[inherit]]></wp:status>
					<wp:post_parent>0</wp:post_parent>
					<wp:menu_order>0</wp:menu_order>
					<wp:post_type><![CDATA[attachment]]></wp:post_type>
											<wp:attachment_url><![CDATA[http://dummy.xtemos.com/woodmart2/accessories-gutenberg/wp-content/uploads/sites/26/2024/07/w-accessories-brand-9.png]]></wp:attachment_url>
																					<wp:postmeta>
							<wp:meta_key><![CDATA[_wp_attached_file]]></wp:meta_key>
							<wp:meta_value><![CDATA[2024/07/w-accessories-brand-9.png]]></wp:meta_value>
						</wp:postmeta>
										</item>
								<item>
					<title><![CDATA[w-accessories-brand-10]]></title>
					<link>https://dummy.xtemos.com/woodmart2/accessories-gutenberg/w-accessories-brand-10/</link>
					<pubDate>Tue, 16 Jul 2024 09:22:38 +0000</pubDate>
					<dc:creator><![CDATA[maksimkliakhin]]></dc:creator>
					<guid isPermaLink="false">http://dummy.xtemos.com/woodmart2/accessories-gutenberg/wp-content/uploads/sites/26/2024/07/w-accessories-brand-10.png</guid>
															<wp:post_id>839</wp:post_id>
					<wp:post_date><![CDATA[2024-07-16 09:22:38]]></wp:post_date>
					<wp:post_date_gmt><![CDATA[2024-07-16 09:22:38]]></wp:post_date_gmt>
					<wp:post_modified><![CDATA[2024-07-16 09:22:38]]></wp:post_modified>
					<wp:post_modified_gmt><![CDATA[2024-07-16 09:22:38]]></wp:post_modified_gmt>
					<wp:comment_status><![CDATA[open]]></wp:comment_status>
					<wp:post_name><![CDATA[w-accessories-brand-10]]></wp:post_name>
					<wp:status><![CDATA[inherit]]></wp:status>
					<wp:post_parent>0</wp:post_parent>
					<wp:menu_order>0</wp:menu_order>
					<wp:post_type><![CDATA[attachment]]></wp:post_type>
											<wp:attachment_url><![CDATA[http://dummy.xtemos.com/woodmart2/accessories-gutenberg/wp-content/uploads/sites/26/2024/07/w-accessories-brand-10.png]]></wp:attachment_url>
																					<wp:postmeta>
							<wp:meta_key><![CDATA[_wp_attached_file]]></wp:meta_key>
							<wp:meta_value><![CDATA[2024/07/w-accessories-brand-10.png]]></wp:meta_value>
						</wp:postmeta>
										</item>
								<item>
					<title><![CDATA[w-accessories-brand-11]]></title>
					<link>https://dummy.xtemos.com/woodmart2/accessories-gutenberg/w-accessories-brand-11/</link>
					<pubDate>Tue, 16 Jul 2024 09:22:39 +0000</pubDate>
					<dc:creator><![CDATA[maksimkliakhin]]></dc:creator>
					<guid isPermaLink="false">http://dummy.xtemos.com/woodmart2/accessories-gutenberg/wp-content/uploads/sites/26/2024/07/w-accessories-brand-11.png</guid>
															<wp:post_id>840</wp:post_id>
					<wp:post_date><![CDATA[2024-07-16 09:22:39]]></wp:post_date>
					<wp:post_date_gmt><![CDATA[2024-07-16 09:22:39]]></wp:post_date_gmt>
					<wp:post_modified><![CDATA[2024-07-16 09:22:39]]></wp:post_modified>
					<wp:post_modified_gmt><![CDATA[2024-07-16 09:22:39]]></wp:post_modified_gmt>
					<wp:comment_status><![CDATA[open]]></wp:comment_status>
					<wp:post_name><![CDATA[w-accessories-brand-11]]></wp:post_name>
					<wp:status><![CDATA[inherit]]></wp:status>
					<wp:post_parent>0</wp:post_parent>
					<wp:menu_order>0</wp:menu_order>
					<wp:post_type><![CDATA[attachment]]></wp:post_type>
											<wp:attachment_url><![CDATA[http://dummy.xtemos.com/woodmart2/accessories-gutenberg/wp-content/uploads/sites/26/2024/07/w-accessories-brand-11.png]]></wp:attachment_url>
																					<wp:postmeta>
							<wp:meta_key><![CDATA[_wp_attached_file]]></wp:meta_key>
							<wp:meta_value><![CDATA[2024/07/w-accessories-brand-11.png]]></wp:meta_value>
						</wp:postmeta>
										</item>
								<item>
					<title><![CDATA[w-accessories-brand-12]]></title>
					<link>https://dummy.xtemos.com/woodmart2/accessories-gutenberg/w-accessories-brand-12/</link>
					<pubDate>Tue, 16 Jul 2024 09:22:40 +0000</pubDate>
					<dc:creator><![CDATA[maksimkliakhin]]></dc:creator>
					<guid isPermaLink="false">http://dummy.xtemos.com/woodmart2/accessories-gutenberg/wp-content/uploads/sites/26/2024/07/w-accessories-brand-12.png</guid>
															<wp:post_id>841</wp:post_id>
					<wp:post_date><![CDATA[2024-07-16 09:22:40]]></wp:post_date>
					<wp:post_date_gmt><![CDATA[2024-07-16 09:22:40]]></wp:post_date_gmt>
					<wp:post_modified><![CDATA[2024-07-16 09:22:40]]></wp:post_modified>
					<wp:post_modified_gmt><![CDATA[2024-07-16 09:22:40]]></wp:post_modified_gmt>
					<wp:comment_status><![CDATA[open]]></wp:comment_status>
					<wp:post_name><![CDATA[w-accessories-brand-12]]></wp:post_name>
					<wp:status><![CDATA[inherit]]></wp:status>
					<wp:post_parent>0</wp:post_parent>
					<wp:menu_order>0</wp:menu_order>
					<wp:post_type><![CDATA[attachment]]></wp:post_type>
											<wp:attachment_url><![CDATA[http://dummy.xtemos.com/woodmart2/accessories-gutenberg/wp-content/uploads/sites/26/2024/07/w-accessories-brand-12.png]]></wp:attachment_url>
																					<wp:postmeta>
							<wp:meta_key><![CDATA[_wp_attached_file]]></wp:meta_key>
							<wp:meta_value><![CDATA[2024/07/w-accessories-brand-12.png]]></wp:meta_value>
						</wp:postmeta>
										</item>
								<item>
					<title><![CDATA[w-image-color-attribute-black-white]]></title>
					<link>https://dummy.xtemos.com/woodmart2/accessories-gutenberg/w-image-color-attribute-black-white/</link>
					<pubDate>Wed, 07 Aug 2024 11:38:46 +0000</pubDate>
					<dc:creator><![CDATA[maksimkliakhin]]></dc:creator>
					<guid isPermaLink="false">http://dummy.xtemos.com/woodmart2/accessories-gutenberg/wp-content/uploads/sites/26/2024/08/w-image-color-attribute-black-white.jpg</guid>
															<wp:post_id>951</wp:post_id>
					<wp:post_date><![CDATA[2024-08-07 11:38:46]]></wp:post_date>
					<wp:post_date_gmt><![CDATA[2024-08-07 11:38:46]]></wp:post_date_gmt>
					<wp:post_modified><![CDATA[2024-08-07 11:38:46]]></wp:post_modified>
					<wp:post_modified_gmt><![CDATA[2024-08-07 11:38:46]]></wp:post_modified_gmt>
					<wp:comment_status><![CDATA[open]]></wp:comment_status>
					<wp:post_name><![CDATA[w-image-color-attribute-black-white]]></wp:post_name>
					<wp:status><![CDATA[inherit]]></wp:status>
					<wp:post_parent>0</wp:post_parent>
					<wp:menu_order>0</wp:menu_order>
					<wp:post_type><![CDATA[attachment]]></wp:post_type>
											<wp:attachment_url><![CDATA[http://dummy.xtemos.com/woodmart2/accessories-gutenberg/wp-content/uploads/sites/26/2024/08/w-image-color-attribute-black-white.jpg]]></wp:attachment_url>
																					<wp:postmeta>
							<wp:meta_key><![CDATA[_wp_attached_file]]></wp:meta_key>
							<wp:meta_value><![CDATA[2024/08/w-image-color-attribute-black-white.jpg]]></wp:meta_value>
						</wp:postmeta>
										</item>
								<item>
					<title><![CDATA[w-image-color-attribute-coral]]></title>
					<link>https://dummy.xtemos.com/woodmart2/accessories-gutenberg/w-image-color-attribute-coral/</link>
					<pubDate>Wed, 07 Aug 2024 11:39:40 +0000</pubDate>
					<dc:creator><![CDATA[maksimkliakhin]]></dc:creator>
					<guid isPermaLink="false">http://dummy.xtemos.com/woodmart2/accessories-gutenberg/wp-content/uploads/sites/26/2024/08/w-image-color-attribute-coral.jpg</guid>
															<wp:post_id>952</wp:post_id>
					<wp:post_date><![CDATA[2024-08-07 11:39:40]]></wp:post_date>
					<wp:post_date_gmt><![CDATA[2024-08-07 11:39:40]]></wp:post_date_gmt>
					<wp:post_modified><![CDATA[2024-08-07 11:39:40]]></wp:post_modified>
					<wp:post_modified_gmt><![CDATA[2024-08-07 11:39:40]]></wp:post_modified_gmt>
					<wp:comment_status><![CDATA[open]]></wp:comment_status>
					<wp:post_name><![CDATA[w-image-color-attribute-coral]]></wp:post_name>
					<wp:status><![CDATA[inherit]]></wp:status>
					<wp:post_parent>0</wp:post_parent>
					<wp:menu_order>0</wp:menu_order>
					<wp:post_type><![CDATA[attachment]]></wp:post_type>
											<wp:attachment_url><![CDATA[http://dummy.xtemos.com/woodmart2/accessories-gutenberg/wp-content/uploads/sites/26/2024/08/w-image-color-attribute-coral.jpg]]></wp:attachment_url>
																					<wp:postmeta>
							<wp:meta_key><![CDATA[_wp_attached_file]]></wp:meta_key>
							<wp:meta_value><![CDATA[2024/08/w-image-color-attribute-coral.jpg]]></wp:meta_value>
						</wp:postmeta>
										</item>
								<item>
					<title><![CDATA[w-image-color-attribute-yellow]]></title>
					<link>https://dummy.xtemos.com/woodmart2/accessories-gutenberg/w-image-color-attribute-yellow/</link>
					<pubDate>Wed, 07 Aug 2024 11:39:41 +0000</pubDate>
					<dc:creator><![CDATA[maksimkliakhin]]></dc:creator>
					<guid isPermaLink="false">http://dummy.xtemos.com/woodmart2/accessories-gutenberg/wp-content/uploads/sites/26/2024/08/w-image-color-attribute-yellow.jpg</guid>
															<wp:post_id>953</wp:post_id>
					<wp:post_date><![CDATA[2024-08-07 11:39:41]]></wp:post_date>
					<wp:post_date_gmt><![CDATA[2024-08-07 11:39:41]]></wp:post_date_gmt>
					<wp:post_modified><![CDATA[2024-08-07 11:39:41]]></wp:post_modified>
					<wp:post_modified_gmt><![CDATA[2024-08-07 11:39:41]]></wp:post_modified_gmt>
					<wp:comment_status><![CDATA[open]]></wp:comment_status>
					<wp:post_name><![CDATA[w-image-color-attribute-yellow]]></wp:post_name>
					<wp:status><![CDATA[inherit]]></wp:status>
					<wp:post_parent>0</wp:post_parent>
					<wp:menu_order>0</wp:menu_order>
					<wp:post_type><![CDATA[attachment]]></wp:post_type>
											<wp:attachment_url><![CDATA[http://dummy.xtemos.com/woodmart2/accessories-gutenberg/wp-content/uploads/sites/26/2024/08/w-image-color-attribute-yellow.jpg]]></wp:attachment_url>
																					<wp:postmeta>
							<wp:meta_key><![CDATA[_wp_attached_file]]></wp:meta_key>
							<wp:meta_value><![CDATA[2024/08/w-image-color-attribute-yellow.jpg]]></wp:meta_value>
						</wp:postmeta>
										</item>
								<item>
					<title><![CDATA[ltd-category]]></title>
					<link>https://dummy.xtemos.com/woodmart2/accessories-gutenberg/ltd-category/</link>
					<pubDate>Fri, 12 Jul 2024 11:42:26 +0000</pubDate>
					<dc:creator><![CDATA[maksimkliakhin]]></dc:creator>
					<guid isPermaLink="false">http://dummy.xtemos.com/woodmart2/accessories-gutenberg/wp-content/uploads/sites/26/2024/07/ltd-category.jpg</guid>
															<wp:post_id>197</wp:post_id>
					<wp:post_date><![CDATA[2024-07-12 11:42:26]]></wp:post_date>
					<wp:post_date_gmt><![CDATA[2024-07-12 11:42:26]]></wp:post_date_gmt>
					<wp:post_modified><![CDATA[2024-07-12 11:42:26]]></wp:post_modified>
					<wp:post_modified_gmt><![CDATA[2024-07-12 11:42:26]]></wp:post_modified_gmt>
					<wp:comment_status><![CDATA[open]]></wp:comment_status>
					<wp:post_name><![CDATA[ltd-category]]></wp:post_name>
					<wp:status><![CDATA[inherit]]></wp:status>
					<wp:post_parent>0</wp:post_parent>
					<wp:menu_order>0</wp:menu_order>
					<wp:post_type><![CDATA[attachment]]></wp:post_type>
											<wp:attachment_url><![CDATA[http://dummy.xtemos.com/woodmart2/accessories-gutenberg/wp-content/uploads/sites/26/2024/07/ltd-category.jpg]]></wp:attachment_url>
																					<wp:postmeta>
							<wp:meta_key><![CDATA[_wp_attached_file]]></wp:meta_key>
							<wp:meta_value><![CDATA[2024/07/ltd-category.jpg]]></wp:meta_value>
						</wp:postmeta>
										</item>
								<item>
					<title><![CDATA[metal-category]]></title>
					<link>https://dummy.xtemos.com/woodmart2/accessories-gutenberg/metal-category/</link>
					<pubDate>Fri, 12 Jul 2024 11:42:28 +0000</pubDate>
					<dc:creator><![CDATA[maksimkliakhin]]></dc:creator>
					<guid isPermaLink="false">http://dummy.xtemos.com/woodmart2/accessories-gutenberg/wp-content/uploads/sites/26/2024/07/metal-category.jpg</guid>
															<wp:post_id>200</wp:post_id>
					<wp:post_date><![CDATA[2024-07-12 11:42:28]]></wp:post_date>
					<wp:post_date_gmt><![CDATA[2024-07-12 11:42:28]]></wp:post_date_gmt>
					<wp:post_modified><![CDATA[2024-07-12 11:42:28]]></wp:post_modified>
					<wp:post_modified_gmt><![CDATA[2024-07-12 11:42:28]]></wp:post_modified_gmt>
					<wp:comment_status><![CDATA[open]]></wp:comment_status>
					<wp:post_name><![CDATA[metal-category]]></wp:post_name>
					<wp:status><![CDATA[inherit]]></wp:status>
					<wp:post_parent>0</wp:post_parent>
					<wp:menu_order>0</wp:menu_order>
					<wp:post_type><![CDATA[attachment]]></wp:post_type>
											<wp:attachment_url><![CDATA[http://dummy.xtemos.com/woodmart2/accessories-gutenberg/wp-content/uploads/sites/26/2024/07/metal-category.jpg]]></wp:attachment_url>
																					<wp:postmeta>
							<wp:meta_key><![CDATA[_wp_attached_file]]></wp:meta_key>
							<wp:meta_value><![CDATA[2024/07/metal-category.jpg]]></wp:meta_value>
						</wp:postmeta>
										</item>
								<item>
					<title><![CDATA[charger]]></title>
					<link>https://dummy.xtemos.com/woodmart2/accessories-gutenberg/charger/</link>
					<pubDate>Tue, 16 Jul 2024 11:54:29 +0000</pubDate>
					<dc:creator><![CDATA[maksimkliakhin]]></dc:creator>
					<guid isPermaLink="false">http://dummy.xtemos.com/woodmart2/accessories-gutenberg/wp-content/uploads/sites/26/2024/07/charger.svg</guid>
															<wp:post_id>853</wp:post_id>
					<wp:post_date><![CDATA[2024-07-16 11:54:29]]></wp:post_date>
					<wp:post_date_gmt><![CDATA[2024-07-16 11:54:29]]></wp:post_date_gmt>
					<wp:post_modified><![CDATA[2024-07-16 11:54:29]]></wp:post_modified>
					<wp:post_modified_gmt><![CDATA[2024-07-16 11:54:29]]></wp:post_modified_gmt>
					<wp:comment_status><![CDATA[open]]></wp:comment_status>
					<wp:post_name><![CDATA[charger]]></wp:post_name>
					<wp:status><![CDATA[inherit]]></wp:status>
					<wp:post_parent>0</wp:post_parent>
					<wp:menu_order>0</wp:menu_order>
					<wp:post_type><![CDATA[attachment]]></wp:post_type>
											<wp:attachment_url><![CDATA[http://dummy.xtemos.com/woodmart2/accessories-gutenberg/wp-content/uploads/sites/26/2024/07/charger.svg]]></wp:attachment_url>
																					<wp:postmeta>
							<wp:meta_key><![CDATA[_wp_attached_file]]></wp:meta_key>
							<wp:meta_value><![CDATA[2024/07/charger.svg]]></wp:meta_value>
						</wp:postmeta>
										</item>
								<item>
					<title><![CDATA[magsafe]]></title>
					<link>https://dummy.xtemos.com/woodmart2/accessories-gutenberg/magsafe/</link>
					<pubDate>Tue, 16 Jul 2024 11:54:30 +0000</pubDate>
					<dc:creator><![CDATA[maksimkliakhin]]></dc:creator>
					<guid isPermaLink="false">http://dummy.xtemos.com/woodmart2/accessories-gutenberg/wp-content/uploads/sites/26/2024/07/magsafe.svg</guid>
															<wp:post_id>854</wp:post_id>
					<wp:post_date><![CDATA[2024-07-16 11:54:30]]></wp:post_date>
					<wp:post_date_gmt><![CDATA[2024-07-16 11:54:30]]></wp:post_date_gmt>
					<wp:post_modified><![CDATA[2024-07-16 11:54:30]]></wp:post_modified>
					<wp:post_modified_gmt><![CDATA[2024-07-16 11:54:30]]></wp:post_modified_gmt>
					<wp:comment_status><![CDATA[open]]></wp:comment_status>
					<wp:post_name><![CDATA[magsafe]]></wp:post_name>
					<wp:status><![CDATA[inherit]]></wp:status>
					<wp:post_parent>0</wp:post_parent>
					<wp:menu_order>0</wp:menu_order>
					<wp:post_type><![CDATA[attachment]]></wp:post_type>
											<wp:attachment_url><![CDATA[http://dummy.xtemos.com/woodmart2/accessories-gutenberg/wp-content/uploads/sites/26/2024/07/magsafe.svg]]></wp:attachment_url>
																					<wp:postmeta>
							<wp:meta_key><![CDATA[_wp_attached_file]]></wp:meta_key>
							<wp:meta_value><![CDATA[2024/07/magsafe.svg]]></wp:meta_value>
						</wp:postmeta>
										</item>
								<item>
					<title><![CDATA[power-banks]]></title>
					<link>https://dummy.xtemos.com/woodmart2/accessories-gutenberg/power-banks/</link>
					<pubDate>Tue, 16 Jul 2024 11:54:31 +0000</pubDate>
					<dc:creator><![CDATA[maksimkliakhin]]></dc:creator>
					<guid isPermaLink="false">http://dummy.xtemos.com/woodmart2/accessories-gutenberg/wp-content/uploads/sites/26/2024/07/power-banks.svg</guid>
															<wp:post_id>855</wp:post_id>
					<wp:post_date><![CDATA[2024-07-16 11:54:31]]></wp:post_date>
					<wp:post_date_gmt><![CDATA[2024-07-16 11:54:31]]></wp:post_date_gmt>
					<wp:post_modified><![CDATA[2024-07-16 11:54:31]]></wp:post_modified>
					<wp:post_modified_gmt><![CDATA[2024-07-16 11:54:31]]></wp:post_modified_gmt>
					<wp:comment_status><![CDATA[open]]></wp:comment_status>
					<wp:post_name><![CDATA[power-banks]]></wp:post_name>
					<wp:status><![CDATA[inherit]]></wp:status>
					<wp:post_parent>0</wp:post_parent>
					<wp:menu_order>0</wp:menu_order>
					<wp:post_type><![CDATA[attachment]]></wp:post_type>
											<wp:attachment_url><![CDATA[http://dummy.xtemos.com/woodmart2/accessories-gutenberg/wp-content/uploads/sites/26/2024/07/power-banks.svg]]></wp:attachment_url>
																					<wp:postmeta>
							<wp:meta_key><![CDATA[_wp_attached_file]]></wp:meta_key>
							<wp:meta_value><![CDATA[2024/07/power-banks.svg]]></wp:meta_value>
						</wp:postmeta>
										</item>
								<item>
					<title><![CDATA[straps]]></title>
					<link>https://dummy.xtemos.com/woodmart2/accessories-gutenberg/straps/</link>
					<pubDate>Tue, 16 Jul 2024 11:54:31 +0000</pubDate>
					<dc:creator><![CDATA[maksimkliakhin]]></dc:creator>
					<guid isPermaLink="false">http://dummy.xtemos.com/woodmart2/accessories-gutenberg/wp-content/uploads/sites/26/2024/07/straps.svg</guid>
															<wp:post_id>856</wp:post_id>
					<wp:post_date><![CDATA[2024-07-16 11:54:31]]></wp:post_date>
					<wp:post_date_gmt><![CDATA[2024-07-16 11:54:31]]></wp:post_date_gmt>
					<wp:post_modified><![CDATA[2024-07-16 11:54:31]]></wp:post_modified>
					<wp:post_modified_gmt><![CDATA[2024-07-16 11:54:31]]></wp:post_modified_gmt>
					<wp:comment_status><![CDATA[open]]></wp:comment_status>
					<wp:post_name><![CDATA[straps]]></wp:post_name>
					<wp:status><![CDATA[inherit]]></wp:status>
					<wp:post_parent>0</wp:post_parent>
					<wp:menu_order>0</wp:menu_order>
					<wp:post_type><![CDATA[attachment]]></wp:post_type>
											<wp:attachment_url><![CDATA[http://dummy.xtemos.com/woodmart2/accessories-gutenberg/wp-content/uploads/sites/26/2024/07/straps.svg]]></wp:attachment_url>
																					<wp:postmeta>
							<wp:meta_key><![CDATA[_wp_attached_file]]></wp:meta_key>
							<wp:meta_value><![CDATA[2024/07/straps.svg]]></wp:meta_value>
						</wp:postmeta>
										</item>
								<item>
					<title><![CDATA[cases]]></title>
					<link>https://dummy.xtemos.com/woodmart2/accessories-gutenberg/cases/</link>
					<pubDate>Tue, 16 Jul 2024 11:54:32 +0000</pubDate>
					<dc:creator><![CDATA[maksimkliakhin]]></dc:creator>
					<guid isPermaLink="false">http://dummy.xtemos.com/woodmart2/accessories-gutenberg/wp-content/uploads/sites/26/2024/07/cases.svg</guid>
															<wp:post_id>857</wp:post_id>
					<wp:post_date><![CDATA[2024-07-16 11:54:32]]></wp:post_date>
					<wp:post_date_gmt><![CDATA[2024-07-16 11:54:32]]></wp:post_date_gmt>
					<wp:post_modified><![CDATA[2024-07-16 11:54:32]]></wp:post_modified>
					<wp:post_modified_gmt><![CDATA[2024-07-16 11:54:32]]></wp:post_modified_gmt>
					<wp:comment_status><![CDATA[open]]></wp:comment_status>
					<wp:post_name><![CDATA[cases]]></wp:post_name>
					<wp:status><![CDATA[inherit]]></wp:status>
					<wp:post_parent>0</wp:post_parent>
					<wp:menu_order>0</wp:menu_order>
					<wp:post_type><![CDATA[attachment]]></wp:post_type>
											<wp:attachment_url><![CDATA[http://dummy.xtemos.com/woodmart2/accessories-gutenberg/wp-content/uploads/sites/26/2024/07/cases.svg]]></wp:attachment_url>
																					<wp:postmeta>
							<wp:meta_key><![CDATA[_wp_attached_file]]></wp:meta_key>
							<wp:meta_value><![CDATA[2024/07/cases.svg]]></wp:meta_value>
						</wp:postmeta>
										</item>
								<item>
					<title><![CDATA[cables]]></title>
					<link>https://dummy.xtemos.com/woodmart2/accessories-gutenberg/cables/</link>
					<pubDate>Tue, 16 Jul 2024 11:54:34 +0000</pubDate>
					<dc:creator><![CDATA[maksimkliakhin]]></dc:creator>
					<guid isPermaLink="false">http://dummy.xtemos.com/woodmart2/accessories-gutenberg/wp-content/uploads/sites/26/2024/07/cables.svg</guid>
															<wp:post_id>858</wp:post_id>
					<wp:post_date><![CDATA[2024-07-16 11:54:34]]></wp:post_date>
					<wp:post_date_gmt><![CDATA[2024-07-16 11:54:34]]></wp:post_date_gmt>
					<wp:post_modified><![CDATA[2024-07-16 11:54:34]]></wp:post_modified>
					<wp:post_modified_gmt><![CDATA[2024-07-16 11:54:34]]></wp:post_modified_gmt>
					<wp:comment_status><![CDATA[open]]></wp:comment_status>
					<wp:post_name><![CDATA[cables]]></wp:post_name>
					<wp:status><![CDATA[inherit]]></wp:status>
					<wp:post_parent>0</wp:post_parent>
					<wp:menu_order>0</wp:menu_order>
					<wp:post_type><![CDATA[attachment]]></wp:post_type>
											<wp:attachment_url><![CDATA[http://dummy.xtemos.com/woodmart2/accessories-gutenberg/wp-content/uploads/sites/26/2024/07/cables.svg]]></wp:attachment_url>
																					<wp:postmeta>
							<wp:meta_key><![CDATA[_wp_attached_file]]></wp:meta_key>
							<wp:meta_value><![CDATA[2024/07/cables.svg]]></wp:meta_value>
						</wp:postmeta>
										</item>
								<item>
					<title><![CDATA[w-accessories-brand-1]]></title>
					<link>https://dummy.xtemos.com/woodmart2/accessories-gutenberg/w-accessories-brand-1-2/</link>
					<pubDate>Wed, 07 Aug 2024 09:57:28 +0000</pubDate>
					<dc:creator><![CDATA[maksimkliakhin]]></dc:creator>
					<guid isPermaLink="false">http://dummy.xtemos.com/woodmart2/accessories-gutenberg/wp-content/uploads/sites/26/2024/08/w-accessories-brand-1.png</guid>
															<wp:post_id>937</wp:post_id>
					<wp:post_date><![CDATA[2024-08-07 09:57:28]]></wp:post_date>
					<wp:post_date_gmt><![CDATA[2024-08-07 09:57:28]]></wp:post_date_gmt>
					<wp:post_modified><![CDATA[2024-08-07 09:57:28]]></wp:post_modified>
					<wp:post_modified_gmt><![CDATA[2024-08-07 09:57:28]]></wp:post_modified_gmt>
					<wp:comment_status><![CDATA[open]]></wp:comment_status>
					<wp:post_name><![CDATA[w-accessories-brand-1-2]]></wp:post_name>
					<wp:status><![CDATA[inherit]]></wp:status>
					<wp:post_parent>0</wp:post_parent>
					<wp:menu_order>0</wp:menu_order>
					<wp:post_type><![CDATA[attachment]]></wp:post_type>
											<wp:attachment_url><![CDATA[http://dummy.xtemos.com/woodmart2/accessories-gutenberg/wp-content/uploads/sites/26/2024/08/w-accessories-brand-1.png]]></wp:attachment_url>
																					<wp:postmeta>
							<wp:meta_key><![CDATA[_wp_attached_file]]></wp:meta_key>
							<wp:meta_value><![CDATA[2024/08/w-accessories-brand-1.png]]></wp:meta_value>
						</wp:postmeta>
										</item>
				</channel>
</rss>
	