<?xml version="1.0" encoding="UTF-8" ?>
	<!-- This is a WordPress eXtended RSS file generated by WordPress as an export of your site. -->
	<!-- It contains information about your site's posts, pages, comments, categories, and other content. -->
	<!-- You may use this file to transfer that content from one site to another. -->
	<!-- This file is not intended to serve as a complete backup of your site. -->

	<!-- To import this information into a WordPress site follow these steps: -->
	<!-- 1. Log in to that site as an administrator. -->
	<!-- 2. Go to Tools: Import in the WordPress admin panel. -->
	<!-- 3. Install the "WordPress" importer from the list. -->
	<!-- 4. Activate & Run Importer. -->
	<!-- 5. Upload this file using the form provided on that page. -->
	<!-- 6. You will first be asked to map the authors in this export file to users -->
	<!--    on the site. For each author, you may choose to map to an -->
	<!--    existing user on the site or to create a new user. -->
	<!-- 7. WordPress will then import each of the posts, pages, comments, categories, etc. -->
	<!--    contained in this file into your site. -->

	<!-- generator="WordPress/6.5.5" created="2024-10-28 14:36" -->
<rss version="2.0"
	xmlns:excerpt="http://wordpress.org/export/1.2/excerpt/"
	xmlns:content="http://purl.org/rss/1.0/modules/content/"
	xmlns:wfw="http://wellformedweb.org/CommentAPI/"
	xmlns:dc="http://purl.org/dc/elements/1.1/"
	xmlns:wp="http://wordpress.org/export/1.2/"
>

<channel>
	<title>Gutenberg base</title>
	<link>https://dummy.xtemos.com/woodmart2/gutenberg</link>
	<description></description>
	<pubDate>Mon, 28 Oct 2024 14:36:12 +0000</pubDate>
	<language>en-US</language>
	<wp:wxr_version>1.2</wp:wxr_version>
	<wp:base_site_url>https://dummy.xtemos.com/woodmart2/</wp:base_site_url>
	<wp:base_blog_url>https://dummy.xtemos.com/woodmart2/gutenberg</wp:base_blog_url>

		<wp:author><wp:author_id>2</wp:author_id><wp:author_login><![CDATA[zakhar]]></wp:author_login><wp:author_email><![CDATA[zak@asda.as]]></wp:author_email><wp:author_display_name><![CDATA[Mr. Mackay]]></wp:author_display_name><wp:author_first_name><![CDATA[sds]]></wp:author_first_name><wp:author_last_name><![CDATA[scssc]]></wp:author_last_name></wp:author>
	<wp:author><wp:author_id>80</wp:author_id><wp:author_login><![CDATA[erwin]]></wp:author_login><wp:author_email><![CDATA[erwin@erwin.erwin]]></wp:author_email><wp:author_display_name><![CDATA[erwin]]></wp:author_display_name><wp:author_first_name><![CDATA[]]></wp:author_first_name><wp:author_last_name><![CDATA[]]></wp:author_last_name></wp:author>
	<wp:author><wp:author_id>491</wp:author_id><wp:author_login><![CDATA[maksimkliakhin]]></wp:author_login><wp:author_email><![CDATA[m.kliakhin@gmail.com]]></wp:author_email><wp:author_display_name><![CDATA[Ethan Smith]]></wp:author_display_name><wp:author_first_name><![CDATA[Ethan]]></wp:author_first_name><wp:author_last_name><![CDATA[Smith]]></wp:author_last_name></wp:author>

					<wp:term>
			<wp:term_id>0</wp:term_id>
			<wp:term_taxonomy><![CDATA[]]></wp:term_taxonomy>
			<wp:term_slug><![CDATA[]]></wp:term_slug>
			<wp:term_parent><![CDATA[]]></wp:term_parent>
					</wp:term>
		
	<generator>https://wordpress.org/?v=6.5.5</generator>

					<item>
					<title><![CDATA[wood-logo-white-reserve]]></title>
					<link>https://dummy.xtemos.com/woodmart2/gutenberg/wood-logo-white-reserve/</link>
					<pubDate>Wed, 21 Jun 2017 08:17:11 +0000</pubDate>
					<dc:creator><![CDATA[zakhar]]></dc:creator>
					<guid isPermaLink="false">http://dummy.xtemos.com/woodmart2/gutenberg/wp-content/uploads/sites/24/2017/06/wood-logo-white-reserve.svg</guid>
															<wp:post_id>302</wp:post_id>
					<wp:post_date><![CDATA[2017-06-21 08:17:11]]></wp:post_date>
					<wp:post_date_gmt><![CDATA[2017-06-21 08:17:11]]></wp:post_date_gmt>
					<wp:post_modified><![CDATA[2024-04-16 13:18:51]]></wp:post_modified>
					<wp:post_modified_gmt><![CDATA[2024-04-16 13:18:51]]></wp:post_modified_gmt>
					<wp:comment_status><![CDATA[open]]></wp:comment_status>
					<wp:post_name><![CDATA[wood-logo-white-reserve]]></wp:post_name>
					<wp:status><![CDATA[inherit]]></wp:status>
					<wp:post_parent>0</wp:post_parent>
					<wp:menu_order>0</wp:menu_order>
					<wp:post_type><![CDATA[attachment]]></wp:post_type>
											<wp:attachment_url><![CDATA[https://dummy.xtemos.com/woodmart2/gutenberg/wp-content/uploads/sites/24/2017/06/wood-logo-white-reserve.svg]]></wp:attachment_url>
																					<wp:postmeta>
							<wp:meta_key><![CDATA[_wp_attached_file]]></wp:meta_key>
							<wp:meta_value><![CDATA[2017/06/wood-logo-white-reserve.svg]]></wp:meta_value>
						</wp:postmeta>
										</item>
								<item>
					<title><![CDATA[mail-light]]></title>
					<link>https://dummy.xtemos.com/woodmart2/gutenberg/home-developer/mail-light/</link>
					<pubDate>Tue, 25 Jun 2024 14:46:08 +0000</pubDate>
					<dc:creator><![CDATA[erwin]]></dc:creator>
					<guid isPermaLink="false">http://dummy.xtemos.com/woodmart2/gutenberg/wp-content/uploads/sites/24/2024/06/mail-light.svg</guid>
															<wp:post_id>19319</wp:post_id>
					<wp:post_date><![CDATA[2024-06-25 14:46:08]]></wp:post_date>
					<wp:post_date_gmt><![CDATA[2024-06-25 14:46:08]]></wp:post_date_gmt>
					<wp:post_modified><![CDATA[2024-06-25 14:46:08]]></wp:post_modified>
					<wp:post_modified_gmt><![CDATA[2024-06-25 14:46:08]]></wp:post_modified_gmt>
					<wp:comment_status><![CDATA[open]]></wp:comment_status>
					<wp:post_name><![CDATA[mail-light]]></wp:post_name>
					<wp:status><![CDATA[inherit]]></wp:status>
					<wp:post_parent>19075</wp:post_parent>
					<wp:menu_order>0</wp:menu_order>
					<wp:post_type><![CDATA[attachment]]></wp:post_type>
											<wp:attachment_url><![CDATA[https://dummy.xtemos.com/woodmart2/gutenberg/wp-content/uploads/sites/24/2024/06/mail-light.svg]]></wp:attachment_url>
																					<wp:postmeta>
							<wp:meta_key><![CDATA[_wp_attached_file]]></wp:meta_key>
							<wp:meta_value><![CDATA[2024/06/mail-light.svg]]></wp:meta_value>
						</wp:postmeta>
										</item>
								<item>
					<title><![CDATA[About me]]></title>
					<link>https://dummy.xtemos.com/woodmart2/gutenberg/about-me-2/</link>
					<pubDate>Mon, 05 Aug 2024 08:51:33 +0000</pubDate>
					<dc:creator><![CDATA[maksimkliakhin]]></dc:creator>
					<guid isPermaLink="false">https://dummy.xtemos.com/woodmart2/gutenberg/?page_id=27583</guid>
											<content:encoded><![CDATA[<!-- wp:wd/section {"blockId":"cba8f72f-91fd-42ab-ad86-8198ca1f7cd7","colorScheme":"light","bgImage":{"id":27590,"url":"https://dummy.xtemos.com/woodmart2/gutenberg/wp-content/uploads/sites/24/2024/08/about-me-2-bg.jpg"},"bgPosition":"center center","bgDisplaySize":"cover","paddingTop":"150","paddingBottom":"150","marginBottom":"80","paddingTopMobile":"100","paddingBottomMobile":"100","marginBottomTablet":"60"} -->
<div id="wd-cba8f72f" class="wp-block-wd-section color-scheme-light"><!-- wp:wd/container {"blockId":"99c80194-dd9a-49fc-b4dd-54edb3548912","direction":"row","align":"center","wrap":"wrap","colGap":"65","rowGap":"","alignSelf":"center","displayWidth":"custom","customWidth":"750"} -->
<div id="wd-99c80194" class="wp-block-wd-container wd-dir-row wd-align-is-lg-center wd-custom-width wd-align-s-center"><!-- wp:wd/image {"blockId":"3aa6b9ea-a7a1-4d3d-9ec6-c794f46cb500","image":{"id":27588,"url":"https://dummy.xtemos.com/woodmart2/gutenberg/wp-content/uploads/sites/24/2024/08/about-me-2-ava.png"},"imageData":{"url":"https://dummy.xtemos.com/woodmart2/gutenberg/wp-content/uploads/sites/24/2024/08/about-me-2-ava.png","width":220,"height":220},"displayWidth":"","customWidth":"","displayWidthMobile":"custom","customWidthMobile":"100"} -->
<div id="wd-3aa6b9ea" class="wp-block-wd-image wd-block-image wd-custom-width"><img class="wp-image-27588" src="https://dummy.xtemos.com/woodmart2/gutenberg/wp-content/uploads/sites/24/2024/08/about-me-2-ava.png" /></div>
<!-- /wp:wd/image -->

<!-- wp:wd/container {"blockId":"25c4746d-07f3-4dd2-8311-133b3c02bca7","displayWidth":"fit-content"} -->
<div id="wd-25c4746d" class="wp-block-wd-container wd-dir-col wd-custom-width"><!-- wp:wd/paragraph {"blockId":"4ea9b475-ec98-484b-8351-40cd4d926c10","colorVariable":"\u002d\u002dwd-primary-color","tpFontSize":"18","tpLineHeight":"1","tpFontVariant":"600","tpFontWeight":"600","tpFontSizeTablet":"14","tpLineHeightUnits":"em"} -->
<p id="wd-4ea9b475" class="wp-block-wd-paragraph">UI / UX Designer</p>
<!-- /wp:wd/paragraph -->

<!-- wp:wd/title {"blockId":"1f0de742-35da-4f7a-85fb-eb4c60cf0d3e","content":"Jane Doe","tpFontSize":"46","tpLineHeight":"1.2","tpFontSizeTablet":"22","tpLineHeightUnits":"em"} -->
<h2 id="wd-1f0de742" class="wp-block-wd-title title">Jane Doe</h2>
<!-- /wp:wd/title -->

<!-- wp:wd/paragraph {"blockId":"571a5b6e-e373-48fb-8a47-19937bddd713","displayWidth":"custom","customWidth":"406"} -->
<p id="wd-571a5b6e" class="wp-block-wd-paragraph wd-custom-width">A wonderful serenity has taken possession of my entire soul, like these sweet mornings of spring which I enjoy with my whole heart. I am alone, and feel the charm.</p>
<!-- /wp:wd/paragraph -->

<!-- wp:wd/container {"blockId":"6d4c1595-f6fe-4ba4-aedb-d7a21eb8cc4c","direction":"row","justify":"space-between","wrap":"wrap","colGap":"","rowGap":"","displayWidth":"","customWidth":"500"} -->
<div id="wd-6d4c1595" class="wp-block-wd-container wd-dir-row"><!-- wp:wd/button {"blockId":"a6d25348-95b4-4a49-9229-ae992aaa8964","predefinedColor":"white"} -->
<a id="wd-a6d25348" class="wp-block-wd-button btn btn-style-default btn-color-white btn-size-default btn-shape-rectangle" href="#"><span>Contact me</span></a>
<!-- /wp:wd/button -->

<!-- wp:wd/social-buttons {"blockId":"624f9114-e9e4-4b48-bbc7-2d46ca44cbb6","type":"follow","style":"colored","pinterest_link":"","youtube_link":"","displayWidth":""} /--></div>
<!-- /wp:wd/container --></div>
<!-- /wp:wd/container --></div>
<!-- /wp:wd/container --></div>
<!-- /wp:wd/section -->

<!-- wp:wd/paragraph {"blockId":"db1eb0af-8e69-4124-8950-660309da2a50","colorVariable":"\u002d\u002dwd-primary-color","tpFontVariant":"600","tpFontWeight":"600","marginBottom":"10","tpFontSizeTablet":"14"} -->
<p id="wd-db1eb0af" class="wp-block-wd-paragraph">SOME WORDS ABOUT ME</p>
<!-- /wp:wd/paragraph -->

<!-- wp:wd/title {"blockId":"1b1a1d0d-ecd5-4766-87a9-3650d283b508","content":"My work success","tpFontSize":"36","marginBottom":"10","tpFontSizeTablet":"22","tpFontSizeMobile":"20"} -->
<h2 id="wd-1b1a1d0d" class="wp-block-wd-title title">My work success</h2>
<!-- /wp:wd/title -->

<!-- wp:wd/paragraph {"blockId":"3675b187-f83a-443a-b461-8c99b9a60a5a","marginBottom":"30"} -->
<p id="wd-3675b187" class="wp-block-wd-paragraph">There are many variations of passages of lorem ipsum.</p>
<!-- /wp:wd/paragraph -->

<!-- wp:wd/row {"blockId":"51dce834-0922-41f9-b531-5e2a0b275b5e","marginBottom":"80","marginBottomMobile":"60"} -->
<div id="wd-51dce834" class="wp-block-wd-row"><!-- wp:wd/column {"blockId":"aa83bdcc-093b-4c02-b1bb-0f6120c21eed","adjacentCount":4,"blocksGap":15,"bgColorCode":"#ffffff","paddingTop":"30","paddingRight":"30","paddingBottom":"30","paddingLeft":"30","paddingLock":true,"borderType":"solid","borderColorCode":"rgba(16,16,16,0.1)","borderWidth":"1","borderWidthTop":"1","borderWidthRight":"1","borderWidthBottom":"1","borderWidthLeft":"1","borderWidthLock":true,"adjacentCountTablet":2,"colWidthTablet":50} -->
<div id="wd-aa83bdcc" class="wp-block-wd-column"><!-- wp:wd/paragraph {"blockId":"bf84a1bb-028b-4b67-9c73-65e9e069ed52","colorVariable":"\u002d\u002dwd-primary-color","tpFontSize":"52","tpLineHeight":"1","tpFontVariant":"600","tpFontWeight":"600","tpFontSizeTablet":"38","tpLineHeightUnits":"em"} -->
<p id="wd-bf84a1bb" class="wp-block-wd-paragraph">7</p>
<!-- /wp:wd/paragraph -->

<!-- wp:wd/title {"blockId":"a60ff0c0-c0af-483a-9f25-0204ab6db6ef","content":"Years in this field","tpFontSize":"18"} -->
<h2 id="wd-a60ff0c0" class="wp-block-wd-title title">Years in this field</h2>
<!-- /wp:wd/title -->

<!-- wp:wd/paragraph {"blockId":"bb450918-c222-4ea8-9940-eaf43a045030"} -->
<p id="wd-bb450918" class="wp-block-wd-paragraph">Even if your less into design and more into content you strategy may find.</p>
<!-- /wp:wd/paragraph --></div>
<!-- /wp:wd/column -->

<!-- wp:wd/column {"blockId":"0b5c1ced-9da3-4628-b9e2-a8e8d3138f05","adjacentCount":4,"blocksGap":15,"bgColorCode":"#ffffff","paddingTop":"30","paddingRight":"30","paddingBottom":"30","paddingLeft":"30","paddingLock":true,"borderType":"solid","borderColorCode":"rgba(16,16,16,0.1)","borderWidth":"1","borderWidthTop":"1","borderWidthRight":"1","borderWidthBottom":"1","borderWidthLeft":"1","borderWidthLock":true,"adjacentCountTablet":2,"colWidthTablet":50} -->
<div id="wd-0b5c1ced" class="wp-block-wd-column"><!-- wp:wd/paragraph {"blockId":"a52a8bed-062e-4cbc-b68d-d5b577904f68","colorVariable":"\u002d\u002dwd-primary-color","tpFontSize":"52","tpLineHeight":"1","tpFontVariant":"600","tpFontWeight":"600","tpFontSizeTablet":"38","tpLineHeightUnits":"em"} -->
<p id="wd-a52a8bed" class="wp-block-wd-paragraph">500+</p>
<!-- /wp:wd/paragraph -->

<!-- wp:wd/title {"blockId":"032acb69-8773-40d1-9a4b-5b5ab7e00044","content":"Clients happy","tpFontSize":"18"} -->
<h2 id="wd-032acb69" class="wp-block-wd-title title">Clients happy</h2>
<!-- /wp:wd/title -->

<!-- wp:wd/paragraph {"blockId":"bee7fd5d-a94e-4db9-b90b-fa6df5f08892"} -->
<p id="wd-bee7fd5d" class="wp-block-wd-paragraph">Accept that it’s sometimes okay to focus just on the content or design.</p>
<!-- /wp:wd/paragraph --></div>
<!-- /wp:wd/column -->

<!-- wp:wd/column {"blockId":"fd7c6712-230d-4500-b04c-f8279f39bade","adjacentCount":4,"blocksGap":15,"bgColorCode":"#ffffff","paddingTop":"30","paddingRight":"30","paddingBottom":"30","paddingLeft":"30","paddingLock":true,"borderType":"solid","borderColorCode":"rgba(16,16,16,0.1)","borderWidth":"1","borderWidthTop":"1","borderWidthRight":"1","borderWidthBottom":"1","borderWidthLeft":"1","borderWidthLock":true,"adjacentCountTablet":2,"colWidthTablet":50} -->
<div id="wd-fd7c6712" class="wp-block-wd-column"><!-- wp:wd/paragraph {"blockId":"a049ebcd-e6a1-4c3b-9fa2-d26907967c9b","colorVariable":"\u002d\u002dwd-primary-color","tpFontSize":"52","tpLineHeight":"1","tpFontVariant":"600","tpFontWeight":"600","tpFontSizeTablet":"38","tpLineHeightUnits":"em"} -->
<p id="wd-a049ebcd" class="wp-block-wd-paragraph">650+</p>
<!-- /wp:wd/paragraph -->

<!-- wp:wd/title {"blockId":"56d8c57a-bf39-43c4-b000-f36fee4dbb5e","content":"Finished works","tpFontSize":"18"} -->
<h2 id="wd-56d8c57a" class="wp-block-wd-title title">Finished works</h2>
<!-- /wp:wd/title -->

<!-- wp:wd/paragraph {"blockId":"0a2b447f-0e4f-4c79-b997-bee5f0b73e35"} -->
<p id="wd-0a2b447f" class="wp-block-wd-paragraph">Designers might want to ask them to provide style the sheets with copy.</p>
<!-- /wp:wd/paragraph --></div>
<!-- /wp:wd/column -->

<!-- wp:wd/column {"blockId":"951bc683-f990-45a4-806d-2f39f9be5cb2","adjacentCount":4,"blocksGap":15,"bgColorCode":"#ffffff","paddingTop":"30","paddingRight":"30","paddingBottom":"30","paddingLeft":"30","paddingLock":true,"borderType":"solid","borderColorCode":"rgba(16,16,16,0.1)","borderWidth":"1","borderWidthTop":"1","borderWidthRight":"1","borderWidthBottom":"1","borderWidthLeft":"1","borderWidthLock":true,"adjacentCountTablet":2,"colWidthTablet":50} -->
<div id="wd-951bc683" class="wp-block-wd-column"><!-- wp:wd/paragraph {"blockId":"19012956-4908-4703-8eb8-abe6da898b96","colorVariable":"\u002d\u002dwd-primary-color","tpFontSize":"52","tpLineHeight":"1","tpFontVariant":"600","tpFontWeight":"600","tpFontSizeTablet":"38","tpLineHeightUnits":"em"} -->
<p id="wd-19012956" class="wp-block-wd-paragraph">4</p>
<!-- /wp:wd/paragraph -->

<!-- wp:wd/title {"blockId":"d23d0054-7313-483f-9d45-f34239e792fb","content":"Years work","tpFontSize":"18"} -->
<h2 id="wd-d23d0054" class="wp-block-wd-title title">Years work</h2>
<!-- /wp:wd/title -->

<!-- wp:wd/paragraph {"blockId":"e35733e8-ba06-4c4a-a542-f94c6202eddb"} -->
<p id="wd-e35733e8" class="wp-block-wd-paragraph">Forswearing the use of Lorem Ipsum wouldn’t have helped, won’t help now.</p>
<!-- /wp:wd/paragraph --></div>
<!-- /wp:wd/column --></div>
<!-- /wp:wd/row -->

<!-- wp:wd/row {"blockId":"c3507c8a-adf1-454e-afb5-6235ad7866a7","marginBottom":"30"} -->
<div id="wd-c3507c8a" class="wp-block-wd-row"><!-- wp:wd/column {"blockId":"7dc3b7bf-fd17-4faa-9efd-13dd8db2374c","adjacentCount":2,"colWidth":66.33,"colorScheme":"light","bgImage":{"id":27591,"url":"https://dummy.xtemos.com/woodmart2/gutenberg/wp-content/uploads/sites/24/2024/08/about-me-2-quotes-bg.png"},"bgPosition":"center right","bgRepeat":"no-repeat","bgColorVariable":"\u002d\u002dwd-primary-color","paddingTop":"30","paddingRight":"40","paddingBottom":"30","paddingLeft":"40","overlayImage":{"id":"","url":""},"overlayPosition":"center right","overlayRepeat":"no-repeat","overlay":false,"adjacentCountTablet":1,"colWidthTablet":100} -->
<div id="wd-7dc3b7bf" class="wp-block-wd-column color-scheme-light"><!-- wp:wd/title {"blockId":"b0f43a4d-a8e3-4f19-b30b-9b08da97ca31","content":"There are no secrets to success. It is the result of preparation, hard work, and learning from failure.","displayWidth":"custom","customWidth":"500","tpFontSizeMobile":"18","displayWidthTablet":"full-width"} -->
<h2 id="wd-b0f43a4d" class="wp-block-wd-title title wd-custom-width">There are no secrets to success. It is the result of preparation, hard work, and learning from failure.</h2>
<!-- /wp:wd/title -->

<!-- wp:wd/container {"blockId":"e686eddc-5bdb-4ccf-a10c-8d7a30760d24","direction":"row","align":"center"} -->
<div id="wd-e686eddc" class="wp-block-wd-container wd-dir-row wd-align-is-lg-center"><!-- wp:wd/paragraph {"blockId":"7ae90ac4-67a3-45c1-967c-4e57a07c6308"} -->
<p id="wd-7ae90ac4" class="wp-block-wd-paragraph">By Robert Fox</p>
<!-- /wp:wd/paragraph -->

<!-- wp:wd/image {"blockId":"e85b23aa-444a-4edf-8488-b7381ae6f5de","image":{"id":27587,"url":"https://dummy.xtemos.com/woodmart2/gutenberg/wp-content/uploads/sites/24/2024/08/about-me-2-autog.svg"},"imageData":{"url":"https://dummy.xtemos.com/woodmart2/gutenberg/wp-content/uploads/sites/24/2024/08/about-me-2-autog.svg","width":86,"height":60}} -->
<div id="wd-e85b23aa" class="wp-block-wd-image wd-block-image"><img class="wp-image-27587" src="https://dummy.xtemos.com/woodmart2/gutenberg/wp-content/uploads/sites/24/2024/08/about-me-2-autog.svg" /></div>
<!-- /wp:wd/image --></div>
<!-- /wp:wd/container --></div>
<!-- /wp:wd/column -->

<!-- wp:wd/column {"blockId":"ae13a50e-296b-46d2-adcc-071c759a8cf5","adjacentCount":2,"colWidth":33.33,"hideOnTablet":true,"hideOnMobile":true,"adjacentCountTablet":1,"colWidthTablet":33.33400000000002} -->
<div id="wd-ae13a50e" class="wp-block-wd-column wd-hide-md-sm wd-hide-sm"><!-- wp:wd/image {"blockId":"75f3410c-67b5-4f4c-a0c5-195fe8c8f86c","image":{"id":27595,"url":"https://dummy.xtemos.com/woodmart2/gutenberg/wp-content/uploads/sites/24/2024/08/about-me-img-1.jpg"},"imageData":{"url":"https://dummy.xtemos.com/woodmart2/gutenberg/wp-content/uploads/sites/24/2024/08/about-me-img-1.jpg","width":380,"height":260}} -->
<div id="wd-75f3410c" class="wp-block-wd-image wd-block-image"><img class="wp-image-27595" src="https://dummy.xtemos.com/woodmart2/gutenberg/wp-content/uploads/sites/24/2024/08/about-me-img-1.jpg" /></div>
<!-- /wp:wd/image --></div>
<!-- /wp:wd/column --></div>
<!-- /wp:wd/row -->

<!-- wp:wd/row {"blockId":"3337ec9a-0909-4ade-917b-d8b2eb422ffe","marginBottom":"80","marginBottomMobile":"60"} -->
<div id="wd-3337ec9a" class="wp-block-wd-row"><!-- wp:wd/column {"blockId":"ceca2357-aa6d-41ab-a2b0-e619bc20d457","adjacentCount":2,"colWidth":33.33} -->
<div id="wd-ceca2357" class="wp-block-wd-column"><!-- wp:wd/image {"blockId":"b04c6d34-deea-4999-b4ed-5aaa642c4de8","image":{"id":27596,"url":"https://dummy.xtemos.com/woodmart2/gutenberg/wp-content/uploads/sites/24/2024/08/about-me-img-2.jpg"}} -->
<div id="wd-b04c6d34" class="wp-block-wd-image wd-block-image"><img class="wp-image-27596" src="https://dummy.xtemos.com/woodmart2/gutenberg/wp-content/uploads/sites/24/2024/08/about-me-img-2.jpg" /></div>
<!-- /wp:wd/image --></div>
<!-- /wp:wd/column -->

<!-- wp:wd/column {"blockId":"056fe48e-a441-4e82-97d1-01f5e5550038","adjacentCount":2,"colWidth":66.33} -->
<div id="wd-056fe48e" class="wp-block-wd-column"><!-- wp:wd/image {"blockId":"fa3853f9-0063-464d-a9f8-9a6120173bed","image":{"id":27597,"url":"https://dummy.xtemos.com/woodmart2/gutenberg/wp-content/uploads/sites/24/2024/08/about-me-img-3.jpg"},"imageData":{"url":"https://dummy.xtemos.com/woodmart2/gutenberg/wp-content/uploads/sites/24/2024/08/about-me-img-3.jpg","width":780,"height":300}} -->
<div id="wd-fa3853f9" class="wp-block-wd-image wd-block-image"><img class="wp-image-27597" src="https://dummy.xtemos.com/woodmart2/gutenberg/wp-content/uploads/sites/24/2024/08/about-me-img-3.jpg" /></div>
<!-- /wp:wd/image --></div>
<!-- /wp:wd/column --></div>
<!-- /wp:wd/row -->

<!-- wp:wd/container {"blockId":"da684d84-be10-49b5-a452-8f888f2e074c","textAlign":"center","rowGap":"10"} -->
<div id="wd-da684d84" class="wp-block-wd-container wd-dir-col wd-align"><!-- wp:wd/paragraph {"blockId":"32890920-c42f-42fe-bc6b-d8615852afb0","colorVariable":"\u002d\u002dwd-primary-color","tpFontVariant":"600","tpFontWeight":"600","tpFontSizeTablet":"14"} -->
<p id="wd-32890920" class="wp-block-wd-paragraph">SEEMINGLY ELEGANT DESIGN</p>
<!-- /wp:wd/paragraph -->

<!-- wp:wd/title {"blockId":"014058c9-e46f-437c-939e-65355a06c773","content":"Reviews about my work","tpFontSize":"36","tpFontSizeTablet":"22","tpFontSizeMobile":"20"} -->
<h2 id="wd-014058c9" class="wp-block-wd-title title">Reviews about my work</h2>
<!-- /wp:wd/title -->

<!-- wp:wd/paragraph {"blockId":"1d819f1d-d832-4a7e-a317-3f9a2ee674e5","displayWidth":"custom","customWidth":"476"} -->
<p id="wd-1d819f1d" class="wp-block-wd-paragraph wd-custom-width">A client that's unhappy for a reason is a problem, a client that's unhappy though he or her can't quite put a finger on it is worse.</p>
<!-- /wp:wd/paragraph --></div>
<!-- /wp:wd/container -->

<!-- wp:wd/carousel {"blockId":"6bf1ad8b-71d8-4644-8b33-a803cd04628e","paginationControl":false,"paginationControlTablet":false,"paginationControlMobile":false,"syncParentId":"wd_6bf1ad8b","marginBottom":"80","marginBottomMobile":"60"} -->
<div id="wd-6bf1ad8b" class="wp-block-wd-carousel wd-carousel-container"><div class="wd-carousel-inner"><div class="wd-carousel wd-grid" style="--wd-col-lg:3;--wd-col-md:3;--wd-col-sm:1;--wd-gap-lg:20px;--wd-gap-sm:10px" data-scroll_per_page="yes"><div class="wd-carousel-wrap"><!-- wp:wd/carousel-item {"blockId":"f019e1fd-52e3-4fdd-82a1-a86cd848744b"} -->
<div id="wd-f019e1fd" class="wp-block-wd-carousel-item wd-carousel-item"><!-- wp:wd/testimonial {"blockId":"61b6694c-c0e9-4ac9-bce1-090cbb84dc60","design":"2","alignment":"center"} -->
<div id="wd-61b6694c" class="wp-block-wd-testimonial wd-align wd-design-2"><!-- wp:wd/container {"blockId":"5fba7f44-934e-4c9e-8d33-69db571c76fd","extraClass":"wd-testimonial-heading"} -->
<div id="wd-5fba7f44" class="wp-block-wd-container wd-dir-col wd-testimonial-heading"><!-- wp:wd/image {"blockId":"8806a7ee-6662-4e9e-b9f4-910d788e52ce","image":{"id":27592,"url":"https://dummy.xtemos.com/woodmart2/gutenberg/wp-content/uploads/sites/24/2024/08/about-me-2-testimonials-1.jpg"},"imageData":{"url":"https://dummy.xtemos.com/woodmart2/gutenberg/wp-content/uploads/sites/24/2024/08/about-me-2-testimonials-1.jpg","width":100,"height":100}} -->
<div id="wd-8806a7ee" class="wp-block-wd-image wd-block-image"><img class="wp-image-27592" src="https://dummy.xtemos.com/woodmart2/gutenberg/wp-content/uploads/sites/24/2024/08/about-me-2-testimonials-1.jpg" /></div>
<!-- /wp:wd/image -->

<!-- wp:wd/container {"blockId":"1b6c6e30-19fd-49b0-9dd4-02f012fc7d36"} -->
<div id="wd-1b6c6e30" class="wp-block-wd-container wd-dir-col"><!-- wp:wd/star-rating {"blockId":"9afc4540-2dd2-4953-a612-4b07064dfdfa"} -->
<div id="wd-9afc4540" class="wp-block-wd-star-rating"><span class="star-rating"><span style="width:100%"></span></span></div>
<!-- /wp:wd/star-rating -->

<!-- wp:wd/paragraph {"blockId":"0125b4c9-c0d5-4cc9-aa0e-1ad3b5bafc91"} -->
<p id="wd-0125b4c9" class="wp-block-wd-paragraph">I’ve heard the argument that “lorem ipsum” is effective in wireframing or design because it helps people focus on the actual layout, or color scheme, or whatever.</p>
<!-- /wp:wd/paragraph -->

<!-- wp:wd/paragraph {"blockId":"0da5fcfb-7895-4606-8061-fdf56dc115ea","markColorCode":"#262626"} -->
<p id="wd-0da5fcfb" class="wp-block-wd-paragraph"><span class="wd-highlight"><strong>Sarah Connor</strong></span> - Google Inc.</p>
<!-- /wp:wd/paragraph --></div>
<!-- /wp:wd/container --></div>
<!-- /wp:wd/container --></div>
<!-- /wp:wd/testimonial --></div>
<!-- /wp:wd/carousel-item -->

<!-- wp:wd/carousel-item {"blockId":"0e305c4a-003e-40d6-a6a8-ee9fb286b385"} -->
<div id="wd-0e305c4a" class="wp-block-wd-carousel-item wd-carousel-item"><!-- wp:wd/testimonial {"blockId":"83a5a500-61d2-4832-ab5f-4a87a098ac06","design":"2","alignment":"center"} -->
<div id="wd-83a5a500" class="wp-block-wd-testimonial wd-align wd-design-2"><!-- wp:wd/container {"blockId":"ef3368b2-c4cf-419a-9122-c80501854a7d","extraClass":"wd-testimonial-heading"} -->
<div id="wd-ef3368b2" class="wp-block-wd-container wd-dir-col wd-testimonial-heading"><!-- wp:wd/image {"blockId":"9bfc0775-cba2-4ae8-a67a-666d09a9ea1f","image":{"id":27593,"url":"https://dummy.xtemos.com/woodmart2/gutenberg/wp-content/uploads/sites/24/2024/08/about-me-2-testimonials-2.jpg"},"imageData":{"url":"https://dummy.xtemos.com/woodmart2/gutenberg/wp-content/uploads/sites/24/2024/08/about-me-2-testimonials-2.jpg","width":100,"height":100}} -->
<div id="wd-9bfc0775" class="wp-block-wd-image wd-block-image"><img class="wp-image-27593" src="https://dummy.xtemos.com/woodmart2/gutenberg/wp-content/uploads/sites/24/2024/08/about-me-2-testimonials-2.jpg" /></div>
<!-- /wp:wd/image -->

<!-- wp:wd/container {"blockId":"6bef1fcf-dbc9-46d8-b3a3-9a5e54ee9b95"} -->
<div id="wd-6bef1fcf" class="wp-block-wd-container wd-dir-col"><!-- wp:wd/star-rating {"blockId":"66bda332-efd7-47cb-8757-db10e2fb4406"} -->
<div id="wd-66bda332" class="wp-block-wd-star-rating"><span class="star-rating"><span style="width:100%"></span></span></div>
<!-- /wp:wd/star-rating -->

<!-- wp:wd/paragraph {"blockId":"dd4659f7-3700-40b7-9152-70767f70a9ac"} -->
<p id="wd-dd4659f7" class="wp-block-wd-paragraph">Using dummy content or fake information in the Web design process can result in products with unrealistic assumptions and potentially serious design flaws.</p>
<!-- /wp:wd/paragraph -->

<!-- wp:wd/paragraph {"blockId":"48e899aa-b170-4464-9618-0818c314d0ce","markColorCode":"#262626"} -->
<p id="wd-48e899aa" class="wp-block-wd-paragraph"><span class="wd-highlight"><strong>Sergey Brin</strong></span> - Google Inc.</p>
<!-- /wp:wd/paragraph --></div>
<!-- /wp:wd/container --></div>
<!-- /wp:wd/container --></div>
<!-- /wp:wd/testimonial --></div>
<!-- /wp:wd/carousel-item -->

<!-- wp:wd/carousel-item {"blockId":"6352ec1c-1bab-447b-a884-8cfa5589b708"} -->
<div id="wd-6352ec1c" class="wp-block-wd-carousel-item wd-carousel-item"><!-- wp:wd/testimonial {"blockId":"562ee12f-fddf-458b-926b-88898899eb2c","design":"2","alignment":"center"} -->
<div id="wd-562ee12f" class="wp-block-wd-testimonial wd-align wd-design-2"><!-- wp:wd/container {"blockId":"8276b328-d6fd-481d-bc5d-e09b63c7af19","extraClass":"wd-testimonial-heading"} -->
<div id="wd-8276b328" class="wp-block-wd-container wd-dir-col wd-testimonial-heading"><!-- wp:wd/image {"blockId":"8cf33a8b-8a28-4527-ac59-dc781b35b518","image":{"id":27594,"url":"https://dummy.xtemos.com/woodmart2/gutenberg/wp-content/uploads/sites/24/2024/08/about-me-2-testimonials-3.jpg"},"imageData":{"url":"https://dummy.xtemos.com/woodmart2/gutenberg/wp-content/uploads/sites/24/2024/08/about-me-2-testimonials-3.jpg","width":100,"height":100}} -->
<div id="wd-8cf33a8b" class="wp-block-wd-image wd-block-image"><img class="wp-image-27594" src="https://dummy.xtemos.com/woodmart2/gutenberg/wp-content/uploads/sites/24/2024/08/about-me-2-testimonials-3.jpg" /></div>
<!-- /wp:wd/image -->

<!-- wp:wd/container {"blockId":"e7321f67-eb79-4324-a8e5-79b937b3f25b"} -->
<div id="wd-e7321f67" class="wp-block-wd-container wd-dir-col"><!-- wp:wd/star-rating {"blockId":"94d1f901-f73a-49d6-a914-84ad24d313ac"} -->
<div id="wd-94d1f901" class="wp-block-wd-star-rating"><span class="star-rating"><span style="width:100%"></span></span></div>
<!-- /wp:wd/star-rating -->

<!-- wp:wd/paragraph {"blockId":"d7cd1907-7161-4332-aff6-75e14bc0b1df"} -->
<p id="wd-d7cd1907" class="wp-block-wd-paragraph">A seemingly elegant design can quickly begin to bloat with unexpected content or break under the weight of actual activity data can ensure a nice looking layout.</p>
<!-- /wp:wd/paragraph -->

<!-- wp:wd/paragraph {"blockId":"434b1595-e2cf-4cec-af3f-0b70cfd15cf6","markColorCode":"#262626"} -->
<p id="wd-434b1595" class="wp-block-wd-paragraph"><span class="wd-highlight"><strong>Antony Stewart</strong></span> - Google Inc.</p>
<!-- /wp:wd/paragraph --></div>
<!-- /wp:wd/container --></div>
<!-- /wp:wd/container --></div>
<!-- /wp:wd/testimonial --></div>
<!-- /wp:wd/carousel-item -->

<!-- wp:wd/carousel-item {"blockId":"c73d532b-aacc-40e0-8b61-eac8c89beeb4"} -->
<div id="wd-c73d532b" class="wp-block-wd-carousel-item wd-carousel-item"><!-- wp:wd/testimonial {"blockId":"ecd6b29f-afa0-4025-a3fe-22849cd3ad8b","design":"2","alignment":"center"} -->
<div id="wd-ecd6b29f" class="wp-block-wd-testimonial wd-align wd-design-2"><!-- wp:wd/container {"blockId":"3d2dd327-55da-49e9-91ca-e999ee83f05f","extraClass":"wd-testimonial-heading"} -->
<div id="wd-3d2dd327" class="wp-block-wd-container wd-dir-col wd-testimonial-heading"><!-- wp:wd/image {"blockId":"c3c69f18-e4d4-4dbc-a798-d9b57debe18c","image":{"id":27598,"url":"https://dummy.xtemos.com/woodmart2/gutenberg/wp-content/uploads/sites/24/2024/08/mobile-app-img-avatar-2.jpg"},"imageData":{"url":"https://dummy.xtemos.com/woodmart2/gutenberg/wp-content/uploads/sites/24/2024/06/cars-testimon-1.jpg","width":150,"height":150}} -->
<div id="wd-c3c69f18" class="wp-block-wd-image wd-block-image"><img class="wp-image-27598" src="https://dummy.xtemos.com/woodmart2/gutenberg/wp-content/uploads/sites/24/2024/08/mobile-app-img-avatar-2.jpg" /></div>
<!-- /wp:wd/image -->

<!-- wp:wd/container {"blockId":"63c437b4-335e-4a03-a48a-d000cd36e205"} -->
<div id="wd-63c437b4" class="wp-block-wd-container wd-dir-col"><!-- wp:wd/star-rating {"blockId":"d91b4034-a110-4b3e-95be-4c1e2361956d"} -->
<div id="wd-d91b4034" class="wp-block-wd-star-rating"><span class="star-rating"><span style="width:100%"></span></span></div>
<!-- /wp:wd/star-rating -->

<!-- wp:wd/paragraph {"blockId":"e26ab63c-289a-4aba-8dc0-ed71e43c2db6"} -->
<p id="wd-e26ab63c" class="wp-block-wd-paragraph">Commercial publishing platforms and content management systems ensure that you can show different text, different data using the same template.</p>
<!-- /wp:wd/paragraph -->

<!-- wp:wd/paragraph {"blockId":"08a0fb84-f7e8-4eb1-8bd7-3adb9b9b60f3","markColorCode":"#262626"} -->
<p id="wd-08a0fb84" class="wp-block-wd-paragraph"><span class="wd-highlight"><strong>Kyle Deleon</strong></span> - Google Inc.</p>
<!-- /wp:wd/paragraph --></div>
<!-- /wp:wd/container --></div>
<!-- /wp:wd/container --></div>
<!-- /wp:wd/testimonial --></div>
<!-- /wp:wd/carousel-item --></div></div><div class="wd-nav-arrows wd-pos-sep wd-hover-1 wd-icon-1"><div class="wd-btn-arrow wd-prev"><div class="wd-arrow-inner"></div></div><div class="wd-btn-arrow wd-next"><div class="wd-arrow-inner"></div></div></div></div></div>
<!-- /wp:wd/carousel -->

<!-- wp:wd/container {"blockId":"5dae3b84-9950-4e9d-9ebd-99c98840c820","textAlign":"center","colorScheme":"light","bgImage":{"id":27589,"url":"https://dummy.xtemos.com/woodmart2/gutenberg/wp-content/uploads/sites/24/2024/08/about-me-2-bg-2.jpg"},"bgDisplaySize":"cover","paddingTop":"80","paddingRight":"15","paddingBottom":"80","paddingLeft":"15","marginBottom":"40","displayWidth":"","bgPositionTablet":"center center","bgDisplaySizeTablet":"cover","marginBottomMobile":"0"} -->
<div id="wd-5dae3b84" class="wp-block-wd-container wd-dir-col color-scheme-light wd-align"><!-- wp:wd/title {"blockId":"401b43c5-0124-4b7e-af84-e8f39e99a655","content":"I will be glad to work with you!​","tpFontSize":"36","tpFontSizeTablet":"22"} -->
<h2 id="wd-401b43c5" class="wp-block-wd-title title">I will be glad to work with you!​</h2>
<!-- /wp:wd/title -->

<!-- wp:wd/paragraph {"blockId":"f18beef4-3cf0-481a-8f42-0fe80463482c","displayWidth":"custom","customWidth":"596"} -->
<p id="wd-f18beef4" class="wp-block-wd-paragraph wd-custom-width">A wonderful serenity has taken possession of my entire soul, like these sweet mornings of spring which I enjoy with my whole heart.</p>
<!-- /wp:wd/paragraph -->

<!-- wp:wd/button {"blockId":"53c3f0cc-aca7-41b9-b1d7-5f9d321694cb","predefinedColor":"primary","icon":"left"} -->
<a id="wd-53c3f0cc" class="wp-block-wd-button btn btn-style-default btn-color-primary btn-size-default btn-shape-rectangle btn-icon-pos-left" href="#"><span>Ready to hire</span><!-- wp:wd/icon {"blockId":"b09da67c-b0b5-4f22-960a-25639addb8bb","image":{"id":19319,"url":"https://dummy.xtemos.com/woodmart2/gutenberg/wp-content/uploads/sites/24/2024/06/mail-light.svg"}} -->
<div id="wd-b09da67c" class="wp-block-wd-icon"><img class="wp-image-19319" src="https://dummy.xtemos.com/woodmart2/gutenberg/wp-content/uploads/sites/24/2024/06/mail-light.svg" /></div>
<!-- /wp:wd/icon --></a>
<!-- /wp:wd/button --></div>
<!-- /wp:wd/container -->]]></content:encoded>
															<wp:post_id>27583</wp:post_id>
					<wp:post_date><![CDATA[2024-08-05 08:51:33]]></wp:post_date>
					<wp:post_date_gmt><![CDATA[2024-08-05 08:51:33]]></wp:post_date_gmt>
					<wp:post_modified><![CDATA[2024-10-22 13:24:13]]></wp:post_modified>
					<wp:post_modified_gmt><![CDATA[2024-10-22 13:24:13]]></wp:post_modified_gmt>
					<wp:comment_status><![CDATA[closed]]></wp:comment_status>
					<wp:post_name><![CDATA[about-me-2]]></wp:post_name>
					<wp:status><![CDATA[publish]]></wp:status>
					<wp:post_parent>0</wp:post_parent>
					<wp:menu_order>0</wp:menu_order>
					<wp:post_type><![CDATA[page]]></wp:post_type>
																					<wp:postmeta>
							<wp:meta_key><![CDATA[_woodmart_whb_header]]></wp:meta_key>
							<wp:meta_value><![CDATA[header_409317]]></wp:meta_value>
						</wp:postmeta>
												<wp:postmeta>
							<wp:meta_key><![CDATA[_woodmart_title_off]]></wp:meta_key>
							<wp:meta_value><![CDATA[on]]></wp:meta_value>
						</wp:postmeta>
												<wp:postmeta>
							<wp:meta_key><![CDATA[_woodmart_page-title-size]]></wp:meta_key>
							<wp:meta_value><![CDATA[inherit]]></wp:meta_value>
						</wp:postmeta>
												<wp:postmeta>
							<wp:meta_key><![CDATA[_woodmart_title_image]]></wp:meta_key>
							<wp:meta_value><![CDATA[a:2:{s:3:"url";s:0:"";s:2:"id";s:0:"";}]]></wp:meta_value>
						</wp:postmeta>
												<wp:postmeta>
							<wp:meta_key><![CDATA[_woodmart_main_layout]]></wp:meta_key>
							<wp:meta_value><![CDATA[full-width]]></wp:meta_value>
						</wp:postmeta>
												<wp:postmeta>
							<wp:meta_key><![CDATA[_wp_page_template]]></wp:meta_key>
							<wp:meta_value><![CDATA[default]]></wp:meta_value>
						</wp:postmeta>
										</item>
								<item>
					<title><![CDATA[about-me-2-autog]]></title>
					<link>https://dummy.xtemos.com/woodmart2/gutenberg/about-me-2/about-me-2-autog/</link>
					<pubDate>Mon, 05 Aug 2024 08:55:08 +0000</pubDate>
					<dc:creator><![CDATA[maksimkliakhin]]></dc:creator>
					<guid isPermaLink="false">https://dummy.xtemos.com/woodmart2/gutenberg/wp-content/uploads/sites/24/2024/08/about-me-2-autog.svg</guid>
															<wp:post_id>27587</wp:post_id>
					<wp:post_date><![CDATA[2024-08-05 08:55:08]]></wp:post_date>
					<wp:post_date_gmt><![CDATA[2024-08-05 08:55:08]]></wp:post_date_gmt>
					<wp:post_modified><![CDATA[2024-08-05 08:55:08]]></wp:post_modified>
					<wp:post_modified_gmt><![CDATA[2024-08-05 08:55:08]]></wp:post_modified_gmt>
					<wp:comment_status><![CDATA[open]]></wp:comment_status>
					<wp:post_name><![CDATA[about-me-2-autog]]></wp:post_name>
					<wp:status><![CDATA[inherit]]></wp:status>
					<wp:post_parent>27583</wp:post_parent>
					<wp:menu_order>0</wp:menu_order>
					<wp:post_type><![CDATA[attachment]]></wp:post_type>
											<wp:attachment_url><![CDATA[https://dummy.xtemos.com/woodmart2/gutenberg/wp-content/uploads/sites/24/2024/08/about-me-2-autog.svg]]></wp:attachment_url>
																					<wp:postmeta>
							<wp:meta_key><![CDATA[_wp_attached_file]]></wp:meta_key>
							<wp:meta_value><![CDATA[2024/08/about-me-2-autog.svg]]></wp:meta_value>
						</wp:postmeta>
										</item>
								<item>
					<title><![CDATA[about-me-2-ava]]></title>
					<link>https://dummy.xtemos.com/woodmart2/gutenberg/about-me-2/about-me-2-ava/</link>
					<pubDate>Mon, 05 Aug 2024 08:55:09 +0000</pubDate>
					<dc:creator><![CDATA[maksimkliakhin]]></dc:creator>
					<guid isPermaLink="false">https://dummy.xtemos.com/woodmart2/gutenberg/wp-content/uploads/sites/24/2024/08/about-me-2-ava.png</guid>
															<wp:post_id>27588</wp:post_id>
					<wp:post_date><![CDATA[2024-08-05 08:55:09]]></wp:post_date>
					<wp:post_date_gmt><![CDATA[2024-08-05 08:55:09]]></wp:post_date_gmt>
					<wp:post_modified><![CDATA[2024-08-05 08:55:09]]></wp:post_modified>
					<wp:post_modified_gmt><![CDATA[2024-08-05 08:55:09]]></wp:post_modified_gmt>
					<wp:comment_status><![CDATA[open]]></wp:comment_status>
					<wp:post_name><![CDATA[about-me-2-ava]]></wp:post_name>
					<wp:status><![CDATA[inherit]]></wp:status>
					<wp:post_parent>27583</wp:post_parent>
					<wp:menu_order>0</wp:menu_order>
					<wp:post_type><![CDATA[attachment]]></wp:post_type>
											<wp:attachment_url><![CDATA[https://dummy.xtemos.com/woodmart2/gutenberg/wp-content/uploads/sites/24/2024/08/about-me-2-ava.png]]></wp:attachment_url>
																					<wp:postmeta>
							<wp:meta_key><![CDATA[_wp_attached_file]]></wp:meta_key>
							<wp:meta_value><![CDATA[2024/08/about-me-2-ava.png]]></wp:meta_value>
						</wp:postmeta>
										</item>
								<item>
					<title><![CDATA[about-me-2-bg-2]]></title>
					<link>https://dummy.xtemos.com/woodmart2/gutenberg/about-me-2/about-me-2-bg-2/</link>
					<pubDate>Mon, 05 Aug 2024 08:55:10 +0000</pubDate>
					<dc:creator><![CDATA[maksimkliakhin]]></dc:creator>
					<guid isPermaLink="false">https://dummy.xtemos.com/woodmart2/gutenberg/wp-content/uploads/sites/24/2024/08/about-me-2-bg-2.jpg</guid>
															<wp:post_id>27589</wp:post_id>
					<wp:post_date><![CDATA[2024-08-05 08:55:10]]></wp:post_date>
					<wp:post_date_gmt><![CDATA[2024-08-05 08:55:10]]></wp:post_date_gmt>
					<wp:post_modified><![CDATA[2024-08-05 08:55:10]]></wp:post_modified>
					<wp:post_modified_gmt><![CDATA[2024-08-05 08:55:10]]></wp:post_modified_gmt>
					<wp:comment_status><![CDATA[open]]></wp:comment_status>
					<wp:post_name><![CDATA[about-me-2-bg-2]]></wp:post_name>
					<wp:status><![CDATA[inherit]]></wp:status>
					<wp:post_parent>27583</wp:post_parent>
					<wp:menu_order>0</wp:menu_order>
					<wp:post_type><![CDATA[attachment]]></wp:post_type>
											<wp:attachment_url><![CDATA[https://dummy.xtemos.com/woodmart2/gutenberg/wp-content/uploads/sites/24/2024/08/about-me-2-bg-2.jpg]]></wp:attachment_url>
																					<wp:postmeta>
							<wp:meta_key><![CDATA[_wp_attached_file]]></wp:meta_key>
							<wp:meta_value><![CDATA[2024/08/about-me-2-bg-2.jpg]]></wp:meta_value>
						</wp:postmeta>
										</item>
								<item>
					<title><![CDATA[about-me-2-bg]]></title>
					<link>https://dummy.xtemos.com/woodmart2/gutenberg/about-me-2/about-me-2-bg/</link>
					<pubDate>Mon, 05 Aug 2024 08:55:10 +0000</pubDate>
					<dc:creator><![CDATA[maksimkliakhin]]></dc:creator>
					<guid isPermaLink="false">https://dummy.xtemos.com/woodmart2/gutenberg/wp-content/uploads/sites/24/2024/08/about-me-2-bg.jpg</guid>
															<wp:post_id>27590</wp:post_id>
					<wp:post_date><![CDATA[2024-08-05 08:55:10]]></wp:post_date>
					<wp:post_date_gmt><![CDATA[2024-08-05 08:55:10]]></wp:post_date_gmt>
					<wp:post_modified><![CDATA[2024-08-05 08:55:10]]></wp:post_modified>
					<wp:post_modified_gmt><![CDATA[2024-08-05 08:55:10]]></wp:post_modified_gmt>
					<wp:comment_status><![CDATA[open]]></wp:comment_status>
					<wp:post_name><![CDATA[about-me-2-bg]]></wp:post_name>
					<wp:status><![CDATA[inherit]]></wp:status>
					<wp:post_parent>27583</wp:post_parent>
					<wp:menu_order>0</wp:menu_order>
					<wp:post_type><![CDATA[attachment]]></wp:post_type>
											<wp:attachment_url><![CDATA[https://dummy.xtemos.com/woodmart2/gutenberg/wp-content/uploads/sites/24/2024/08/about-me-2-bg.jpg]]></wp:attachment_url>
																					<wp:postmeta>
							<wp:meta_key><![CDATA[_wp_attached_file]]></wp:meta_key>
							<wp:meta_value><![CDATA[2024/08/about-me-2-bg.jpg]]></wp:meta_value>
						</wp:postmeta>
										</item>
								<item>
					<title><![CDATA[about-me-2-quotes-bg]]></title>
					<link>https://dummy.xtemos.com/woodmart2/gutenberg/about-me-2/about-me-2-quotes-bg/</link>
					<pubDate>Mon, 05 Aug 2024 08:55:11 +0000</pubDate>
					<dc:creator><![CDATA[maksimkliakhin]]></dc:creator>
					<guid isPermaLink="false">https://dummy.xtemos.com/woodmart2/gutenberg/wp-content/uploads/sites/24/2024/08/about-me-2-quotes-bg.png</guid>
															<wp:post_id>27591</wp:post_id>
					<wp:post_date><![CDATA[2024-08-05 08:55:11]]></wp:post_date>
					<wp:post_date_gmt><![CDATA[2024-08-05 08:55:11]]></wp:post_date_gmt>
					<wp:post_modified><![CDATA[2024-08-05 08:55:11]]></wp:post_modified>
					<wp:post_modified_gmt><![CDATA[2024-08-05 08:55:11]]></wp:post_modified_gmt>
					<wp:comment_status><![CDATA[open]]></wp:comment_status>
					<wp:post_name><![CDATA[about-me-2-quotes-bg]]></wp:post_name>
					<wp:status><![CDATA[inherit]]></wp:status>
					<wp:post_parent>27583</wp:post_parent>
					<wp:menu_order>0</wp:menu_order>
					<wp:post_type><![CDATA[attachment]]></wp:post_type>
											<wp:attachment_url><![CDATA[https://dummy.xtemos.com/woodmart2/gutenberg/wp-content/uploads/sites/24/2024/08/about-me-2-quotes-bg.png]]></wp:attachment_url>
																					<wp:postmeta>
							<wp:meta_key><![CDATA[_wp_attached_file]]></wp:meta_key>
							<wp:meta_value><![CDATA[2024/08/about-me-2-quotes-bg.png]]></wp:meta_value>
						</wp:postmeta>
										</item>
								<item>
					<title><![CDATA[about-me-2-testimonials-1]]></title>
					<link>https://dummy.xtemos.com/woodmart2/gutenberg/about-me-2/about-me-2-testimonials-1/</link>
					<pubDate>Mon, 05 Aug 2024 08:55:12 +0000</pubDate>
					<dc:creator><![CDATA[maksimkliakhin]]></dc:creator>
					<guid isPermaLink="false">https://dummy.xtemos.com/woodmart2/gutenberg/wp-content/uploads/sites/24/2024/08/about-me-2-testimonials-1.jpg</guid>
															<wp:post_id>27592</wp:post_id>
					<wp:post_date><![CDATA[2024-08-05 08:55:12]]></wp:post_date>
					<wp:post_date_gmt><![CDATA[2024-08-05 08:55:12]]></wp:post_date_gmt>
					<wp:post_modified><![CDATA[2024-08-05 08:55:12]]></wp:post_modified>
					<wp:post_modified_gmt><![CDATA[2024-08-05 08:55:12]]></wp:post_modified_gmt>
					<wp:comment_status><![CDATA[open]]></wp:comment_status>
					<wp:post_name><![CDATA[about-me-2-testimonials-1]]></wp:post_name>
					<wp:status><![CDATA[inherit]]></wp:status>
					<wp:post_parent>27583</wp:post_parent>
					<wp:menu_order>0</wp:menu_order>
					<wp:post_type><![CDATA[attachment]]></wp:post_type>
											<wp:attachment_url><![CDATA[https://dummy.xtemos.com/woodmart2/gutenberg/wp-content/uploads/sites/24/2024/08/about-me-2-testimonials-1.jpg]]></wp:attachment_url>
																					<wp:postmeta>
							<wp:meta_key><![CDATA[_wp_attached_file]]></wp:meta_key>
							<wp:meta_value><![CDATA[2024/08/about-me-2-testimonials-1.jpg]]></wp:meta_value>
						</wp:postmeta>
										</item>
								<item>
					<title><![CDATA[about-me-2-testimonials-2]]></title>
					<link>https://dummy.xtemos.com/woodmart2/gutenberg/about-me-2/about-me-2-testimonials-2/</link>
					<pubDate>Mon, 05 Aug 2024 08:55:13 +0000</pubDate>
					<dc:creator><![CDATA[maksimkliakhin]]></dc:creator>
					<guid isPermaLink="false">https://dummy.xtemos.com/woodmart2/gutenberg/wp-content/uploads/sites/24/2024/08/about-me-2-testimonials-2.jpg</guid>
															<wp:post_id>27593</wp:post_id>
					<wp:post_date><![CDATA[2024-08-05 08:55:13]]></wp:post_date>
					<wp:post_date_gmt><![CDATA[2024-08-05 08:55:13]]></wp:post_date_gmt>
					<wp:post_modified><![CDATA[2024-08-05 08:55:13]]></wp:post_modified>
					<wp:post_modified_gmt><![CDATA[2024-08-05 08:55:13]]></wp:post_modified_gmt>
					<wp:comment_status><![CDATA[open]]></wp:comment_status>
					<wp:post_name><![CDATA[about-me-2-testimonials-2]]></wp:post_name>
					<wp:status><![CDATA[inherit]]></wp:status>
					<wp:post_parent>27583</wp:post_parent>
					<wp:menu_order>0</wp:menu_order>
					<wp:post_type><![CDATA[attachment]]></wp:post_type>
											<wp:attachment_url><![CDATA[https://dummy.xtemos.com/woodmart2/gutenberg/wp-content/uploads/sites/24/2024/08/about-me-2-testimonials-2.jpg]]></wp:attachment_url>
																					<wp:postmeta>
							<wp:meta_key><![CDATA[_wp_attached_file]]></wp:meta_key>
							<wp:meta_value><![CDATA[2024/08/about-me-2-testimonials-2.jpg]]></wp:meta_value>
						</wp:postmeta>
										</item>
								<item>
					<title><![CDATA[about-me-2-testimonials-3]]></title>
					<link>https://dummy.xtemos.com/woodmart2/gutenberg/about-me-2/about-me-2-testimonials-3/</link>
					<pubDate>Mon, 05 Aug 2024 08:55:13 +0000</pubDate>
					<dc:creator><![CDATA[maksimkliakhin]]></dc:creator>
					<guid isPermaLink="false">https://dummy.xtemos.com/woodmart2/gutenberg/wp-content/uploads/sites/24/2024/08/about-me-2-testimonials-3.jpg</guid>
															<wp:post_id>27594</wp:post_id>
					<wp:post_date><![CDATA[2024-08-05 08:55:13]]></wp:post_date>
					<wp:post_date_gmt><![CDATA[2024-08-05 08:55:13]]></wp:post_date_gmt>
					<wp:post_modified><![CDATA[2024-08-05 08:55:13]]></wp:post_modified>
					<wp:post_modified_gmt><![CDATA[2024-08-05 08:55:13]]></wp:post_modified_gmt>
					<wp:comment_status><![CDATA[open]]></wp:comment_status>
					<wp:post_name><![CDATA[about-me-2-testimonials-3]]></wp:post_name>
					<wp:status><![CDATA[inherit]]></wp:status>
					<wp:post_parent>27583</wp:post_parent>
					<wp:menu_order>0</wp:menu_order>
					<wp:post_type><![CDATA[attachment]]></wp:post_type>
											<wp:attachment_url><![CDATA[https://dummy.xtemos.com/woodmart2/gutenberg/wp-content/uploads/sites/24/2024/08/about-me-2-testimonials-3.jpg]]></wp:attachment_url>
																					<wp:postmeta>
							<wp:meta_key><![CDATA[_wp_attached_file]]></wp:meta_key>
							<wp:meta_value><![CDATA[2024/08/about-me-2-testimonials-3.jpg]]></wp:meta_value>
						</wp:postmeta>
										</item>
								<item>
					<title><![CDATA[about-me-img-1]]></title>
					<link>https://dummy.xtemos.com/woodmart2/gutenberg/about-me-2/about-me-img-1/</link>
					<pubDate>Mon, 05 Aug 2024 08:55:14 +0000</pubDate>
					<dc:creator><![CDATA[maksimkliakhin]]></dc:creator>
					<guid isPermaLink="false">https://dummy.xtemos.com/woodmart2/gutenberg/wp-content/uploads/sites/24/2024/08/about-me-img-1.jpg</guid>
															<wp:post_id>27595</wp:post_id>
					<wp:post_date><![CDATA[2024-08-05 08:55:14]]></wp:post_date>
					<wp:post_date_gmt><![CDATA[2024-08-05 08:55:14]]></wp:post_date_gmt>
					<wp:post_modified><![CDATA[2024-08-05 08:55:14]]></wp:post_modified>
					<wp:post_modified_gmt><![CDATA[2024-08-05 08:55:14]]></wp:post_modified_gmt>
					<wp:comment_status><![CDATA[open]]></wp:comment_status>
					<wp:post_name><![CDATA[about-me-img-1]]></wp:post_name>
					<wp:status><![CDATA[inherit]]></wp:status>
					<wp:post_parent>27583</wp:post_parent>
					<wp:menu_order>0</wp:menu_order>
					<wp:post_type><![CDATA[attachment]]></wp:post_type>
											<wp:attachment_url><![CDATA[https://dummy.xtemos.com/woodmart2/gutenberg/wp-content/uploads/sites/24/2024/08/about-me-img-1.jpg]]></wp:attachment_url>
																					<wp:postmeta>
							<wp:meta_key><![CDATA[_wp_attached_file]]></wp:meta_key>
							<wp:meta_value><![CDATA[2024/08/about-me-img-1.jpg]]></wp:meta_value>
						</wp:postmeta>
										</item>
								<item>
					<title><![CDATA[about-me-img-2]]></title>
					<link>https://dummy.xtemos.com/woodmart2/gutenberg/about-me-2/about-me-img-2/</link>
					<pubDate>Mon, 05 Aug 2024 08:55:15 +0000</pubDate>
					<dc:creator><![CDATA[maksimkliakhin]]></dc:creator>
					<guid isPermaLink="false">https://dummy.xtemos.com/woodmart2/gutenberg/wp-content/uploads/sites/24/2024/08/about-me-img-2.jpg</guid>
															<wp:post_id>27596</wp:post_id>
					<wp:post_date><![CDATA[2024-08-05 08:55:15]]></wp:post_date>
					<wp:post_date_gmt><![CDATA[2024-08-05 08:55:15]]></wp:post_date_gmt>
					<wp:post_modified><![CDATA[2024-08-05 08:55:15]]></wp:post_modified>
					<wp:post_modified_gmt><![CDATA[2024-08-05 08:55:15]]></wp:post_modified_gmt>
					<wp:comment_status><![CDATA[open]]></wp:comment_status>
					<wp:post_name><![CDATA[about-me-img-2]]></wp:post_name>
					<wp:status><![CDATA[inherit]]></wp:status>
					<wp:post_parent>27583</wp:post_parent>
					<wp:menu_order>0</wp:menu_order>
					<wp:post_type><![CDATA[attachment]]></wp:post_type>
											<wp:attachment_url><![CDATA[https://dummy.xtemos.com/woodmart2/gutenberg/wp-content/uploads/sites/24/2024/08/about-me-img-2.jpg]]></wp:attachment_url>
																					<wp:postmeta>
							<wp:meta_key><![CDATA[_wp_attached_file]]></wp:meta_key>
							<wp:meta_value><![CDATA[2024/08/about-me-img-2.jpg]]></wp:meta_value>
						</wp:postmeta>
										</item>
								<item>
					<title><![CDATA[about-me-img-3]]></title>
					<link>https://dummy.xtemos.com/woodmart2/gutenberg/about-me-2/about-me-img-3/</link>
					<pubDate>Mon, 05 Aug 2024 08:55:15 +0000</pubDate>
					<dc:creator><![CDATA[maksimkliakhin]]></dc:creator>
					<guid isPermaLink="false">https://dummy.xtemos.com/woodmart2/gutenberg/wp-content/uploads/sites/24/2024/08/about-me-img-3.jpg</guid>
															<wp:post_id>27597</wp:post_id>
					<wp:post_date><![CDATA[2024-08-05 08:55:15]]></wp:post_date>
					<wp:post_date_gmt><![CDATA[2024-08-05 08:55:15]]></wp:post_date_gmt>
					<wp:post_modified><![CDATA[2024-08-05 08:55:15]]></wp:post_modified>
					<wp:post_modified_gmt><![CDATA[2024-08-05 08:55:15]]></wp:post_modified_gmt>
					<wp:comment_status><![CDATA[open]]></wp:comment_status>
					<wp:post_name><![CDATA[about-me-img-3]]></wp:post_name>
					<wp:status><![CDATA[inherit]]></wp:status>
					<wp:post_parent>27583</wp:post_parent>
					<wp:menu_order>0</wp:menu_order>
					<wp:post_type><![CDATA[attachment]]></wp:post_type>
											<wp:attachment_url><![CDATA[https://dummy.xtemos.com/woodmart2/gutenberg/wp-content/uploads/sites/24/2024/08/about-me-img-3.jpg]]></wp:attachment_url>
																					<wp:postmeta>
							<wp:meta_key><![CDATA[_wp_attached_file]]></wp:meta_key>
							<wp:meta_value><![CDATA[2024/08/about-me-img-3.jpg]]></wp:meta_value>
						</wp:postmeta>
										</item>
								<item>
					<title><![CDATA[mobile-app-img-avatar-2]]></title>
					<link>https://dummy.xtemos.com/woodmart2/gutenberg/about-me-2/mobile-app-img-avatar-2-2/</link>
					<pubDate>Mon, 05 Aug 2024 08:55:16 +0000</pubDate>
					<dc:creator><![CDATA[maksimkliakhin]]></dc:creator>
					<guid isPermaLink="false">https://dummy.xtemos.com/woodmart2/gutenberg/wp-content/uploads/sites/24/2024/08/mobile-app-img-avatar-2.jpg</guid>
															<wp:post_id>27598</wp:post_id>
					<wp:post_date><![CDATA[2024-08-05 08:55:16]]></wp:post_date>
					<wp:post_date_gmt><![CDATA[2024-08-05 08:55:16]]></wp:post_date_gmt>
					<wp:post_modified><![CDATA[2024-08-05 08:55:16]]></wp:post_modified>
					<wp:post_modified_gmt><![CDATA[2024-08-05 08:55:16]]></wp:post_modified_gmt>
					<wp:comment_status><![CDATA[open]]></wp:comment_status>
					<wp:post_name><![CDATA[mobile-app-img-avatar-2-2]]></wp:post_name>
					<wp:status><![CDATA[inherit]]></wp:status>
					<wp:post_parent>27583</wp:post_parent>
					<wp:menu_order>0</wp:menu_order>
					<wp:post_type><![CDATA[attachment]]></wp:post_type>
											<wp:attachment_url><![CDATA[https://dummy.xtemos.com/woodmart2/gutenberg/wp-content/uploads/sites/24/2024/08/mobile-app-img-avatar-2.jpg]]></wp:attachment_url>
																					<wp:postmeta>
							<wp:meta_key><![CDATA[_wp_attached_file]]></wp:meta_key>
							<wp:meta_value><![CDATA[2024/08/mobile-app-img-avatar-2.jpg]]></wp:meta_value>
						</wp:postmeta>
										</item>
				</channel>
</rss>
	