<?xml version="1.0" encoding="UTF-8" ?>
	<!-- This is a WordPress eXtended RSS file generated by WordPress as an export of your site. -->
	<!-- It contains information about your site's posts, pages, comments, categories, and other content. -->
	<!-- You may use this file to transfer that content from one site to another. -->
	<!-- This file is not intended to serve as a complete backup of your site. -->

	<!-- To import this information into a WordPress site follow these steps: -->
	<!-- 1. Log in to that site as an administrator. -->
	<!-- 2. Go to Tools: Import in the WordPress admin panel. -->
	<!-- 3. Install the "WordPress" importer from the list. -->
	<!-- 4. Activate & Run Importer. -->
	<!-- 5. Upload this file using the form provided on that page. -->
	<!-- 6. You will first be asked to map the authors in this export file to users -->
	<!--    on the site. For each author, you may choose to map to an -->
	<!--    existing user on the site or to create a new user. -->
	<!-- 7. WordPress will then import each of the posts, pages, comments, categories, etc. -->
	<!--    contained in this file into your site. -->

	<!-- generator="WordPress/6.5.5" created="2024-10-25 07:55" -->
<rss version="2.0"
	xmlns:excerpt="http://wordpress.org/export/1.2/excerpt/"
	xmlns:content="http://purl.org/rss/1.0/modules/content/"
	xmlns:wfw="http://wellformedweb.org/CommentAPI/"
	xmlns:dc="http://purl.org/dc/elements/1.1/"
	xmlns:wp="http://wordpress.org/export/1.2/"
>

<channel>
	<title>Gutenberg base</title>
	<link>https://dummy.xtemos.com/woodmart2/gutenberg</link>
	<description></description>
	<pubDate>Fri, 25 Oct 2024 07:55:15 +0000</pubDate>
	<language>en-US</language>
	<wp:wxr_version>1.2</wp:wxr_version>
	<wp:base_site_url>https://dummy.xtemos.com/woodmart2/</wp:base_site_url>
	<wp:base_blog_url>https://dummy.xtemos.com/woodmart2/gutenberg</wp:base_blog_url>

		<wp:author><wp:author_id>491</wp:author_id><wp:author_login><![CDATA[maksimkliakhin]]></wp:author_login><wp:author_email><![CDATA[m.kliakhin@gmail.com]]></wp:author_email><wp:author_display_name><![CDATA[Ethan Smith]]></wp:author_display_name><wp:author_first_name><![CDATA[Ethan]]></wp:author_first_name><wp:author_last_name><![CDATA[Smith]]></wp:author_last_name></wp:author>

					<wp:term>
			<wp:term_id>0</wp:term_id>
			<wp:term_taxonomy><![CDATA[]]></wp:term_taxonomy>
			<wp:term_slug><![CDATA[]]></wp:term_slug>
			<wp:term_parent><![CDATA[]]></wp:term_parent>
					</wp:term>
		
	<generator>https://wordpress.org/?v=6.5.5</generator>

					<item>
					<title><![CDATA[Old About me]]></title>
					<link>https://dummy.xtemos.com/woodmart2/gutenberg/about-me/</link>
					<pubDate>Mon, 05 Aug 2024 08:27:44 +0000</pubDate>
					<dc:creator><![CDATA[maksimkliakhin]]></dc:creator>
					<guid isPermaLink="false">https://dummy.xtemos.com/woodmart2/gutenberg/?page_id=27558</guid>
											<content:encoded><![CDATA[<!-- wp:wd/section {"blockId":"7d491e92-474d-4f4f-a7fd-91f7b7056811","bgImage":{"id":27563,"url":"https://dummy.xtemos.com/woodmart2/gutenberg/wp-content/uploads/sites/24/2024/08/old-about-me.jpg"},"bgPosition":"center center","bgDisplaySize":"cover","paddingTop":"240","paddingBottom":"240","marginBottom":"0","overlayType":"gradient","overlayGradient":"linear-gradient(180deg,rgba(255,255,255,0.9) 24%,rgba(122,122,122,0.02) 100%)","overlay":true,"paddingTopMobile":"150","paddingBottomMobile":"150"} -->
<div id="wd-7d491e92" class="wp-block-wd-section wd-bg-parent"><div class="wd-bg-overlay"></div><!-- wp:wd/row {"blockId":"77b0c47f-c47a-4e88-97fc-79c5a7b3e71f"} -->
<div id="wd-77b0c47f" class="wp-block-wd-row"><!-- wp:wd/column {"blockId":"81b1b8bf-2b99-49ab-acbf-4a95b7b406e2","adjacentCount":2,"blocksGap":30,"bgColorCode":"#ffffff","paddingTop":"40","paddingRight":"40","paddingBottom":"40","paddingLeft":"40","paddingLock":true} -->
<div id="wd-81b1b8bf" class="wp-block-wd-column"><!-- wp:wd/title {"blockId":"14b4be03-e8db-4ab1-9d13-f1cea631f8a7","content":"My name is\u003cbr\u003e- Steve Rogers.","tpFontSize":"46","tpLineHeight":"1.2","displayWidth":"","customWidth":"","tpFontSizeTablet":"22","tpLineHeightUnits":"em"} -->
<h2 id="wd-14b4be03" class="wp-block-wd-title title">My name is<br>- Steve Rogers.</h2>
<!-- /wp:wd/title -->

<!-- wp:wd/row {"blockId":"a94daf5c-0c97-4612-b5ff-f4a319f2c7b1"} -->
<div id="wd-a94daf5c" class="wp-block-wd-row"><!-- wp:wd/column {"blockId":"966a7b9c-a4b6-4ac1-86de-297190021dfe","adjacentCount":2,"adjacentCountTablet":1,"colWidthTablet":100} -->
<div id="wd-966a7b9c" class="wp-block-wd-column"><!-- wp:wd/paragraph {"blockId":"40ea4552-9eb8-4ea5-9599-aaf4fc6da6c5"} -->
<p id="wd-40ea4552" class="wp-block-wd-paragraph">There are many variations of passages of Lorem Ipsum available, but the majority have suffered alteration in some form, by injected humour, or randomised words.</p>
<!-- /wp:wd/paragraph --></div>
<!-- /wp:wd/column -->

<!-- wp:wd/column {"blockId":"180bdaac-a3b7-47b4-b9c9-b79deba93656","adjacentCount":2,"adjacentCountTablet":1,"colWidthTablet":100} -->
<div id="wd-180bdaac" class="wp-block-wd-column"><!-- wp:wd/paragraph {"blockId":"1b0ffd16-b2d7-4f62-b726-210f3aa3f23e"} -->
<p id="wd-1b0ffd16" class="wp-block-wd-paragraph">Which don’t look even slightly believable. If you are going to use a passage of Lorem Ipsum, you need to be sure there isn’t anything embarrassing hidden.</p>
<!-- /wp:wd/paragraph --></div>
<!-- /wp:wd/column --></div>
<!-- /wp:wd/row -->

<!-- wp:wd/divider {"blockId":"28d066a5-903a-4b97-887b-88bbb48af260"} -->
<div id="wd-28d066a5" class="wp-block-wd-divider wd-style-line"></div>
<!-- /wp:wd/divider -->

<!-- wp:wd/container {"blockId":"2e9aaf71-b40b-49a7-b482-1a6c4c0d5158","direction":"row","justify":"space-between","align":"center","wrap":"wrap"} -->
<div id="wd-2e9aaf71" class="wp-block-wd-container wd-dir-row wd-align-is-lg-center"><!-- wp:wd/paragraph {"blockId":"a5d4fca7-4f29-4930-86be-597d00ef8b53","markColorCode":"#333333"} -->
<p id="wd-a5d4fca7" class="wp-block-wd-paragraph">Follow me on <span class="wd-highlight"><strong>Twitter</strong></span> and <span class="wd-highlight"><strong>Facebook</strong></span></p>
<!-- /wp:wd/paragraph -->

<!-- wp:wd/icon {"blockId":"f1b1780c-6a9f-4869-8e46-c6fdfb6e3af3","image":{"id":27564,"url":"https://dummy.xtemos.com/woodmart2/gutenberg/wp-content/uploads/sites/24/2024/08/watches-austen-opt.jpg"},"width":"141"} -->
<div id="wd-f1b1780c" class="wp-block-wd-icon"><img class="wp-image-27564" src="https://dummy.xtemos.com/woodmart2/gutenberg/wp-content/uploads/sites/24/2024/08/watches-austen-opt.jpg" /></div>
<!-- /wp:wd/icon --></div>
<!-- /wp:wd/container --></div>
<!-- /wp:wd/column -->

<!-- wp:wd/column {"blockId":"645322a7-3ab2-46a5-96b4-d0b78bd3a0e2","adjacentCount":2} -->
<div id="wd-645322a7" class="wp-block-wd-column"></div>
<!-- /wp:wd/column --></div>
<!-- /wp:wd/row --></div>
<!-- /wp:wd/section -->

<!-- wp:wd/section {"blockId":"7fad7b66-635e-4337-92bf-d0fb262053b1","paddingRight":"0","paddingLeft":"0","marginBottom":"-40"} -->
<div id="wd-7fad7b66" class="wp-block-wd-section"><!-- wp:wd/gallery {"blockId":"d69739d3-f9e8-48cb-8d8a-fba715619d25","columns":3,"spacing":"0","expandOnClick":true,"layout":"carousel","currentSlide":3,"paginationControl":false,"paginationControlTablet":false,"paginationControlMobile":false,"syncParentId":"wd_d69739d3"} -->
<div id="wd-d69739d3" class="wp-block-wd-gallery wd-carousel-container wd-caption-mask"><div class="wd-carousel-inner"><div class="wd-carousel wd-grid" style="--wd-col-lg:3;--wd-col-md:3;--wd-col-sm:1;--wd-gap-lg:0px" data-scroll_per_page="yes"><div class="wd-carousel-wrap"><!-- wp:wd/gallery-item {"blockId":"765303f5-1f00-4c45-8460-75442c76775f","image":{"id":27559,"url":"https://dummy.xtemos.com/woodmart2/gutenberg/wp-content/uploads/sites/24/2024/08/old-about-me-image-1.jpg"},"expandOnClick":true,"layout":"carousel","imageData":{"url":"https://dummy.xtemos.com/woodmart2/gutenberg/wp-content/uploads/sites/24/2024/08/old-about-me-image-1.jpg","width":800,"height":500}} -->
<div id="wd-765303f5" class="wp-block-wd-gallery-item wd-carousel-item photoswipe-images"><div class="wd-block-image"><a href="https://dummy.xtemos.com/woodmart2/gutenberg/wp-content/uploads/sites/24/2024/08/old-about-me-image-1.jpg" data-width="800" data-height="500" data-elementor-open-lightbox="no"><img class="wp-image-27559" src="https://dummy.xtemos.com/woodmart2/gutenberg/wp-content/uploads/sites/24/2024/08/old-about-me-image-1.jpg" /></a></div></div>
<!-- /wp:wd/gallery-item -->

<!-- wp:wd/gallery-item {"blockId":"da86e865-f995-46d0-ad51-79442cd6c976","image":{"id":27560,"url":"https://dummy.xtemos.com/woodmart2/gutenberg/wp-content/uploads/sites/24/2024/08/old-about-me-image-2.jpg"},"expandOnClick":true,"layout":"carousel","imageData":{"url":"https://dummy.xtemos.com/woodmart2/gutenberg/wp-content/uploads/sites/24/2024/08/old-about-me-image-2.jpg","width":800,"height":500}} -->
<div id="wd-da86e865" class="wp-block-wd-gallery-item wd-carousel-item photoswipe-images"><div class="wd-block-image"><a href="https://dummy.xtemos.com/woodmart2/gutenberg/wp-content/uploads/sites/24/2024/08/old-about-me-image-2.jpg" data-width="800" data-height="500" data-elementor-open-lightbox="no"><img class="wp-image-27560" src="https://dummy.xtemos.com/woodmart2/gutenberg/wp-content/uploads/sites/24/2024/08/old-about-me-image-2.jpg" /></a></div></div>
<!-- /wp:wd/gallery-item -->

<!-- wp:wd/gallery-item {"blockId":"0b691537-9192-44e0-831d-91d426e7331e","image":{"id":27561,"url":"https://dummy.xtemos.com/woodmart2/gutenberg/wp-content/uploads/sites/24/2024/08/old-about-me-image-3.jpg"},"expandOnClick":true,"layout":"carousel","imageData":{"url":"https://dummy.xtemos.com/woodmart2/gutenberg/wp-content/uploads/sites/24/2024/08/old-about-me-image-3.jpg","width":800,"height":500}} -->
<div id="wd-0b691537" class="wp-block-wd-gallery-item wd-carousel-item photoswipe-images"><div class="wd-block-image"><a href="https://dummy.xtemos.com/woodmart2/gutenberg/wp-content/uploads/sites/24/2024/08/old-about-me-image-3.jpg" data-width="800" data-height="500" data-elementor-open-lightbox="no"><img class="wp-image-27561" src="https://dummy.xtemos.com/woodmart2/gutenberg/wp-content/uploads/sites/24/2024/08/old-about-me-image-3.jpg" /></a></div></div>
<!-- /wp:wd/gallery-item -->

<!-- wp:wd/gallery-item {"blockId":"2c91a3c0-4aaa-4aba-8e88-3ad1eb122d21","image":{"id":27562,"url":"https://dummy.xtemos.com/woodmart2/gutenberg/wp-content/uploads/sites/24/2024/08/old-about-me-image-4.jpg"},"expandOnClick":true,"layout":"carousel","imageData":{"url":"https://dummy.xtemos.com/woodmart2/gutenberg/wp-content/uploads/sites/24/2024/08/old-about-me-image-4.jpg","width":800,"height":500}} -->
<div id="wd-2c91a3c0" class="wp-block-wd-gallery-item wd-carousel-item photoswipe-images"><div class="wd-block-image"><a href="https://dummy.xtemos.com/woodmart2/gutenberg/wp-content/uploads/sites/24/2024/08/old-about-me-image-4.jpg" data-width="800" data-height="500" data-elementor-open-lightbox="no"><img class="wp-image-27562" src="https://dummy.xtemos.com/woodmart2/gutenberg/wp-content/uploads/sites/24/2024/08/old-about-me-image-4.jpg" /></a></div></div>
<!-- /wp:wd/gallery-item --></div></div><div class="wd-nav-arrows wd-pos-sep wd-hover-1 wd-icon-1"><div class="wd-btn-arrow wd-prev"><div class="wd-arrow-inner"></div></div><div class="wd-btn-arrow wd-next"><div class="wd-arrow-inner"></div></div></div></div></div>
<!-- /wp:wd/gallery --></div>
<!-- /wp:wd/section -->]]></content:encoded>
															<wp:post_id>27558</wp:post_id>
					<wp:post_date><![CDATA[2024-08-05 08:27:44]]></wp:post_date>
					<wp:post_date_gmt><![CDATA[2024-08-05 08:27:44]]></wp:post_date_gmt>
					<wp:post_modified><![CDATA[2024-10-23 11:33:50]]></wp:post_modified>
					<wp:post_modified_gmt><![CDATA[2024-10-23 11:33:50]]></wp:post_modified_gmt>
					<wp:comment_status><![CDATA[closed]]></wp:comment_status>
					<wp:post_name><![CDATA[about-me]]></wp:post_name>
					<wp:status><![CDATA[publish]]></wp:status>
					<wp:post_parent>0</wp:post_parent>
					<wp:menu_order>0</wp:menu_order>
					<wp:post_type><![CDATA[page]]></wp:post_type>
																					<wp:postmeta>
							<wp:meta_key><![CDATA[_woodmart_whb_header]]></wp:meta_key>
							<wp:meta_value><![CDATA[header_188698]]></wp:meta_value>
						</wp:postmeta>
												<wp:postmeta>
							<wp:meta_key><![CDATA[_woodmart_title_off]]></wp:meta_key>
							<wp:meta_value><![CDATA[on]]></wp:meta_value>
						</wp:postmeta>
												<wp:postmeta>
							<wp:meta_key><![CDATA[_woodmart_page-title-size]]></wp:meta_key>
							<wp:meta_value><![CDATA[inherit]]></wp:meta_value>
						</wp:postmeta>
												<wp:postmeta>
							<wp:meta_key><![CDATA[_woodmart_title_image]]></wp:meta_key>
							<wp:meta_value><![CDATA[a:2:{s:3:"url";s:0:"";s:2:"id";s:0:"";}]]></wp:meta_value>
						</wp:postmeta>
												<wp:postmeta>
							<wp:meta_key><![CDATA[_woodmart_main_layout]]></wp:meta_key>
							<wp:meta_value><![CDATA[full-width]]></wp:meta_value>
						</wp:postmeta>
												<wp:postmeta>
							<wp:meta_key><![CDATA[_wp_page_template]]></wp:meta_key>
							<wp:meta_value><![CDATA[default]]></wp:meta_value>
						</wp:postmeta>
										</item>
								<item>
					<title><![CDATA[old-about-me-image-1]]></title>
					<link>https://dummy.xtemos.com/woodmart2/gutenberg/old-about-me-image-1/</link>
					<pubDate>Mon, 05 Aug 2024 08:24:44 +0000</pubDate>
					<dc:creator><![CDATA[maksimkliakhin]]></dc:creator>
					<guid isPermaLink="false">https://dummy.xtemos.com/woodmart2/gutenberg/wp-content/uploads/sites/24/2024/08/old-about-me-image-1.jpg</guid>
															<wp:post_id>27559</wp:post_id>
					<wp:post_date><![CDATA[2024-08-05 08:24:44]]></wp:post_date>
					<wp:post_date_gmt><![CDATA[2024-08-05 08:24:44]]></wp:post_date_gmt>
					<wp:post_modified><![CDATA[2024-08-05 08:24:44]]></wp:post_modified>
					<wp:post_modified_gmt><![CDATA[2024-08-05 08:24:44]]></wp:post_modified_gmt>
					<wp:comment_status><![CDATA[open]]></wp:comment_status>
					<wp:post_name><![CDATA[old-about-me-image-1]]></wp:post_name>
					<wp:status><![CDATA[inherit]]></wp:status>
					<wp:post_parent>0</wp:post_parent>
					<wp:menu_order>0</wp:menu_order>
					<wp:post_type><![CDATA[attachment]]></wp:post_type>
											<wp:attachment_url><![CDATA[https://dummy.xtemos.com/woodmart2/gutenberg/wp-content/uploads/sites/24/2024/08/old-about-me-image-1.jpg]]></wp:attachment_url>
																					<wp:postmeta>
							<wp:meta_key><![CDATA[_wp_attached_file]]></wp:meta_key>
							<wp:meta_value><![CDATA[2024/08/old-about-me-image-1.jpg]]></wp:meta_value>
						</wp:postmeta>
										</item>
								<item>
					<title><![CDATA[old-about-me-image-2]]></title>
					<link>https://dummy.xtemos.com/woodmart2/gutenberg/old-about-me-image-2/</link>
					<pubDate>Mon, 05 Aug 2024 08:24:44 +0000</pubDate>
					<dc:creator><![CDATA[maksimkliakhin]]></dc:creator>
					<guid isPermaLink="false">https://dummy.xtemos.com/woodmart2/gutenberg/wp-content/uploads/sites/24/2024/08/old-about-me-image-2.jpg</guid>
															<wp:post_id>27560</wp:post_id>
					<wp:post_date><![CDATA[2024-08-05 08:24:44]]></wp:post_date>
					<wp:post_date_gmt><![CDATA[2024-08-05 08:24:44]]></wp:post_date_gmt>
					<wp:post_modified><![CDATA[2024-08-05 08:24:44]]></wp:post_modified>
					<wp:post_modified_gmt><![CDATA[2024-08-05 08:24:44]]></wp:post_modified_gmt>
					<wp:comment_status><![CDATA[open]]></wp:comment_status>
					<wp:post_name><![CDATA[old-about-me-image-2]]></wp:post_name>
					<wp:status><![CDATA[inherit]]></wp:status>
					<wp:post_parent>0</wp:post_parent>
					<wp:menu_order>0</wp:menu_order>
					<wp:post_type><![CDATA[attachment]]></wp:post_type>
											<wp:attachment_url><![CDATA[https://dummy.xtemos.com/woodmart2/gutenberg/wp-content/uploads/sites/24/2024/08/old-about-me-image-2.jpg]]></wp:attachment_url>
																					<wp:postmeta>
							<wp:meta_key><![CDATA[_wp_attached_file]]></wp:meta_key>
							<wp:meta_value><![CDATA[2024/08/old-about-me-image-2.jpg]]></wp:meta_value>
						</wp:postmeta>
										</item>
								<item>
					<title><![CDATA[old-about-me-image-3]]></title>
					<link>https://dummy.xtemos.com/woodmart2/gutenberg/old-about-me-image-3/</link>
					<pubDate>Mon, 05 Aug 2024 08:24:45 +0000</pubDate>
					<dc:creator><![CDATA[maksimkliakhin]]></dc:creator>
					<guid isPermaLink="false">https://dummy.xtemos.com/woodmart2/gutenberg/wp-content/uploads/sites/24/2024/08/old-about-me-image-3.jpg</guid>
															<wp:post_id>27561</wp:post_id>
					<wp:post_date><![CDATA[2024-08-05 08:24:45]]></wp:post_date>
					<wp:post_date_gmt><![CDATA[2024-08-05 08:24:45]]></wp:post_date_gmt>
					<wp:post_modified><![CDATA[2024-08-05 08:24:45]]></wp:post_modified>
					<wp:post_modified_gmt><![CDATA[2024-08-05 08:24:45]]></wp:post_modified_gmt>
					<wp:comment_status><![CDATA[open]]></wp:comment_status>
					<wp:post_name><![CDATA[old-about-me-image-3]]></wp:post_name>
					<wp:status><![CDATA[inherit]]></wp:status>
					<wp:post_parent>0</wp:post_parent>
					<wp:menu_order>0</wp:menu_order>
					<wp:post_type><![CDATA[attachment]]></wp:post_type>
											<wp:attachment_url><![CDATA[https://dummy.xtemos.com/woodmart2/gutenberg/wp-content/uploads/sites/24/2024/08/old-about-me-image-3.jpg]]></wp:attachment_url>
																					<wp:postmeta>
							<wp:meta_key><![CDATA[_wp_attached_file]]></wp:meta_key>
							<wp:meta_value><![CDATA[2024/08/old-about-me-image-3.jpg]]></wp:meta_value>
						</wp:postmeta>
										</item>
								<item>
					<title><![CDATA[old-about-me-image-4]]></title>
					<link>https://dummy.xtemos.com/woodmart2/gutenberg/old-about-me-image-4/</link>
					<pubDate>Mon, 05 Aug 2024 08:24:46 +0000</pubDate>
					<dc:creator><![CDATA[maksimkliakhin]]></dc:creator>
					<guid isPermaLink="false">https://dummy.xtemos.com/woodmart2/gutenberg/wp-content/uploads/sites/24/2024/08/old-about-me-image-4.jpg</guid>
															<wp:post_id>27562</wp:post_id>
					<wp:post_date><![CDATA[2024-08-05 08:24:46]]></wp:post_date>
					<wp:post_date_gmt><![CDATA[2024-08-05 08:24:46]]></wp:post_date_gmt>
					<wp:post_modified><![CDATA[2024-08-05 08:24:46]]></wp:post_modified>
					<wp:post_modified_gmt><![CDATA[2024-08-05 08:24:46]]></wp:post_modified_gmt>
					<wp:comment_status><![CDATA[open]]></wp:comment_status>
					<wp:post_name><![CDATA[old-about-me-image-4]]></wp:post_name>
					<wp:status><![CDATA[inherit]]></wp:status>
					<wp:post_parent>0</wp:post_parent>
					<wp:menu_order>0</wp:menu_order>
					<wp:post_type><![CDATA[attachment]]></wp:post_type>
											<wp:attachment_url><![CDATA[https://dummy.xtemos.com/woodmart2/gutenberg/wp-content/uploads/sites/24/2024/08/old-about-me-image-4.jpg]]></wp:attachment_url>
																					<wp:postmeta>
							<wp:meta_key><![CDATA[_wp_attached_file]]></wp:meta_key>
							<wp:meta_value><![CDATA[2024/08/old-about-me-image-4.jpg]]></wp:meta_value>
						</wp:postmeta>
										</item>
								<item>
					<title><![CDATA[old-about-me]]></title>
					<link>https://dummy.xtemos.com/woodmart2/gutenberg/old-about-me/</link>
					<pubDate>Mon, 05 Aug 2024 08:24:47 +0000</pubDate>
					<dc:creator><![CDATA[maksimkliakhin]]></dc:creator>
					<guid isPermaLink="false">https://dummy.xtemos.com/woodmart2/gutenberg/wp-content/uploads/sites/24/2024/08/old-about-me.jpg</guid>
															<wp:post_id>27563</wp:post_id>
					<wp:post_date><![CDATA[2024-08-05 08:24:47]]></wp:post_date>
					<wp:post_date_gmt><![CDATA[2024-08-05 08:24:47]]></wp:post_date_gmt>
					<wp:post_modified><![CDATA[2024-08-05 08:24:47]]></wp:post_modified>
					<wp:post_modified_gmt><![CDATA[2024-08-05 08:24:47]]></wp:post_modified_gmt>
					<wp:comment_status><![CDATA[open]]></wp:comment_status>
					<wp:post_name><![CDATA[old-about-me]]></wp:post_name>
					<wp:status><![CDATA[inherit]]></wp:status>
					<wp:post_parent>0</wp:post_parent>
					<wp:menu_order>0</wp:menu_order>
					<wp:post_type><![CDATA[attachment]]></wp:post_type>
											<wp:attachment_url><![CDATA[https://dummy.xtemos.com/woodmart2/gutenberg/wp-content/uploads/sites/24/2024/08/old-about-me.jpg]]></wp:attachment_url>
																					<wp:postmeta>
							<wp:meta_key><![CDATA[_wp_attached_file]]></wp:meta_key>
							<wp:meta_value><![CDATA[2024/08/old-about-me.jpg]]></wp:meta_value>
						</wp:postmeta>
										</item>
								<item>
					<title><![CDATA[watches-austen-opt]]></title>
					<link>https://dummy.xtemos.com/woodmart2/gutenberg/watches-austen-opt-2/</link>
					<pubDate>Mon, 05 Aug 2024 08:24:49 +0000</pubDate>
					<dc:creator><![CDATA[maksimkliakhin]]></dc:creator>
					<guid isPermaLink="false">https://dummy.xtemos.com/woodmart2/gutenberg/wp-content/uploads/sites/24/2024/08/watches-austen-opt.jpg</guid>
															<wp:post_id>27564</wp:post_id>
					<wp:post_date><![CDATA[2024-08-05 08:24:49]]></wp:post_date>
					<wp:post_date_gmt><![CDATA[2024-08-05 08:24:49]]></wp:post_date_gmt>
					<wp:post_modified><![CDATA[2024-08-05 08:24:49]]></wp:post_modified>
					<wp:post_modified_gmt><![CDATA[2024-08-05 08:24:49]]></wp:post_modified_gmt>
					<wp:comment_status><![CDATA[open]]></wp:comment_status>
					<wp:post_name><![CDATA[watches-austen-opt-2]]></wp:post_name>
					<wp:status><![CDATA[inherit]]></wp:status>
					<wp:post_parent>0</wp:post_parent>
					<wp:menu_order>0</wp:menu_order>
					<wp:post_type><![CDATA[attachment]]></wp:post_type>
											<wp:attachment_url><![CDATA[https://dummy.xtemos.com/woodmart2/gutenberg/wp-content/uploads/sites/24/2024/08/watches-austen-opt.jpg]]></wp:attachment_url>
																					<wp:postmeta>
							<wp:meta_key><![CDATA[_wp_attached_file]]></wp:meta_key>
							<wp:meta_value><![CDATA[2024/08/watches-austen-opt.jpg]]></wp:meta_value>
						</wp:postmeta>
										</item>
				</channel>
</rss>
	