<?xml version="1.0" encoding="UTF-8" ?>
	<!-- This is a WordPress eXtended RSS file generated by WordPress as an export of your site. -->
	<!-- It contains information about your site's posts, pages, comments, categories, and other content. -->
	<!-- You may use this file to transfer that content from one site to another. -->
	<!-- This file is not intended to serve as a complete backup of your site. -->

	<!-- To import this information into a WordPress site follow these steps: -->
	<!-- 1. Log in to that site as an administrator. -->
	<!-- 2. Go to Tools: Import in the WordPress admin panel. -->
	<!-- 3. Install the "WordPress" importer from the list. -->
	<!-- 4. Activate & Run Importer. -->
	<!-- 5. Upload this file using the form provided on that page. -->
	<!-- 6. You will first be asked to map the authors in this export file to users -->
	<!--    on the site. For each author, you may choose to map to an -->
	<!--    existing user on the site or to create a new user. -->
	<!-- 7. WordPress will then import each of the posts, pages, comments, categories, etc. -->
	<!--    contained in this file into your site. -->

	<!-- generator="WordPress/6.5.5" created="2024-10-29 10:23" -->
<rss version="2.0"
	xmlns:excerpt="http://wordpress.org/export/1.2/excerpt/"
	xmlns:content="http://purl.org/rss/1.0/modules/content/"
	xmlns:wfw="http://wellformedweb.org/CommentAPI/"
	xmlns:dc="http://purl.org/dc/elements/1.1/"
	xmlns:wp="http://wordpress.org/export/1.2/"
>

<channel>
	<title>Gutenberg base</title>
	<link>https://dummy.xtemos.com/woodmart2/gutenberg</link>
	<description></description>
	<pubDate>Tue, 29 Oct 2024 10:23:30 +0000</pubDate>
	<language>en-US</language>
	<wp:wxr_version>1.2</wp:wxr_version>
	<wp:base_site_url>https://dummy.xtemos.com/woodmart2/</wp:base_site_url>
	<wp:base_blog_url>https://dummy.xtemos.com/woodmart2/gutenberg</wp:base_blog_url>

		<wp:author><wp:author_id>2</wp:author_id><wp:author_login><![CDATA[zakhar]]></wp:author_login><wp:author_email><![CDATA[zak@asda.as]]></wp:author_email><wp:author_display_name><![CDATA[Mr. Mackay]]></wp:author_display_name><wp:author_first_name><![CDATA[sds]]></wp:author_first_name><wp:author_last_name><![CDATA[scssc]]></wp:author_last_name></wp:author>

					<wp:term>
			<wp:term_id>0</wp:term_id>
			<wp:term_taxonomy><![CDATA[]]></wp:term_taxonomy>
			<wp:term_slug><![CDATA[]]></wp:term_slug>
			<wp:term_parent><![CDATA[]]></wp:term_parent>
					</wp:term>
		
	<generator>https://wordpress.org/?v=6.5.5</generator>

					<item>
					<title><![CDATA[classic-wooden-chair-4]]></title>
					<link>https://dummy.xtemos.com/woodmart2/gutenberg/classic-wooden-chair-4/</link>
					<pubDate>Mon, 19 Jul 2021 11:04:51 +0000</pubDate>
					<dc:creator><![CDATA[zakhar]]></dc:creator>
					<guid isPermaLink="false">http://dummy.xtemos.com/woodmart2/gutenberg/wp-content/uploads/sites/24/2021/07/classic-wooden-chair-4.jpg</guid>
															<wp:post_id>847</wp:post_id>
					<wp:post_date><![CDATA[2021-07-19 11:04:51]]></wp:post_date>
					<wp:post_date_gmt><![CDATA[2021-07-19 11:04:51]]></wp:post_date_gmt>
					<wp:post_modified><![CDATA[2024-04-16 13:18:51]]></wp:post_modified>
					<wp:post_modified_gmt><![CDATA[2024-04-16 13:18:51]]></wp:post_modified_gmt>
					<wp:comment_status><![CDATA[open]]></wp:comment_status>
					<wp:post_name><![CDATA[classic-wooden-chair-4]]></wp:post_name>
					<wp:status><![CDATA[inherit]]></wp:status>
					<wp:post_parent>0</wp:post_parent>
					<wp:menu_order>0</wp:menu_order>
					<wp:post_type><![CDATA[attachment]]></wp:post_type>
											<wp:attachment_url><![CDATA[https://dummy.xtemos.com/woodmart2/gutenberg/wp-content/uploads/sites/24/2021/07/classic-wooden-chair-4.jpg]]></wp:attachment_url>
																					<wp:postmeta>
							<wp:meta_key><![CDATA[_wp_attached_file]]></wp:meta_key>
							<wp:meta_value><![CDATA[2021/07/classic-wooden-chair-4.jpg]]></wp:meta_value>
						</wp:postmeta>
										</item>
								<item>
					<title><![CDATA[classic-wooden-chair-1]]></title>
					<link>https://dummy.xtemos.com/woodmart2/gutenberg/classic-wooden-chair-1/</link>
					<pubDate>Mon, 19 Jul 2021 11:04:53 +0000</pubDate>
					<dc:creator><![CDATA[zakhar]]></dc:creator>
					<guid isPermaLink="false">http://dummy.xtemos.com/woodmart2/gutenberg/wp-content/uploads/sites/24/2021/07/classic-wooden-chair-1.jpg</guid>
															<wp:post_id>848</wp:post_id>
					<wp:post_date><![CDATA[2021-07-19 11:04:53]]></wp:post_date>
					<wp:post_date_gmt><![CDATA[2021-07-19 11:04:53]]></wp:post_date_gmt>
					<wp:post_modified><![CDATA[2024-04-16 13:18:51]]></wp:post_modified>
					<wp:post_modified_gmt><![CDATA[2024-04-16 13:18:51]]></wp:post_modified_gmt>
					<wp:comment_status><![CDATA[open]]></wp:comment_status>
					<wp:post_name><![CDATA[classic-wooden-chair-1]]></wp:post_name>
					<wp:status><![CDATA[inherit]]></wp:status>
					<wp:post_parent>0</wp:post_parent>
					<wp:menu_order>0</wp:menu_order>
					<wp:post_type><![CDATA[attachment]]></wp:post_type>
											<wp:attachment_url><![CDATA[https://dummy.xtemos.com/woodmart2/gutenberg/wp-content/uploads/sites/24/2021/07/classic-wooden-chair-1.jpg]]></wp:attachment_url>
																					<wp:postmeta>
							<wp:meta_key><![CDATA[_wp_attached_file]]></wp:meta_key>
							<wp:meta_value><![CDATA[2021/07/classic-wooden-chair-1.jpg]]></wp:meta_value>
						</wp:postmeta>
										</item>
								<item>
					<title><![CDATA[classic-wooden-chair-2]]></title>
					<link>https://dummy.xtemos.com/woodmart2/gutenberg/classic-wooden-chair-2/</link>
					<pubDate>Mon, 19 Jul 2021 11:04:56 +0000</pubDate>
					<dc:creator><![CDATA[zakhar]]></dc:creator>
					<guid isPermaLink="false">http://dummy.xtemos.com/woodmart2/gutenberg/wp-content/uploads/sites/24/2021/07/classic-wooden-chair-2.jpg</guid>
															<wp:post_id>849</wp:post_id>
					<wp:post_date><![CDATA[2021-07-19 11:04:56]]></wp:post_date>
					<wp:post_date_gmt><![CDATA[2021-07-19 11:04:56]]></wp:post_date_gmt>
					<wp:post_modified><![CDATA[2024-04-16 13:18:51]]></wp:post_modified>
					<wp:post_modified_gmt><![CDATA[2024-04-16 13:18:51]]></wp:post_modified_gmt>
					<wp:comment_status><![CDATA[open]]></wp:comment_status>
					<wp:post_name><![CDATA[classic-wooden-chair-2]]></wp:post_name>
					<wp:status><![CDATA[inherit]]></wp:status>
					<wp:post_parent>0</wp:post_parent>
					<wp:menu_order>0</wp:menu_order>
					<wp:post_type><![CDATA[attachment]]></wp:post_type>
											<wp:attachment_url><![CDATA[https://dummy.xtemos.com/woodmart2/gutenberg/wp-content/uploads/sites/24/2021/07/classic-wooden-chair-2.jpg]]></wp:attachment_url>
																					<wp:postmeta>
							<wp:meta_key><![CDATA[_wp_attached_file]]></wp:meta_key>
							<wp:meta_value><![CDATA[2021/07/classic-wooden-chair-2.jpg]]></wp:meta_value>
						</wp:postmeta>
										</item>
								<item>
					<title><![CDATA[classic-wooden-chair-3]]></title>
					<link>https://dummy.xtemos.com/woodmart2/gutenberg/classic-wooden-chair-3/</link>
					<pubDate>Mon, 19 Jul 2021 11:05:00 +0000</pubDate>
					<dc:creator><![CDATA[zakhar]]></dc:creator>
					<guid isPermaLink="false">http://dummy.xtemos.com/woodmart2/gutenberg/wp-content/uploads/sites/24/2021/07/classic-wooden-chair-3.jpg</guid>
															<wp:post_id>850</wp:post_id>
					<wp:post_date><![CDATA[2021-07-19 11:05:00]]></wp:post_date>
					<wp:post_date_gmt><![CDATA[2021-07-19 11:05:00]]></wp:post_date_gmt>
					<wp:post_modified><![CDATA[2024-04-16 13:18:51]]></wp:post_modified>
					<wp:post_modified_gmt><![CDATA[2024-04-16 13:18:51]]></wp:post_modified_gmt>
					<wp:comment_status><![CDATA[open]]></wp:comment_status>
					<wp:post_name><![CDATA[classic-wooden-chair-3]]></wp:post_name>
					<wp:status><![CDATA[inherit]]></wp:status>
					<wp:post_parent>0</wp:post_parent>
					<wp:menu_order>0</wp:menu_order>
					<wp:post_type><![CDATA[attachment]]></wp:post_type>
											<wp:attachment_url><![CDATA[https://dummy.xtemos.com/woodmart2/gutenberg/wp-content/uploads/sites/24/2021/07/classic-wooden-chair-3.jpg]]></wp:attachment_url>
																					<wp:postmeta>
							<wp:meta_key><![CDATA[_wp_attached_file]]></wp:meta_key>
							<wp:meta_value><![CDATA[2021/07/classic-wooden-chair-3.jpg]]></wp:meta_value>
						</wp:postmeta>
										</item>
								<item>
					<title><![CDATA[lounge-chair-01]]></title>
					<link>https://dummy.xtemos.com/woodmart2/gutenberg/lounge-chair-01-2/</link>
					<pubDate>Mon, 19 Jul 2021 11:31:06 +0000</pubDate>
					<dc:creator><![CDATA[zakhar]]></dc:creator>
					<guid isPermaLink="false">http://dummy.xtemos.com/woodmart2/gutenberg/wp-content/uploads/sites/24/2017/06/lounge-chair-01-1.jpg</guid>
															<wp:post_id>908</wp:post_id>
					<wp:post_date><![CDATA[2021-07-19 11:31:06]]></wp:post_date>
					<wp:post_date_gmt><![CDATA[2021-07-19 11:31:06]]></wp:post_date_gmt>
					<wp:post_modified><![CDATA[2024-04-16 13:18:51]]></wp:post_modified>
					<wp:post_modified_gmt><![CDATA[2024-04-16 13:18:51]]></wp:post_modified_gmt>
					<wp:comment_status><![CDATA[open]]></wp:comment_status>
					<wp:post_name><![CDATA[lounge-chair-01-2]]></wp:post_name>
					<wp:status><![CDATA[inherit]]></wp:status>
					<wp:post_parent>0</wp:post_parent>
					<wp:menu_order>0</wp:menu_order>
					<wp:post_type><![CDATA[attachment]]></wp:post_type>
											<wp:attachment_url><![CDATA[https://dummy.xtemos.com/woodmart2/gutenberg/wp-content/uploads/sites/24/2017/06/lounge-chair-01-1.jpg]]></wp:attachment_url>
																					<wp:postmeta>
							<wp:meta_key><![CDATA[_wp_attached_file]]></wp:meta_key>
							<wp:meta_value><![CDATA[2017/06/lounge-chair-01-1.jpg]]></wp:meta_value>
						</wp:postmeta>
										</item>
								<item>
					<title><![CDATA[lounge-chair-gallery-2]]></title>
					<link>https://dummy.xtemos.com/woodmart2/gutenberg/lounge-chair-gallery-2/</link>
					<pubDate>Mon, 19 Jul 2021 11:31:37 +0000</pubDate>
					<dc:creator><![CDATA[zakhar]]></dc:creator>
					<guid isPermaLink="false">http://dummy.xtemos.com/woodmart2/gutenberg/wp-content/uploads/sites/24/2017/06/lounge-chair-gallery-2.jpg</guid>
															<wp:post_id>918</wp:post_id>
					<wp:post_date><![CDATA[2021-07-19 11:31:37]]></wp:post_date>
					<wp:post_date_gmt><![CDATA[2021-07-19 11:31:37]]></wp:post_date_gmt>
					<wp:post_modified><![CDATA[2024-04-16 13:18:51]]></wp:post_modified>
					<wp:post_modified_gmt><![CDATA[2024-04-16 13:18:51]]></wp:post_modified_gmt>
					<wp:comment_status><![CDATA[open]]></wp:comment_status>
					<wp:post_name><![CDATA[lounge-chair-gallery-2]]></wp:post_name>
					<wp:status><![CDATA[inherit]]></wp:status>
					<wp:post_parent>0</wp:post_parent>
					<wp:menu_order>0</wp:menu_order>
					<wp:post_type><![CDATA[attachment]]></wp:post_type>
											<wp:attachment_url><![CDATA[https://dummy.xtemos.com/woodmart2/gutenberg/wp-content/uploads/sites/24/2017/06/lounge-chair-gallery-2.jpg]]></wp:attachment_url>
																					<wp:postmeta>
							<wp:meta_key><![CDATA[_wp_attached_file]]></wp:meta_key>
							<wp:meta_value><![CDATA[2017/06/lounge-chair-gallery-2.jpg]]></wp:meta_value>
						</wp:postmeta>
										</item>
								<item>
					<title><![CDATA[lounge-chair-gallery-3]]></title>
					<link>https://dummy.xtemos.com/woodmart2/gutenberg/lounge-chair-gallery-3/</link>
					<pubDate>Mon, 19 Jul 2021 11:31:39 +0000</pubDate>
					<dc:creator><![CDATA[zakhar]]></dc:creator>
					<guid isPermaLink="false">http://dummy.xtemos.com/woodmart2/gutenberg/wp-content/uploads/sites/24/2017/06/lounge-chair-gallery-3.jpg</guid>
															<wp:post_id>919</wp:post_id>
					<wp:post_date><![CDATA[2021-07-19 11:31:39]]></wp:post_date>
					<wp:post_date_gmt><![CDATA[2021-07-19 11:31:39]]></wp:post_date_gmt>
					<wp:post_modified><![CDATA[2024-04-16 13:18:51]]></wp:post_modified>
					<wp:post_modified_gmt><![CDATA[2024-04-16 13:18:51]]></wp:post_modified_gmt>
					<wp:comment_status><![CDATA[open]]></wp:comment_status>
					<wp:post_name><![CDATA[lounge-chair-gallery-3]]></wp:post_name>
					<wp:status><![CDATA[inherit]]></wp:status>
					<wp:post_parent>0</wp:post_parent>
					<wp:menu_order>0</wp:menu_order>
					<wp:post_type><![CDATA[attachment]]></wp:post_type>
											<wp:attachment_url><![CDATA[https://dummy.xtemos.com/woodmart2/gutenberg/wp-content/uploads/sites/24/2017/06/lounge-chair-gallery-3.jpg]]></wp:attachment_url>
																					<wp:postmeta>
							<wp:meta_key><![CDATA[_wp_attached_file]]></wp:meta_key>
							<wp:meta_value><![CDATA[2017/06/lounge-chair-gallery-3.jpg]]></wp:meta_value>
						</wp:postmeta>
										</item>
								<item>
					<title><![CDATA[lounge-chair-gallery-4]]></title>
					<link>https://dummy.xtemos.com/woodmart2/gutenberg/lounge-chair-gallery-4/</link>
					<pubDate>Mon, 19 Jul 2021 11:31:41 +0000</pubDate>
					<dc:creator><![CDATA[zakhar]]></dc:creator>
					<guid isPermaLink="false">http://dummy.xtemos.com/woodmart2/gutenberg/wp-content/uploads/sites/24/2017/06/lounge-chair-gallery-4.jpg</guid>
															<wp:post_id>920</wp:post_id>
					<wp:post_date><![CDATA[2021-07-19 11:31:41]]></wp:post_date>
					<wp:post_date_gmt><![CDATA[2021-07-19 11:31:41]]></wp:post_date_gmt>
					<wp:post_modified><![CDATA[2024-04-16 13:18:51]]></wp:post_modified>
					<wp:post_modified_gmt><![CDATA[2024-04-16 13:18:51]]></wp:post_modified_gmt>
					<wp:comment_status><![CDATA[open]]></wp:comment_status>
					<wp:post_name><![CDATA[lounge-chair-gallery-4]]></wp:post_name>
					<wp:status><![CDATA[inherit]]></wp:status>
					<wp:post_parent>0</wp:post_parent>
					<wp:menu_order>0</wp:menu_order>
					<wp:post_type><![CDATA[attachment]]></wp:post_type>
											<wp:attachment_url><![CDATA[https://dummy.xtemos.com/woodmart2/gutenberg/wp-content/uploads/sites/24/2017/06/lounge-chair-gallery-4.jpg]]></wp:attachment_url>
																					<wp:postmeta>
							<wp:meta_key><![CDATA[_wp_attached_file]]></wp:meta_key>
							<wp:meta_value><![CDATA[2017/06/lounge-chair-gallery-4.jpg]]></wp:meta_value>
						</wp:postmeta>
										</item>
								<item>
					<title><![CDATA[lounge-chair-materials-1]]></title>
					<link>https://dummy.xtemos.com/woodmart2/gutenberg/lounge-chair-materials-1/</link>
					<pubDate>Mon, 19 Jul 2021 11:32:00 +0000</pubDate>
					<dc:creator><![CDATA[zakhar]]></dc:creator>
					<guid isPermaLink="false">http://dummy.xtemos.com/woodmart2/gutenberg/wp-content/uploads/sites/24/2017/06/lounge-chair-materials-1.jpg</guid>
															<wp:post_id>921</wp:post_id>
					<wp:post_date><![CDATA[2021-07-19 11:32:00]]></wp:post_date>
					<wp:post_date_gmt><![CDATA[2021-07-19 11:32:00]]></wp:post_date_gmt>
					<wp:post_modified><![CDATA[2024-04-16 13:18:51]]></wp:post_modified>
					<wp:post_modified_gmt><![CDATA[2024-04-16 13:18:51]]></wp:post_modified_gmt>
					<wp:comment_status><![CDATA[open]]></wp:comment_status>
					<wp:post_name><![CDATA[lounge-chair-materials-1]]></wp:post_name>
					<wp:status><![CDATA[inherit]]></wp:status>
					<wp:post_parent>0</wp:post_parent>
					<wp:menu_order>0</wp:menu_order>
					<wp:post_type><![CDATA[attachment]]></wp:post_type>
											<wp:attachment_url><![CDATA[https://dummy.xtemos.com/woodmart2/gutenberg/wp-content/uploads/sites/24/2017/06/lounge-chair-materials-1.jpg]]></wp:attachment_url>
																					<wp:postmeta>
							<wp:meta_key><![CDATA[_wp_attached_file]]></wp:meta_key>
							<wp:meta_value><![CDATA[2017/06/lounge-chair-materials-1.jpg]]></wp:meta_value>
						</wp:postmeta>
										</item>
								<item>
					<title><![CDATA[lounge-chair-materials-2]]></title>
					<link>https://dummy.xtemos.com/woodmart2/gutenberg/lounge-chair-materials-2/</link>
					<pubDate>Mon, 19 Jul 2021 11:32:01 +0000</pubDate>
					<dc:creator><![CDATA[zakhar]]></dc:creator>
					<guid isPermaLink="false">http://dummy.xtemos.com/woodmart2/gutenberg/wp-content/uploads/sites/24/2017/06/lounge-chair-materials-2.jpg</guid>
															<wp:post_id>922</wp:post_id>
					<wp:post_date><![CDATA[2021-07-19 11:32:01]]></wp:post_date>
					<wp:post_date_gmt><![CDATA[2021-07-19 11:32:01]]></wp:post_date_gmt>
					<wp:post_modified><![CDATA[2024-04-16 13:18:51]]></wp:post_modified>
					<wp:post_modified_gmt><![CDATA[2024-04-16 13:18:51]]></wp:post_modified_gmt>
					<wp:comment_status><![CDATA[open]]></wp:comment_status>
					<wp:post_name><![CDATA[lounge-chair-materials-2]]></wp:post_name>
					<wp:status><![CDATA[inherit]]></wp:status>
					<wp:post_parent>0</wp:post_parent>
					<wp:menu_order>0</wp:menu_order>
					<wp:post_type><![CDATA[attachment]]></wp:post_type>
											<wp:attachment_url><![CDATA[https://dummy.xtemos.com/woodmart2/gutenberg/wp-content/uploads/sites/24/2017/06/lounge-chair-materials-2.jpg]]></wp:attachment_url>
																					<wp:postmeta>
							<wp:meta_key><![CDATA[_wp_attached_file]]></wp:meta_key>
							<wp:meta_value><![CDATA[2017/06/lounge-chair-materials-2.jpg]]></wp:meta_value>
						</wp:postmeta>
										</item>
								<item>
					<title><![CDATA[lounge-chair-materials-3]]></title>
					<link>https://dummy.xtemos.com/woodmart2/gutenberg/lounge-chair-materials-3/</link>
					<pubDate>Mon, 19 Jul 2021 11:32:01 +0000</pubDate>
					<dc:creator><![CDATA[zakhar]]></dc:creator>
					<guid isPermaLink="false">http://dummy.xtemos.com/woodmart2/gutenberg/wp-content/uploads/sites/24/2017/06/lounge-chair-materials-3.jpg</guid>
															<wp:post_id>923</wp:post_id>
					<wp:post_date><![CDATA[2021-07-19 11:32:01]]></wp:post_date>
					<wp:post_date_gmt><![CDATA[2021-07-19 11:32:01]]></wp:post_date_gmt>
					<wp:post_modified><![CDATA[2024-04-16 13:18:51]]></wp:post_modified>
					<wp:post_modified_gmt><![CDATA[2024-04-16 13:18:51]]></wp:post_modified_gmt>
					<wp:comment_status><![CDATA[open]]></wp:comment_status>
					<wp:post_name><![CDATA[lounge-chair-materials-3]]></wp:post_name>
					<wp:status><![CDATA[inherit]]></wp:status>
					<wp:post_parent>0</wp:post_parent>
					<wp:menu_order>0</wp:menu_order>
					<wp:post_type><![CDATA[attachment]]></wp:post_type>
											<wp:attachment_url><![CDATA[https://dummy.xtemos.com/woodmart2/gutenberg/wp-content/uploads/sites/24/2017/06/lounge-chair-materials-3.jpg]]></wp:attachment_url>
																					<wp:postmeta>
							<wp:meta_key><![CDATA[_wp_attached_file]]></wp:meta_key>
							<wp:meta_value><![CDATA[2017/06/lounge-chair-materials-3.jpg]]></wp:meta_value>
						</wp:postmeta>
										</item>
								<item>
					<title><![CDATA[lounge-chair-materials-4]]></title>
					<link>https://dummy.xtemos.com/woodmart2/gutenberg/lounge-chair-materials-4/</link>
					<pubDate>Mon, 19 Jul 2021 11:32:02 +0000</pubDate>
					<dc:creator><![CDATA[zakhar]]></dc:creator>
					<guid isPermaLink="false">http://dummy.xtemos.com/woodmart2/gutenberg/wp-content/uploads/sites/24/2017/06/lounge-chair-materials-4.jpg</guid>
															<wp:post_id>924</wp:post_id>
					<wp:post_date><![CDATA[2021-07-19 11:32:02]]></wp:post_date>
					<wp:post_date_gmt><![CDATA[2021-07-19 11:32:02]]></wp:post_date_gmt>
					<wp:post_modified><![CDATA[2024-04-16 13:18:51]]></wp:post_modified>
					<wp:post_modified_gmt><![CDATA[2024-04-16 13:18:51]]></wp:post_modified_gmt>
					<wp:comment_status><![CDATA[open]]></wp:comment_status>
					<wp:post_name><![CDATA[lounge-chair-materials-4]]></wp:post_name>
					<wp:status><![CDATA[inherit]]></wp:status>
					<wp:post_parent>0</wp:post_parent>
					<wp:menu_order>0</wp:menu_order>
					<wp:post_type><![CDATA[attachment]]></wp:post_type>
											<wp:attachment_url><![CDATA[https://dummy.xtemos.com/woodmart2/gutenberg/wp-content/uploads/sites/24/2017/06/lounge-chair-materials-4.jpg]]></wp:attachment_url>
																					<wp:postmeta>
							<wp:meta_key><![CDATA[_wp_attached_file]]></wp:meta_key>
							<wp:meta_value><![CDATA[2017/06/lounge-chair-materials-4.jpg]]></wp:meta_value>
						</wp:postmeta>
										</item>
								<item>
					<title><![CDATA[lounge-chair-textiles-1]]></title>
					<link>https://dummy.xtemos.com/woodmart2/gutenberg/lounge-chair-textiles-1/</link>
					<pubDate>Mon, 19 Jul 2021 11:32:19 +0000</pubDate>
					<dc:creator><![CDATA[zakhar]]></dc:creator>
					<guid isPermaLink="false">http://dummy.xtemos.com/woodmart2/gutenberg/wp-content/uploads/sites/24/2017/06/lounge-chair-textiles-1.jpg</guid>
															<wp:post_id>925</wp:post_id>
					<wp:post_date><![CDATA[2021-07-19 11:32:19]]></wp:post_date>
					<wp:post_date_gmt><![CDATA[2021-07-19 11:32:19]]></wp:post_date_gmt>
					<wp:post_modified><![CDATA[2024-04-16 13:18:51]]></wp:post_modified>
					<wp:post_modified_gmt><![CDATA[2024-04-16 13:18:51]]></wp:post_modified_gmt>
					<wp:comment_status><![CDATA[open]]></wp:comment_status>
					<wp:post_name><![CDATA[lounge-chair-textiles-1]]></wp:post_name>
					<wp:status><![CDATA[inherit]]></wp:status>
					<wp:post_parent>0</wp:post_parent>
					<wp:menu_order>0</wp:menu_order>
					<wp:post_type><![CDATA[attachment]]></wp:post_type>
											<wp:attachment_url><![CDATA[https://dummy.xtemos.com/woodmart2/gutenberg/wp-content/uploads/sites/24/2017/06/lounge-chair-textiles-1.jpg]]></wp:attachment_url>
																					<wp:postmeta>
							<wp:meta_key><![CDATA[_wp_attached_file]]></wp:meta_key>
							<wp:meta_value><![CDATA[2017/06/lounge-chair-textiles-1.jpg]]></wp:meta_value>
						</wp:postmeta>
										</item>
								<item>
					<title><![CDATA[lounge-chair-textiles-2]]></title>
					<link>https://dummy.xtemos.com/woodmart2/gutenberg/lounge-chair-textiles-2/</link>
					<pubDate>Mon, 19 Jul 2021 11:32:20 +0000</pubDate>
					<dc:creator><![CDATA[zakhar]]></dc:creator>
					<guid isPermaLink="false">http://dummy.xtemos.com/woodmart2/gutenberg/wp-content/uploads/sites/24/2017/06/lounge-chair-textiles-2.jpg</guid>
															<wp:post_id>926</wp:post_id>
					<wp:post_date><![CDATA[2021-07-19 11:32:20]]></wp:post_date>
					<wp:post_date_gmt><![CDATA[2021-07-19 11:32:20]]></wp:post_date_gmt>
					<wp:post_modified><![CDATA[2024-04-16 13:18:51]]></wp:post_modified>
					<wp:post_modified_gmt><![CDATA[2024-04-16 13:18:51]]></wp:post_modified_gmt>
					<wp:comment_status><![CDATA[open]]></wp:comment_status>
					<wp:post_name><![CDATA[lounge-chair-textiles-2]]></wp:post_name>
					<wp:status><![CDATA[inherit]]></wp:status>
					<wp:post_parent>0</wp:post_parent>
					<wp:menu_order>0</wp:menu_order>
					<wp:post_type><![CDATA[attachment]]></wp:post_type>
											<wp:attachment_url><![CDATA[https://dummy.xtemos.com/woodmart2/gutenberg/wp-content/uploads/sites/24/2017/06/lounge-chair-textiles-2.jpg]]></wp:attachment_url>
																					<wp:postmeta>
							<wp:meta_key><![CDATA[_wp_attached_file]]></wp:meta_key>
							<wp:meta_value><![CDATA[2017/06/lounge-chair-textiles-2.jpg]]></wp:meta_value>
						</wp:postmeta>
										</item>
								<item>
					<title><![CDATA[lounge-chair-textiles-4]]></title>
					<link>https://dummy.xtemos.com/woodmart2/gutenberg/lounge-chair-textiles-4/</link>
					<pubDate>Mon, 19 Jul 2021 11:32:21 +0000</pubDate>
					<dc:creator><![CDATA[zakhar]]></dc:creator>
					<guid isPermaLink="false">http://dummy.xtemos.com/woodmart2/gutenberg/wp-content/uploads/sites/24/2017/06/lounge-chair-textiles-4.jpg</guid>
															<wp:post_id>928</wp:post_id>
					<wp:post_date><![CDATA[2021-07-19 11:32:21]]></wp:post_date>
					<wp:post_date_gmt><![CDATA[2021-07-19 11:32:21]]></wp:post_date_gmt>
					<wp:post_modified><![CDATA[2024-04-16 13:18:51]]></wp:post_modified>
					<wp:post_modified_gmt><![CDATA[2024-04-16 13:18:51]]></wp:post_modified_gmt>
					<wp:comment_status><![CDATA[open]]></wp:comment_status>
					<wp:post_name><![CDATA[lounge-chair-textiles-4]]></wp:post_name>
					<wp:status><![CDATA[inherit]]></wp:status>
					<wp:post_parent>0</wp:post_parent>
					<wp:menu_order>0</wp:menu_order>
					<wp:post_type><![CDATA[attachment]]></wp:post_type>
											<wp:attachment_url><![CDATA[https://dummy.xtemos.com/woodmart2/gutenberg/wp-content/uploads/sites/24/2017/06/lounge-chair-textiles-4.jpg]]></wp:attachment_url>
																					<wp:postmeta>
							<wp:meta_key><![CDATA[_wp_attached_file]]></wp:meta_key>
							<wp:meta_value><![CDATA[2017/06/lounge-chair-textiles-4.jpg]]></wp:meta_value>
						</wp:postmeta>
										</item>
								<item>
					<title><![CDATA[classic-wooden-chair-img-8]]></title>
					<link>https://dummy.xtemos.com/woodmart2/gutenberg/classic-wooden-chair-img-8/</link>
					<pubDate>Wed, 13 Oct 2021 11:21:03 +0000</pubDate>
					<dc:creator><![CDATA[zakhar]]></dc:creator>
					<guid isPermaLink="false">http://dummy.xtemos.com/woodmart2/gutenberg/wp-content/uploads/sites/24/2017/06/classic-wooden-chair-img-8.jpg</guid>
															<wp:post_id>6977</wp:post_id>
					<wp:post_date><![CDATA[2021-10-13 11:21:03]]></wp:post_date>
					<wp:post_date_gmt><![CDATA[2021-10-13 11:21:03]]></wp:post_date_gmt>
					<wp:post_modified><![CDATA[2024-04-16 13:18:51]]></wp:post_modified>
					<wp:post_modified_gmt><![CDATA[2024-04-16 13:18:51]]></wp:post_modified_gmt>
					<wp:comment_status><![CDATA[open]]></wp:comment_status>
					<wp:post_name><![CDATA[classic-wooden-chair-img-8]]></wp:post_name>
					<wp:status><![CDATA[inherit]]></wp:status>
					<wp:post_parent>0</wp:post_parent>
					<wp:menu_order>0</wp:menu_order>
					<wp:post_type><![CDATA[attachment]]></wp:post_type>
											<wp:attachment_url><![CDATA[https://dummy.xtemos.com/woodmart2/gutenberg/wp-content/uploads/sites/24/2017/06/classic-wooden-chair-img-8.jpg]]></wp:attachment_url>
																					<wp:postmeta>
							<wp:meta_key><![CDATA[_wp_attached_file]]></wp:meta_key>
							<wp:meta_value><![CDATA[2017/06/classic-wooden-chair-img-8.jpg]]></wp:meta_value>
						</wp:postmeta>
										</item>
								<item>
					<title><![CDATA[classic-wooden-chair-img-9]]></title>
					<link>https://dummy.xtemos.com/woodmart2/gutenberg/classic-wooden-chair-img-9/</link>
					<pubDate>Wed, 13 Oct 2021 11:21:05 +0000</pubDate>
					<dc:creator><![CDATA[zakhar]]></dc:creator>
					<guid isPermaLink="false">http://dummy.xtemos.com/woodmart2/gutenberg/wp-content/uploads/sites/24/2017/06/classic-wooden-chair-img-9.jpg</guid>
															<wp:post_id>6978</wp:post_id>
					<wp:post_date><![CDATA[2021-10-13 11:21:05]]></wp:post_date>
					<wp:post_date_gmt><![CDATA[2021-10-13 11:21:05]]></wp:post_date_gmt>
					<wp:post_modified><![CDATA[2024-04-16 13:18:51]]></wp:post_modified>
					<wp:post_modified_gmt><![CDATA[2024-04-16 13:18:51]]></wp:post_modified_gmt>
					<wp:comment_status><![CDATA[open]]></wp:comment_status>
					<wp:post_name><![CDATA[classic-wooden-chair-img-9]]></wp:post_name>
					<wp:status><![CDATA[inherit]]></wp:status>
					<wp:post_parent>0</wp:post_parent>
					<wp:menu_order>0</wp:menu_order>
					<wp:post_type><![CDATA[attachment]]></wp:post_type>
											<wp:attachment_url><![CDATA[https://dummy.xtemos.com/woodmart2/gutenberg/wp-content/uploads/sites/24/2017/06/classic-wooden-chair-img-9.jpg]]></wp:attachment_url>
																					<wp:postmeta>
							<wp:meta_key><![CDATA[_wp_attached_file]]></wp:meta_key>
							<wp:meta_value><![CDATA[2017/06/classic-wooden-chair-img-9.jpg]]></wp:meta_value>
						</wp:postmeta>
										</item>
								<item>
					<title><![CDATA[classic-wooden-chair-img-10]]></title>
					<link>https://dummy.xtemos.com/woodmart2/gutenberg/classic-wooden-chair-img-10/</link>
					<pubDate>Wed, 13 Oct 2021 11:21:07 +0000</pubDate>
					<dc:creator><![CDATA[zakhar]]></dc:creator>
					<guid isPermaLink="false">http://dummy.xtemos.com/woodmart2/gutenberg/wp-content/uploads/sites/24/2017/06/classic-wooden-chair-img-10.jpg</guid>
															<wp:post_id>6979</wp:post_id>
					<wp:post_date><![CDATA[2021-10-13 11:21:07]]></wp:post_date>
					<wp:post_date_gmt><![CDATA[2021-10-13 11:21:07]]></wp:post_date_gmt>
					<wp:post_modified><![CDATA[2024-04-16 13:18:51]]></wp:post_modified>
					<wp:post_modified_gmt><![CDATA[2024-04-16 13:18:51]]></wp:post_modified_gmt>
					<wp:comment_status><![CDATA[open]]></wp:comment_status>
					<wp:post_name><![CDATA[classic-wooden-chair-img-10]]></wp:post_name>
					<wp:status><![CDATA[inherit]]></wp:status>
					<wp:post_parent>0</wp:post_parent>
					<wp:menu_order>0</wp:menu_order>
					<wp:post_type><![CDATA[attachment]]></wp:post_type>
											<wp:attachment_url><![CDATA[https://dummy.xtemos.com/woodmart2/gutenberg/wp-content/uploads/sites/24/2017/06/classic-wooden-chair-img-10.jpg]]></wp:attachment_url>
																					<wp:postmeta>
							<wp:meta_key><![CDATA[_wp_attached_file]]></wp:meta_key>
							<wp:meta_value><![CDATA[2017/06/classic-wooden-chair-img-10.jpg]]></wp:meta_value>
						</wp:postmeta>
										</item>
								<item>
					<title><![CDATA[classic-wooden-chair-img-11]]></title>
					<link>https://dummy.xtemos.com/woodmart2/gutenberg/classic-wooden-chair-img-11/</link>
					<pubDate>Wed, 13 Oct 2021 11:21:09 +0000</pubDate>
					<dc:creator><![CDATA[zakhar]]></dc:creator>
					<guid isPermaLink="false">http://dummy.xtemos.com/woodmart2/gutenberg/wp-content/uploads/sites/24/2017/06/classic-wooden-chair-img-11.jpg</guid>
															<wp:post_id>6980</wp:post_id>
					<wp:post_date><![CDATA[2021-10-13 11:21:09]]></wp:post_date>
					<wp:post_date_gmt><![CDATA[2021-10-13 11:21:09]]></wp:post_date_gmt>
					<wp:post_modified><![CDATA[2024-04-16 13:18:51]]></wp:post_modified>
					<wp:post_modified_gmt><![CDATA[2024-04-16 13:18:51]]></wp:post_modified_gmt>
					<wp:comment_status><![CDATA[open]]></wp:comment_status>
					<wp:post_name><![CDATA[classic-wooden-chair-img-11]]></wp:post_name>
					<wp:status><![CDATA[inherit]]></wp:status>
					<wp:post_parent>0</wp:post_parent>
					<wp:menu_order>0</wp:menu_order>
					<wp:post_type><![CDATA[attachment]]></wp:post_type>
											<wp:attachment_url><![CDATA[https://dummy.xtemos.com/woodmart2/gutenberg/wp-content/uploads/sites/24/2017/06/classic-wooden-chair-img-11.jpg]]></wp:attachment_url>
																					<wp:postmeta>
							<wp:meta_key><![CDATA[_wp_attached_file]]></wp:meta_key>
							<wp:meta_value><![CDATA[2017/06/classic-wooden-chair-img-11.jpg]]></wp:meta_value>
						</wp:postmeta>
										</item>
								<item>
					<title><![CDATA[classic-wooden-chair-img-12]]></title>
					<link>https://dummy.xtemos.com/woodmart2/gutenberg/classic-wooden-chair-img-12/</link>
					<pubDate>Wed, 13 Oct 2021 11:21:11 +0000</pubDate>
					<dc:creator><![CDATA[zakhar]]></dc:creator>
					<guid isPermaLink="false">http://dummy.xtemos.com/woodmart2/gutenberg/wp-content/uploads/sites/24/2017/06/classic-wooden-chair-img-12.jpg</guid>
															<wp:post_id>6981</wp:post_id>
					<wp:post_date><![CDATA[2021-10-13 11:21:11]]></wp:post_date>
					<wp:post_date_gmt><![CDATA[2021-10-13 11:21:11]]></wp:post_date_gmt>
					<wp:post_modified><![CDATA[2024-04-16 13:18:51]]></wp:post_modified>
					<wp:post_modified_gmt><![CDATA[2024-04-16 13:18:51]]></wp:post_modified_gmt>
					<wp:comment_status><![CDATA[open]]></wp:comment_status>
					<wp:post_name><![CDATA[classic-wooden-chair-img-12]]></wp:post_name>
					<wp:status><![CDATA[inherit]]></wp:status>
					<wp:post_parent>0</wp:post_parent>
					<wp:menu_order>0</wp:menu_order>
					<wp:post_type><![CDATA[attachment]]></wp:post_type>
											<wp:attachment_url><![CDATA[https://dummy.xtemos.com/woodmart2/gutenberg/wp-content/uploads/sites/24/2017/06/classic-wooden-chair-img-12.jpg]]></wp:attachment_url>
																					<wp:postmeta>
							<wp:meta_key><![CDATA[_wp_attached_file]]></wp:meta_key>
							<wp:meta_value><![CDATA[2017/06/classic-wooden-chair-img-12.jpg]]></wp:meta_value>
						</wp:postmeta>
										</item>
								<item>
					<title><![CDATA[cat-flower]]></title>
					<link>https://dummy.xtemos.com/woodmart2/gutenberg/cat-flower/</link>
					<pubDate>Mon, 19 Jul 2021 08:34:20 +0000</pubDate>
					<dc:creator><![CDATA[zakhar]]></dc:creator>
					<guid isPermaLink="false">http://dummy.xtemos.com/woodmart2/gutenberg/wp-content/uploads/sites/24/2021/07/cat-flower.svg</guid>
															<wp:post_id>736</wp:post_id>
					<wp:post_date><![CDATA[2021-07-19 08:34:20]]></wp:post_date>
					<wp:post_date_gmt><![CDATA[2021-07-19 08:34:20]]></wp:post_date_gmt>
					<wp:post_modified><![CDATA[2024-04-16 13:18:51]]></wp:post_modified>
					<wp:post_modified_gmt><![CDATA[2024-04-16 13:18:51]]></wp:post_modified_gmt>
					<wp:comment_status><![CDATA[open]]></wp:comment_status>
					<wp:post_name><![CDATA[cat-flower]]></wp:post_name>
					<wp:status><![CDATA[inherit]]></wp:status>
					<wp:post_parent>0</wp:post_parent>
					<wp:menu_order>0</wp:menu_order>
					<wp:post_type><![CDATA[attachment]]></wp:post_type>
											<wp:attachment_url><![CDATA[https://dummy.xtemos.com/woodmart2/gutenberg/wp-content/uploads/sites/24/2021/07/cat-flower.svg]]></wp:attachment_url>
																					<wp:postmeta>
							<wp:meta_key><![CDATA[_wp_attached_file]]></wp:meta_key>
							<wp:meta_value><![CDATA[2021/07/cat-flower.svg]]></wp:meta_value>
						</wp:postmeta>
										</item>
								<item>
					<title><![CDATA[flower]]></title>
					<link>https://dummy.xtemos.com/woodmart2/gutenberg/flower-2/</link>
					<pubDate>Mon, 19 Jul 2021 08:35:36 +0000</pubDate>
					<dc:creator><![CDATA[zakhar]]></dc:creator>
					<guid isPermaLink="false">http://dummy.xtemos.com/woodmart2/gutenberg/wp-content/uploads/sites/24/2021/07/flower.svg</guid>
															<wp:post_id>740</wp:post_id>
					<wp:post_date><![CDATA[2021-07-19 08:35:36]]></wp:post_date>
					<wp:post_date_gmt><![CDATA[2021-07-19 08:35:36]]></wp:post_date_gmt>
					<wp:post_modified><![CDATA[2024-04-16 13:18:51]]></wp:post_modified>
					<wp:post_modified_gmt><![CDATA[2024-04-16 13:18:51]]></wp:post_modified_gmt>
					<wp:comment_status><![CDATA[open]]></wp:comment_status>
					<wp:post_name><![CDATA[flower-2]]></wp:post_name>
					<wp:status><![CDATA[inherit]]></wp:status>
					<wp:post_parent>0</wp:post_parent>
					<wp:menu_order>0</wp:menu_order>
					<wp:post_type><![CDATA[attachment]]></wp:post_type>
											<wp:attachment_url><![CDATA[https://dummy.xtemos.com/woodmart2/gutenberg/wp-content/uploads/sites/24/2021/07/flower.svg]]></wp:attachment_url>
																					<wp:postmeta>
							<wp:meta_key><![CDATA[_wp_attached_file]]></wp:meta_key>
							<wp:meta_value><![CDATA[2021/07/flower.svg]]></wp:meta_value>
						</wp:postmeta>
										</item>
								<item>
					<title><![CDATA[cat-accessories]]></title>
					<link>https://dummy.xtemos.com/woodmart2/gutenberg/cat-accessories/</link>
					<pubDate>Mon, 19 Jul 2021 08:59:59 +0000</pubDate>
					<dc:creator><![CDATA[zakhar]]></dc:creator>
					<guid isPermaLink="false">http://dummy.xtemos.com/woodmart2/gutenberg/wp-content/uploads/sites/24/2021/07/cat-accessories.jpg</guid>
															<wp:post_id>751</wp:post_id>
					<wp:post_date><![CDATA[2021-07-19 08:59:59]]></wp:post_date>
					<wp:post_date_gmt><![CDATA[2021-07-19 08:59:59]]></wp:post_date_gmt>
					<wp:post_modified><![CDATA[2024-04-16 13:18:51]]></wp:post_modified>
					<wp:post_modified_gmt><![CDATA[2024-04-16 13:18:51]]></wp:post_modified_gmt>
					<wp:comment_status><![CDATA[open]]></wp:comment_status>
					<wp:post_name><![CDATA[cat-accessories]]></wp:post_name>
					<wp:status><![CDATA[inherit]]></wp:status>
					<wp:post_parent>0</wp:post_parent>
					<wp:menu_order>0</wp:menu_order>
					<wp:post_type><![CDATA[attachment]]></wp:post_type>
											<wp:attachment_url><![CDATA[https://dummy.xtemos.com/woodmart2/gutenberg/wp-content/uploads/sites/24/2021/07/cat-accessories.jpg]]></wp:attachment_url>
																					<wp:postmeta>
							<wp:meta_key><![CDATA[_wp_attached_file]]></wp:meta_key>
							<wp:meta_value><![CDATA[2021/07/cat-accessories.jpg]]></wp:meta_value>
						</wp:postmeta>
										</item>
								<item>
					<title><![CDATA[cat-clocks]]></title>
					<link>https://dummy.xtemos.com/woodmart2/gutenberg/cat-clocks/</link>
					<pubDate>Mon, 19 Jul 2021 09:00:00 +0000</pubDate>
					<dc:creator><![CDATA[zakhar]]></dc:creator>
					<guid isPermaLink="false">http://dummy.xtemos.com/woodmart2/gutenberg/wp-content/uploads/sites/24/2021/07/cat-clocks.jpg</guid>
															<wp:post_id>752</wp:post_id>
					<wp:post_date><![CDATA[2021-07-19 09:00:00]]></wp:post_date>
					<wp:post_date_gmt><![CDATA[2021-07-19 09:00:00]]></wp:post_date_gmt>
					<wp:post_modified><![CDATA[2024-04-16 13:18:51]]></wp:post_modified>
					<wp:post_modified_gmt><![CDATA[2024-04-16 13:18:51]]></wp:post_modified_gmt>
					<wp:comment_status><![CDATA[open]]></wp:comment_status>
					<wp:post_name><![CDATA[cat-clocks]]></wp:post_name>
					<wp:status><![CDATA[inherit]]></wp:status>
					<wp:post_parent>0</wp:post_parent>
					<wp:menu_order>0</wp:menu_order>
					<wp:post_type><![CDATA[attachment]]></wp:post_type>
											<wp:attachment_url><![CDATA[https://dummy.xtemos.com/woodmart2/gutenberg/wp-content/uploads/sites/24/2021/07/cat-clocks.jpg]]></wp:attachment_url>
																					<wp:postmeta>
							<wp:meta_key><![CDATA[_wp_attached_file]]></wp:meta_key>
							<wp:meta_value><![CDATA[2021/07/cat-clocks.jpg]]></wp:meta_value>
						</wp:postmeta>
										</item>
								<item>
					<title><![CDATA[lounge-chair-03]]></title>
					<link>https://dummy.xtemos.com/woodmart2/gutenberg/lounge-chair-03-2/</link>
					<pubDate>Mon, 19 Jul 2021 11:31:07 +0000</pubDate>
					<dc:creator><![CDATA[zakhar]]></dc:creator>
					<guid isPermaLink="false">http://dummy.xtemos.com/woodmart2/gutenberg/wp-content/uploads/sites/24/2017/06/lounge-chair-03-1.jpg</guid>
															<wp:post_id>909</wp:post_id>
					<wp:post_date><![CDATA[2021-07-19 11:31:07]]></wp:post_date>
					<wp:post_date_gmt><![CDATA[2021-07-19 11:31:07]]></wp:post_date_gmt>
					<wp:post_modified><![CDATA[2024-04-16 13:18:51]]></wp:post_modified>
					<wp:post_modified_gmt><![CDATA[2024-04-16 13:18:51]]></wp:post_modified_gmt>
					<wp:comment_status><![CDATA[open]]></wp:comment_status>
					<wp:post_name><![CDATA[lounge-chair-03-2]]></wp:post_name>
					<wp:status><![CDATA[inherit]]></wp:status>
					<wp:post_parent>0</wp:post_parent>
					<wp:menu_order>0</wp:menu_order>
					<wp:post_type><![CDATA[attachment]]></wp:post_type>
											<wp:attachment_url><![CDATA[https://dummy.xtemos.com/woodmart2/gutenberg/wp-content/uploads/sites/24/2017/06/lounge-chair-03-1.jpg]]></wp:attachment_url>
																					<wp:postmeta>
							<wp:meta_key><![CDATA[_wp_attached_file]]></wp:meta_key>
							<wp:meta_value><![CDATA[2017/06/lounge-chair-03-1.jpg]]></wp:meta_value>
						</wp:postmeta>
										</item>
								<item>
					<title><![CDATA[lounge-chair-05]]></title>
					<link>https://dummy.xtemos.com/woodmart2/gutenberg/lounge-chair-05-2/</link>
					<pubDate>Mon, 19 Jul 2021 11:31:08 +0000</pubDate>
					<dc:creator><![CDATA[zakhar]]></dc:creator>
					<guid isPermaLink="false">http://dummy.xtemos.com/woodmart2/gutenberg/wp-content/uploads/sites/24/2017/06/lounge-chair-05-1.jpg</guid>
															<wp:post_id>910</wp:post_id>
					<wp:post_date><![CDATA[2021-07-19 11:31:08]]></wp:post_date>
					<wp:post_date_gmt><![CDATA[2021-07-19 11:31:08]]></wp:post_date_gmt>
					<wp:post_modified><![CDATA[2024-04-16 13:18:51]]></wp:post_modified>
					<wp:post_modified_gmt><![CDATA[2024-04-16 13:18:51]]></wp:post_modified_gmt>
					<wp:comment_status><![CDATA[open]]></wp:comment_status>
					<wp:post_name><![CDATA[lounge-chair-05-2]]></wp:post_name>
					<wp:status><![CDATA[inherit]]></wp:status>
					<wp:post_parent>0</wp:post_parent>
					<wp:menu_order>0</wp:menu_order>
					<wp:post_type><![CDATA[attachment]]></wp:post_type>
											<wp:attachment_url><![CDATA[https://dummy.xtemos.com/woodmart2/gutenberg/wp-content/uploads/sites/24/2017/06/lounge-chair-05-1.jpg]]></wp:attachment_url>
																					<wp:postmeta>
							<wp:meta_key><![CDATA[_wp_attached_file]]></wp:meta_key>
							<wp:meta_value><![CDATA[2017/06/lounge-chair-05-1.jpg]]></wp:meta_value>
						</wp:postmeta>
										</item>
								<item>
					<title><![CDATA[lounge-chair-07]]></title>
					<link>https://dummy.xtemos.com/woodmart2/gutenberg/lounge-chair-07-2/</link>
					<pubDate>Mon, 19 Jul 2021 11:31:10 +0000</pubDate>
					<dc:creator><![CDATA[zakhar]]></dc:creator>
					<guid isPermaLink="false">http://dummy.xtemos.com/woodmart2/gutenberg/wp-content/uploads/sites/24/2017/06/lounge-chair-07-1.jpg</guid>
															<wp:post_id>911</wp:post_id>
					<wp:post_date><![CDATA[2021-07-19 11:31:10]]></wp:post_date>
					<wp:post_date_gmt><![CDATA[2021-07-19 11:31:10]]></wp:post_date_gmt>
					<wp:post_modified><![CDATA[2024-04-16 13:18:51]]></wp:post_modified>
					<wp:post_modified_gmt><![CDATA[2024-04-16 13:18:51]]></wp:post_modified_gmt>
					<wp:comment_status><![CDATA[open]]></wp:comment_status>
					<wp:post_name><![CDATA[lounge-chair-07-2]]></wp:post_name>
					<wp:status><![CDATA[inherit]]></wp:status>
					<wp:post_parent>0</wp:post_parent>
					<wp:menu_order>0</wp:menu_order>
					<wp:post_type><![CDATA[attachment]]></wp:post_type>
											<wp:attachment_url><![CDATA[https://dummy.xtemos.com/woodmart2/gutenberg/wp-content/uploads/sites/24/2017/06/lounge-chair-07-1.jpg]]></wp:attachment_url>
																					<wp:postmeta>
							<wp:meta_key><![CDATA[_wp_attached_file]]></wp:meta_key>
							<wp:meta_value><![CDATA[2017/06/lounge-chair-07-1.jpg]]></wp:meta_value>
						</wp:postmeta>
										</item>
								<item>
					<title><![CDATA[lounge-chair-09]]></title>
					<link>https://dummy.xtemos.com/woodmart2/gutenberg/lounge-chair-09-2/</link>
					<pubDate>Mon, 19 Jul 2021 11:31:11 +0000</pubDate>
					<dc:creator><![CDATA[zakhar]]></dc:creator>
					<guid isPermaLink="false">http://dummy.xtemos.com/woodmart2/gutenberg/wp-content/uploads/sites/24/2017/06/lounge-chair-09-1.jpg</guid>
															<wp:post_id>912</wp:post_id>
					<wp:post_date><![CDATA[2021-07-19 11:31:11]]></wp:post_date>
					<wp:post_date_gmt><![CDATA[2021-07-19 11:31:11]]></wp:post_date_gmt>
					<wp:post_modified><![CDATA[2024-04-16 13:18:51]]></wp:post_modified>
					<wp:post_modified_gmt><![CDATA[2024-04-16 13:18:51]]></wp:post_modified_gmt>
					<wp:comment_status><![CDATA[open]]></wp:comment_status>
					<wp:post_name><![CDATA[lounge-chair-09-2]]></wp:post_name>
					<wp:status><![CDATA[inherit]]></wp:status>
					<wp:post_parent>0</wp:post_parent>
					<wp:menu_order>0</wp:menu_order>
					<wp:post_type><![CDATA[attachment]]></wp:post_type>
											<wp:attachment_url><![CDATA[https://dummy.xtemos.com/woodmart2/gutenberg/wp-content/uploads/sites/24/2017/06/lounge-chair-09-1.jpg]]></wp:attachment_url>
																					<wp:postmeta>
							<wp:meta_key><![CDATA[_wp_attached_file]]></wp:meta_key>
							<wp:meta_value><![CDATA[2017/06/lounge-chair-09-1.jpg]]></wp:meta_value>
						</wp:postmeta>
										</item>
								<item>
					<title><![CDATA[lounge-chair-11]]></title>
					<link>https://dummy.xtemos.com/woodmart2/gutenberg/lounge-chair-11-2/</link>
					<pubDate>Mon, 19 Jul 2021 11:31:12 +0000</pubDate>
					<dc:creator><![CDATA[zakhar]]></dc:creator>
					<guid isPermaLink="false">http://dummy.xtemos.com/woodmart2/gutenberg/wp-content/uploads/sites/24/2017/06/lounge-chair-11-1.jpg</guid>
															<wp:post_id>913</wp:post_id>
					<wp:post_date><![CDATA[2021-07-19 11:31:12]]></wp:post_date>
					<wp:post_date_gmt><![CDATA[2021-07-19 11:31:12]]></wp:post_date_gmt>
					<wp:post_modified><![CDATA[2024-04-16 13:18:51]]></wp:post_modified>
					<wp:post_modified_gmt><![CDATA[2024-04-16 13:18:51]]></wp:post_modified_gmt>
					<wp:comment_status><![CDATA[open]]></wp:comment_status>
					<wp:post_name><![CDATA[lounge-chair-11-2]]></wp:post_name>
					<wp:status><![CDATA[inherit]]></wp:status>
					<wp:post_parent>0</wp:post_parent>
					<wp:menu_order>0</wp:menu_order>
					<wp:post_type><![CDATA[attachment]]></wp:post_type>
											<wp:attachment_url><![CDATA[https://dummy.xtemos.com/woodmart2/gutenberg/wp-content/uploads/sites/24/2017/06/lounge-chair-11-1.jpg]]></wp:attachment_url>
																					<wp:postmeta>
							<wp:meta_key><![CDATA[_wp_attached_file]]></wp:meta_key>
							<wp:meta_value><![CDATA[2017/06/lounge-chair-11-1.jpg]]></wp:meta_value>
						</wp:postmeta>
										</item>
								<item>
					<title><![CDATA[lounge-chair-13]]></title>
					<link>https://dummy.xtemos.com/woodmart2/gutenberg/lounge-chair-13-2/</link>
					<pubDate>Mon, 19 Jul 2021 11:31:13 +0000</pubDate>
					<dc:creator><![CDATA[zakhar]]></dc:creator>
					<guid isPermaLink="false">http://dummy.xtemos.com/woodmart2/gutenberg/wp-content/uploads/sites/24/2017/06/lounge-chair-13-1.jpg</guid>
															<wp:post_id>914</wp:post_id>
					<wp:post_date><![CDATA[2021-07-19 11:31:13]]></wp:post_date>
					<wp:post_date_gmt><![CDATA[2021-07-19 11:31:13]]></wp:post_date_gmt>
					<wp:post_modified><![CDATA[2024-04-16 13:18:51]]></wp:post_modified>
					<wp:post_modified_gmt><![CDATA[2024-04-16 13:18:51]]></wp:post_modified_gmt>
					<wp:comment_status><![CDATA[open]]></wp:comment_status>
					<wp:post_name><![CDATA[lounge-chair-13-2]]></wp:post_name>
					<wp:status><![CDATA[inherit]]></wp:status>
					<wp:post_parent>0</wp:post_parent>
					<wp:menu_order>0</wp:menu_order>
					<wp:post_type><![CDATA[attachment]]></wp:post_type>
											<wp:attachment_url><![CDATA[https://dummy.xtemos.com/woodmart2/gutenberg/wp-content/uploads/sites/24/2017/06/lounge-chair-13-1.jpg]]></wp:attachment_url>
																					<wp:postmeta>
							<wp:meta_key><![CDATA[_wp_attached_file]]></wp:meta_key>
							<wp:meta_value><![CDATA[2017/06/lounge-chair-13-1.jpg]]></wp:meta_value>
						</wp:postmeta>
										</item>
								<item>
					<title><![CDATA[lounge-chair-15]]></title>
					<link>https://dummy.xtemos.com/woodmart2/gutenberg/lounge-chair-15-2/</link>
					<pubDate>Mon, 19 Jul 2021 11:31:14 +0000</pubDate>
					<dc:creator><![CDATA[zakhar]]></dc:creator>
					<guid isPermaLink="false">http://dummy.xtemos.com/woodmart2/gutenberg/wp-content/uploads/sites/24/2017/06/lounge-chair-15-1.jpg</guid>
															<wp:post_id>915</wp:post_id>
					<wp:post_date><![CDATA[2021-07-19 11:31:14]]></wp:post_date>
					<wp:post_date_gmt><![CDATA[2021-07-19 11:31:14]]></wp:post_date_gmt>
					<wp:post_modified><![CDATA[2024-04-16 13:18:51]]></wp:post_modified>
					<wp:post_modified_gmt><![CDATA[2024-04-16 13:18:51]]></wp:post_modified_gmt>
					<wp:comment_status><![CDATA[open]]></wp:comment_status>
					<wp:post_name><![CDATA[lounge-chair-15-2]]></wp:post_name>
					<wp:status><![CDATA[inherit]]></wp:status>
					<wp:post_parent>0</wp:post_parent>
					<wp:menu_order>0</wp:menu_order>
					<wp:post_type><![CDATA[attachment]]></wp:post_type>
											<wp:attachment_url><![CDATA[https://dummy.xtemos.com/woodmart2/gutenberg/wp-content/uploads/sites/24/2017/06/lounge-chair-15-1.jpg]]></wp:attachment_url>
																					<wp:postmeta>
							<wp:meta_key><![CDATA[_wp_attached_file]]></wp:meta_key>
							<wp:meta_value><![CDATA[2017/06/lounge-chair-15-1.jpg]]></wp:meta_value>
						</wp:postmeta>
										</item>
								<item>
					<title><![CDATA[lounge-chair-17]]></title>
					<link>https://dummy.xtemos.com/woodmart2/gutenberg/lounge-chair-17-2/</link>
					<pubDate>Mon, 19 Jul 2021 11:31:15 +0000</pubDate>
					<dc:creator><![CDATA[zakhar]]></dc:creator>
					<guid isPermaLink="false">http://dummy.xtemos.com/woodmart2/gutenberg/wp-content/uploads/sites/24/2017/06/lounge-chair-17-1.jpg</guid>
															<wp:post_id>916</wp:post_id>
					<wp:post_date><![CDATA[2021-07-19 11:31:15]]></wp:post_date>
					<wp:post_date_gmt><![CDATA[2021-07-19 11:31:15]]></wp:post_date_gmt>
					<wp:post_modified><![CDATA[2024-04-16 13:18:51]]></wp:post_modified>
					<wp:post_modified_gmt><![CDATA[2024-04-16 13:18:51]]></wp:post_modified_gmt>
					<wp:comment_status><![CDATA[open]]></wp:comment_status>
					<wp:post_name><![CDATA[lounge-chair-17-2]]></wp:post_name>
					<wp:status><![CDATA[inherit]]></wp:status>
					<wp:post_parent>0</wp:post_parent>
					<wp:menu_order>0</wp:menu_order>
					<wp:post_type><![CDATA[attachment]]></wp:post_type>
											<wp:attachment_url><![CDATA[https://dummy.xtemos.com/woodmart2/gutenberg/wp-content/uploads/sites/24/2017/06/lounge-chair-17-1.jpg]]></wp:attachment_url>
																					<wp:postmeta>
							<wp:meta_key><![CDATA[_wp_attached_file]]></wp:meta_key>
							<wp:meta_value><![CDATA[2017/06/lounge-chair-17-1.jpg]]></wp:meta_value>
						</wp:postmeta>
										</item>
								<item>
					<title><![CDATA[lounge-chair-textiles-3]]></title>
					<link>https://dummy.xtemos.com/woodmart2/gutenberg/lounge-chair-textiles-3/</link>
					<pubDate>Mon, 19 Jul 2021 11:32:20 +0000</pubDate>
					<dc:creator><![CDATA[zakhar]]></dc:creator>
					<guid isPermaLink="false">http://dummy.xtemos.com/woodmart2/gutenberg/wp-content/uploads/sites/24/2017/06/lounge-chair-textiles-3.jpg</guid>
															<wp:post_id>927</wp:post_id>
					<wp:post_date><![CDATA[2021-07-19 11:32:20]]></wp:post_date>
					<wp:post_date_gmt><![CDATA[2021-07-19 11:32:20]]></wp:post_date_gmt>
					<wp:post_modified><![CDATA[2024-04-16 13:18:51]]></wp:post_modified>
					<wp:post_modified_gmt><![CDATA[2024-04-16 13:18:51]]></wp:post_modified_gmt>
					<wp:comment_status><![CDATA[open]]></wp:comment_status>
					<wp:post_name><![CDATA[lounge-chair-textiles-3]]></wp:post_name>
					<wp:status><![CDATA[inherit]]></wp:status>
					<wp:post_parent>0</wp:post_parent>
					<wp:menu_order>0</wp:menu_order>
					<wp:post_type><![CDATA[attachment]]></wp:post_type>
											<wp:attachment_url><![CDATA[https://dummy.xtemos.com/woodmart2/gutenberg/wp-content/uploads/sites/24/2017/06/lounge-chair-textiles-3.jpg]]></wp:attachment_url>
																					<wp:postmeta>
							<wp:meta_key><![CDATA[_wp_attached_file]]></wp:meta_key>
							<wp:meta_value><![CDATA[2017/06/lounge-chair-textiles-3.jpg]]></wp:meta_value>
						</wp:postmeta>
										</item>
								<item>
					<title><![CDATA[lounge-chair-carousel-1]]></title>
					<link>https://dummy.xtemos.com/woodmart2/gutenberg/lounge-chair-carousel-1/</link>
					<pubDate>Mon, 19 Jul 2021 11:32:41 +0000</pubDate>
					<dc:creator><![CDATA[zakhar]]></dc:creator>
					<guid isPermaLink="false">http://dummy.xtemos.com/woodmart2/gutenberg/wp-content/uploads/sites/24/2017/06/lounge-chair-carousel-1.jpg</guid>
															<wp:post_id>929</wp:post_id>
					<wp:post_date><![CDATA[2021-07-19 11:32:41]]></wp:post_date>
					<wp:post_date_gmt><![CDATA[2021-07-19 11:32:41]]></wp:post_date_gmt>
					<wp:post_modified><![CDATA[2024-04-16 13:18:51]]></wp:post_modified>
					<wp:post_modified_gmt><![CDATA[2024-04-16 13:18:51]]></wp:post_modified_gmt>
					<wp:comment_status><![CDATA[open]]></wp:comment_status>
					<wp:post_name><![CDATA[lounge-chair-carousel-1]]></wp:post_name>
					<wp:status><![CDATA[inherit]]></wp:status>
					<wp:post_parent>0</wp:post_parent>
					<wp:menu_order>0</wp:menu_order>
					<wp:post_type><![CDATA[attachment]]></wp:post_type>
											<wp:attachment_url><![CDATA[https://dummy.xtemos.com/woodmart2/gutenberg/wp-content/uploads/sites/24/2017/06/lounge-chair-carousel-1.jpg]]></wp:attachment_url>
																					<wp:postmeta>
							<wp:meta_key><![CDATA[_wp_attached_file]]></wp:meta_key>
							<wp:meta_value><![CDATA[2017/06/lounge-chair-carousel-1.jpg]]></wp:meta_value>
						</wp:postmeta>
										</item>
								<item>
					<title><![CDATA[lounge-chair-carousel-2]]></title>
					<link>https://dummy.xtemos.com/woodmart2/gutenberg/lounge-chair-carousel-2/</link>
					<pubDate>Mon, 19 Jul 2021 11:32:43 +0000</pubDate>
					<dc:creator><![CDATA[zakhar]]></dc:creator>
					<guid isPermaLink="false">http://dummy.xtemos.com/woodmart2/gutenberg/wp-content/uploads/sites/24/2017/06/lounge-chair-carousel-2.jpg</guid>
															<wp:post_id>930</wp:post_id>
					<wp:post_date><![CDATA[2021-07-19 11:32:43]]></wp:post_date>
					<wp:post_date_gmt><![CDATA[2021-07-19 11:32:43]]></wp:post_date_gmt>
					<wp:post_modified><![CDATA[2024-04-16 13:18:51]]></wp:post_modified>
					<wp:post_modified_gmt><![CDATA[2024-04-16 13:18:51]]></wp:post_modified_gmt>
					<wp:comment_status><![CDATA[open]]></wp:comment_status>
					<wp:post_name><![CDATA[lounge-chair-carousel-2]]></wp:post_name>
					<wp:status><![CDATA[inherit]]></wp:status>
					<wp:post_parent>0</wp:post_parent>
					<wp:menu_order>0</wp:menu_order>
					<wp:post_type><![CDATA[attachment]]></wp:post_type>
											<wp:attachment_url><![CDATA[https://dummy.xtemos.com/woodmart2/gutenberg/wp-content/uploads/sites/24/2017/06/lounge-chair-carousel-2.jpg]]></wp:attachment_url>
																					<wp:postmeta>
							<wp:meta_key><![CDATA[_wp_attached_file]]></wp:meta_key>
							<wp:meta_value><![CDATA[2017/06/lounge-chair-carousel-2.jpg]]></wp:meta_value>
						</wp:postmeta>
										</item>
								<item>
					<title><![CDATA[lounge-chair-carousel-3]]></title>
					<link>https://dummy.xtemos.com/woodmart2/gutenberg/lounge-chair-carousel-3/</link>
					<pubDate>Mon, 19 Jul 2021 11:32:45 +0000</pubDate>
					<dc:creator><![CDATA[zakhar]]></dc:creator>
					<guid isPermaLink="false">http://dummy.xtemos.com/woodmart2/gutenberg/wp-content/uploads/sites/24/2017/06/lounge-chair-carousel-3.jpg</guid>
															<wp:post_id>931</wp:post_id>
					<wp:post_date><![CDATA[2021-07-19 11:32:45]]></wp:post_date>
					<wp:post_date_gmt><![CDATA[2021-07-19 11:32:45]]></wp:post_date_gmt>
					<wp:post_modified><![CDATA[2024-04-16 13:18:51]]></wp:post_modified>
					<wp:post_modified_gmt><![CDATA[2024-04-16 13:18:51]]></wp:post_modified_gmt>
					<wp:comment_status><![CDATA[open]]></wp:comment_status>
					<wp:post_name><![CDATA[lounge-chair-carousel-3]]></wp:post_name>
					<wp:status><![CDATA[inherit]]></wp:status>
					<wp:post_parent>0</wp:post_parent>
					<wp:menu_order>0</wp:menu_order>
					<wp:post_type><![CDATA[attachment]]></wp:post_type>
											<wp:attachment_url><![CDATA[https://dummy.xtemos.com/woodmart2/gutenberg/wp-content/uploads/sites/24/2017/06/lounge-chair-carousel-3.jpg]]></wp:attachment_url>
																					<wp:postmeta>
							<wp:meta_key><![CDATA[_wp_attached_file]]></wp:meta_key>
							<wp:meta_value><![CDATA[2017/06/lounge-chair-carousel-3.jpg]]></wp:meta_value>
						</wp:postmeta>
										</item>
								<item>
					<title><![CDATA[lounge-chair-carousel-4]]></title>
					<link>https://dummy.xtemos.com/woodmart2/gutenberg/lounge-chair-carousel-4/</link>
					<pubDate>Mon, 19 Jul 2021 11:32:46 +0000</pubDate>
					<dc:creator><![CDATA[zakhar]]></dc:creator>
					<guid isPermaLink="false">http://dummy.xtemos.com/woodmart2/gutenberg/wp-content/uploads/sites/24/2017/06/lounge-chair-carousel-4.jpg</guid>
															<wp:post_id>932</wp:post_id>
					<wp:post_date><![CDATA[2021-07-19 11:32:46]]></wp:post_date>
					<wp:post_date_gmt><![CDATA[2021-07-19 11:32:46]]></wp:post_date_gmt>
					<wp:post_modified><![CDATA[2024-04-16 13:18:51]]></wp:post_modified>
					<wp:post_modified_gmt><![CDATA[2024-04-16 13:18:51]]></wp:post_modified_gmt>
					<wp:comment_status><![CDATA[open]]></wp:comment_status>
					<wp:post_name><![CDATA[lounge-chair-carousel-4]]></wp:post_name>
					<wp:status><![CDATA[inherit]]></wp:status>
					<wp:post_parent>0</wp:post_parent>
					<wp:menu_order>0</wp:menu_order>
					<wp:post_type><![CDATA[attachment]]></wp:post_type>
											<wp:attachment_url><![CDATA[https://dummy.xtemos.com/woodmart2/gutenberg/wp-content/uploads/sites/24/2017/06/lounge-chair-carousel-4.jpg]]></wp:attachment_url>
																					<wp:postmeta>
							<wp:meta_key><![CDATA[_wp_attached_file]]></wp:meta_key>
							<wp:meta_value><![CDATA[2017/06/lounge-chair-carousel-4.jpg]]></wp:meta_value>
						</wp:postmeta>
										</item>
								<item>
					<title><![CDATA[eames-lounge-chair-1]]></title>
					<link>https://dummy.xtemos.com/woodmart2/gutenberg/eames-lounge-chair-1/</link>
					<pubDate>Fri, 23 Jul 2021 07:28:48 +0000</pubDate>
					<dc:creator><![CDATA[zakhar]]></dc:creator>
					<guid isPermaLink="false">http://dummy.xtemos.com/woodmart2/gutenberg/wp-content/uploads/sites/24/2017/06/eames-lounge-chair-1.jpg</guid>
															<wp:post_id>1186</wp:post_id>
					<wp:post_date><![CDATA[2021-07-23 07:28:48]]></wp:post_date>
					<wp:post_date_gmt><![CDATA[2021-07-23 07:28:48]]></wp:post_date_gmt>
					<wp:post_modified><![CDATA[2024-04-16 13:18:51]]></wp:post_modified>
					<wp:post_modified_gmt><![CDATA[2024-04-16 13:18:51]]></wp:post_modified_gmt>
					<wp:comment_status><![CDATA[open]]></wp:comment_status>
					<wp:post_name><![CDATA[eames-lounge-chair-1]]></wp:post_name>
					<wp:status><![CDATA[inherit]]></wp:status>
					<wp:post_parent>0</wp:post_parent>
					<wp:menu_order>0</wp:menu_order>
					<wp:post_type><![CDATA[attachment]]></wp:post_type>
											<wp:attachment_url><![CDATA[https://dummy.xtemos.com/woodmart2/gutenberg/wp-content/uploads/sites/24/2017/06/eames-lounge-chair-1.jpg]]></wp:attachment_url>
																					<wp:postmeta>
							<wp:meta_key><![CDATA[_wp_attached_file]]></wp:meta_key>
							<wp:meta_value><![CDATA[2017/06/eames-lounge-chair-1.jpg]]></wp:meta_value>
						</wp:postmeta>
										</item>
								<item>
					<title><![CDATA[eames-lounge-chair-2]]></title>
					<link>https://dummy.xtemos.com/woodmart2/gutenberg/eames-lounge-chair-2/</link>
					<pubDate>Fri, 23 Jul 2021 07:29:13 +0000</pubDate>
					<dc:creator><![CDATA[zakhar]]></dc:creator>
					<guid isPermaLink="false">http://dummy.xtemos.com/woodmart2/gutenberg/wp-content/uploads/sites/24/2017/06/eames-lounge-chair-2.jpg</guid>
															<wp:post_id>1187</wp:post_id>
					<wp:post_date><![CDATA[2021-07-23 07:29:13]]></wp:post_date>
					<wp:post_date_gmt><![CDATA[2021-07-23 07:29:13]]></wp:post_date_gmt>
					<wp:post_modified><![CDATA[2024-04-16 13:18:51]]></wp:post_modified>
					<wp:post_modified_gmt><![CDATA[2024-04-16 13:18:51]]></wp:post_modified_gmt>
					<wp:comment_status><![CDATA[open]]></wp:comment_status>
					<wp:post_name><![CDATA[eames-lounge-chair-2]]></wp:post_name>
					<wp:status><![CDATA[inherit]]></wp:status>
					<wp:post_parent>0</wp:post_parent>
					<wp:menu_order>0</wp:menu_order>
					<wp:post_type><![CDATA[attachment]]></wp:post_type>
											<wp:attachment_url><![CDATA[https://dummy.xtemos.com/woodmart2/gutenberg/wp-content/uploads/sites/24/2017/06/eames-lounge-chair-2.jpg]]></wp:attachment_url>
																					<wp:postmeta>
							<wp:meta_key><![CDATA[_wp_attached_file]]></wp:meta_key>
							<wp:meta_value><![CDATA[2017/06/eames-lounge-chair-2.jpg]]></wp:meta_value>
						</wp:postmeta>
										</item>
								<item>
					<title><![CDATA[eames-lounge-chair-3]]></title>
					<link>https://dummy.xtemos.com/woodmart2/gutenberg/eames-lounge-chair-3/</link>
					<pubDate>Fri, 23 Jul 2021 07:29:15 +0000</pubDate>
					<dc:creator><![CDATA[zakhar]]></dc:creator>
					<guid isPermaLink="false">http://dummy.xtemos.com/woodmart2/gutenberg/wp-content/uploads/sites/24/2017/06/eames-lounge-chair-3.jpg</guid>
															<wp:post_id>1188</wp:post_id>
					<wp:post_date><![CDATA[2021-07-23 07:29:15]]></wp:post_date>
					<wp:post_date_gmt><![CDATA[2021-07-23 07:29:15]]></wp:post_date_gmt>
					<wp:post_modified><![CDATA[2024-04-16 13:18:51]]></wp:post_modified>
					<wp:post_modified_gmt><![CDATA[2024-04-16 13:18:51]]></wp:post_modified_gmt>
					<wp:comment_status><![CDATA[open]]></wp:comment_status>
					<wp:post_name><![CDATA[eames-lounge-chair-3]]></wp:post_name>
					<wp:status><![CDATA[inherit]]></wp:status>
					<wp:post_parent>0</wp:post_parent>
					<wp:menu_order>0</wp:menu_order>
					<wp:post_type><![CDATA[attachment]]></wp:post_type>
											<wp:attachment_url><![CDATA[https://dummy.xtemos.com/woodmart2/gutenberg/wp-content/uploads/sites/24/2017/06/eames-lounge-chair-3.jpg]]></wp:attachment_url>
																					<wp:postmeta>
							<wp:meta_key><![CDATA[_wp_attached_file]]></wp:meta_key>
							<wp:meta_value><![CDATA[2017/06/eames-lounge-chair-3.jpg]]></wp:meta_value>
						</wp:postmeta>
										</item>
								<item>
					<title><![CDATA[brand-Eva-Solo]]></title>
					<link>https://dummy.xtemos.com/woodmart2/gutenberg/brand-eva-solo-2/</link>
					<pubDate>Mon, 19 Jul 2021 08:26:55 +0000</pubDate>
					<dc:creator><![CDATA[zakhar]]></dc:creator>
					<guid isPermaLink="false">http://dummy.xtemos.com/woodmart2/gutenberg/wp-content/uploads/sites/24/2021/07/brand-Eva-Solo.png</guid>
															<wp:post_id>719</wp:post_id>
					<wp:post_date><![CDATA[2021-07-19 08:26:55]]></wp:post_date>
					<wp:post_date_gmt><![CDATA[2021-07-19 08:26:55]]></wp:post_date_gmt>
					<wp:post_modified><![CDATA[2024-04-16 13:18:51]]></wp:post_modified>
					<wp:post_modified_gmt><![CDATA[2024-04-16 13:18:51]]></wp:post_modified_gmt>
					<wp:comment_status><![CDATA[open]]></wp:comment_status>
					<wp:post_name><![CDATA[brand-eva-solo-2]]></wp:post_name>
					<wp:status><![CDATA[inherit]]></wp:status>
					<wp:post_parent>0</wp:post_parent>
					<wp:menu_order>0</wp:menu_order>
					<wp:post_type><![CDATA[attachment]]></wp:post_type>
											<wp:attachment_url><![CDATA[https://dummy.xtemos.com/woodmart2/gutenberg/wp-content/uploads/sites/24/2021/07/brand-Eva-Solo.png]]></wp:attachment_url>
																					<wp:postmeta>
							<wp:meta_key><![CDATA[_wp_attached_file]]></wp:meta_key>
							<wp:meta_value><![CDATA[2021/07/brand-Eva-Solo.png]]></wp:meta_value>
						</wp:postmeta>
										</item>
								<item>
					<title><![CDATA[brand-hay]]></title>
					<link>https://dummy.xtemos.com/woodmart2/gutenberg/brand-hay-2/</link>
					<pubDate>Mon, 19 Jul 2021 08:26:57 +0000</pubDate>
					<dc:creator><![CDATA[zakhar]]></dc:creator>
					<guid isPermaLink="false">http://dummy.xtemos.com/woodmart2/gutenberg/wp-content/uploads/sites/24/2021/07/brand-hay.png</guid>
															<wp:post_id>721</wp:post_id>
					<wp:post_date><![CDATA[2021-07-19 08:26:57]]></wp:post_date>
					<wp:post_date_gmt><![CDATA[2021-07-19 08:26:57]]></wp:post_date_gmt>
					<wp:post_modified><![CDATA[2024-04-16 13:18:51]]></wp:post_modified>
					<wp:post_modified_gmt><![CDATA[2024-04-16 13:18:51]]></wp:post_modified_gmt>
					<wp:comment_status><![CDATA[open]]></wp:comment_status>
					<wp:post_name><![CDATA[brand-hay-2]]></wp:post_name>
					<wp:status><![CDATA[inherit]]></wp:status>
					<wp:post_parent>0</wp:post_parent>
					<wp:menu_order>0</wp:menu_order>
					<wp:post_type><![CDATA[attachment]]></wp:post_type>
											<wp:attachment_url><![CDATA[https://dummy.xtemos.com/woodmart2/gutenberg/wp-content/uploads/sites/24/2021/07/brand-hay.png]]></wp:attachment_url>
																					<wp:postmeta>
							<wp:meta_key><![CDATA[_wp_attached_file]]></wp:meta_key>
							<wp:meta_value><![CDATA[2021/07/brand-hay.png]]></wp:meta_value>
						</wp:postmeta>
										</item>
								<item>
					<title><![CDATA[brand-Joseph-Joseph]]></title>
					<link>https://dummy.xtemos.com/woodmart2/gutenberg/brand-joseph-joseph-2/</link>
					<pubDate>Mon, 19 Jul 2021 08:26:58 +0000</pubDate>
					<dc:creator><![CDATA[zakhar]]></dc:creator>
					<guid isPermaLink="false">http://dummy.xtemos.com/woodmart2/gutenberg/wp-content/uploads/sites/24/2021/07/brand-Joseph-Joseph.png</guid>
															<wp:post_id>722</wp:post_id>
					<wp:post_date><![CDATA[2021-07-19 08:26:58]]></wp:post_date>
					<wp:post_date_gmt><![CDATA[2021-07-19 08:26:58]]></wp:post_date_gmt>
					<wp:post_modified><![CDATA[2024-04-16 13:18:51]]></wp:post_modified>
					<wp:post_modified_gmt><![CDATA[2024-04-16 13:18:51]]></wp:post_modified_gmt>
					<wp:comment_status><![CDATA[open]]></wp:comment_status>
					<wp:post_name><![CDATA[brand-joseph-joseph-2]]></wp:post_name>
					<wp:status><![CDATA[inherit]]></wp:status>
					<wp:post_parent>0</wp:post_parent>
					<wp:menu_order>0</wp:menu_order>
					<wp:post_type><![CDATA[attachment]]></wp:post_type>
											<wp:attachment_url><![CDATA[https://dummy.xtemos.com/woodmart2/gutenberg/wp-content/uploads/sites/24/2021/07/brand-Joseph-Joseph.png]]></wp:attachment_url>
																					<wp:postmeta>
							<wp:meta_key><![CDATA[_wp_attached_file]]></wp:meta_key>
							<wp:meta_value><![CDATA[2021/07/brand-Joseph-Joseph.png]]></wp:meta_value>
						</wp:postmeta>
										</item>
								<item>
					<title><![CDATA[brand-Magisso]]></title>
					<link>https://dummy.xtemos.com/woodmart2/gutenberg/brand-magisso-2/</link>
					<pubDate>Mon, 19 Jul 2021 08:27:01 +0000</pubDate>
					<dc:creator><![CDATA[zakhar]]></dc:creator>
					<guid isPermaLink="false">http://dummy.xtemos.com/woodmart2/gutenberg/wp-content/uploads/sites/24/2021/07/brand-Magisso.png</guid>
															<wp:post_id>725</wp:post_id>
					<wp:post_date><![CDATA[2021-07-19 08:27:01]]></wp:post_date>
					<wp:post_date_gmt><![CDATA[2021-07-19 08:27:01]]></wp:post_date_gmt>
					<wp:post_modified><![CDATA[2024-04-16 13:18:51]]></wp:post_modified>
					<wp:post_modified_gmt><![CDATA[2024-04-16 13:18:51]]></wp:post_modified_gmt>
					<wp:comment_status><![CDATA[open]]></wp:comment_status>
					<wp:post_name><![CDATA[brand-magisso-2]]></wp:post_name>
					<wp:status><![CDATA[inherit]]></wp:status>
					<wp:post_parent>0</wp:post_parent>
					<wp:menu_order>0</wp:menu_order>
					<wp:post_type><![CDATA[attachment]]></wp:post_type>
											<wp:attachment_url><![CDATA[https://dummy.xtemos.com/woodmart2/gutenberg/wp-content/uploads/sites/24/2021/07/brand-Magisso.png]]></wp:attachment_url>
																					<wp:postmeta>
							<wp:meta_key><![CDATA[_wp_attached_file]]></wp:meta_key>
							<wp:meta_value><![CDATA[2021/07/brand-Magisso.png]]></wp:meta_value>
						</wp:postmeta>
										</item>
								<item>
					<title><![CDATA[brand-witra]]></title>
					<link>https://dummy.xtemos.com/woodmart2/gutenberg/brand-witra/</link>
					<pubDate>Mon, 19 Jul 2021 08:30:51 +0000</pubDate>
					<dc:creator><![CDATA[zakhar]]></dc:creator>
					<guid isPermaLink="false">http://dummy.xtemos.com/woodmart2/gutenberg/wp-content/uploads/sites/24/2021/07/brand-witra.png</guid>
															<wp:post_id>727</wp:post_id>
					<wp:post_date><![CDATA[2021-07-19 08:30:51]]></wp:post_date>
					<wp:post_date_gmt><![CDATA[2021-07-19 08:30:51]]></wp:post_date_gmt>
					<wp:post_modified><![CDATA[2024-04-16 13:18:51]]></wp:post_modified>
					<wp:post_modified_gmt><![CDATA[2024-04-16 13:18:51]]></wp:post_modified_gmt>
					<wp:comment_status><![CDATA[open]]></wp:comment_status>
					<wp:post_name><![CDATA[brand-witra]]></wp:post_name>
					<wp:status><![CDATA[inherit]]></wp:status>
					<wp:post_parent>0</wp:post_parent>
					<wp:menu_order>0</wp:menu_order>
					<wp:post_type><![CDATA[attachment]]></wp:post_type>
											<wp:attachment_url><![CDATA[https://dummy.xtemos.com/woodmart2/gutenberg/wp-content/uploads/sites/24/2021/07/brand-witra.png]]></wp:attachment_url>
																					<wp:postmeta>
							<wp:meta_key><![CDATA[_wp_attached_file]]></wp:meta_key>
							<wp:meta_value><![CDATA[2021/07/brand-witra.png]]></wp:meta_value>
						</wp:postmeta>
										</item>
								<item>
					<title><![CDATA[cat-chair]]></title>
					<link>https://dummy.xtemos.com/woodmart2/gutenberg/cat-chair/</link>
					<pubDate>Mon, 19 Jul 2021 08:34:18 +0000</pubDate>
					<dc:creator><![CDATA[zakhar]]></dc:creator>
					<guid isPermaLink="false">http://dummy.xtemos.com/woodmart2/gutenberg/wp-content/uploads/sites/24/2021/07/cat-chair.svg</guid>
															<wp:post_id>734</wp:post_id>
					<wp:post_date><![CDATA[2021-07-19 08:34:18]]></wp:post_date>
					<wp:post_date_gmt><![CDATA[2021-07-19 08:34:18]]></wp:post_date_gmt>
					<wp:post_modified><![CDATA[2024-04-16 13:18:51]]></wp:post_modified>
					<wp:post_modified_gmt><![CDATA[2024-04-16 13:18:51]]></wp:post_modified_gmt>
					<wp:comment_status><![CDATA[open]]></wp:comment_status>
					<wp:post_name><![CDATA[cat-chair]]></wp:post_name>
					<wp:status><![CDATA[inherit]]></wp:status>
					<wp:post_parent>0</wp:post_parent>
					<wp:menu_order>0</wp:menu_order>
					<wp:post_type><![CDATA[attachment]]></wp:post_type>
											<wp:attachment_url><![CDATA[https://dummy.xtemos.com/woodmart2/gutenberg/wp-content/uploads/sites/24/2021/07/cat-chair.svg]]></wp:attachment_url>
																					<wp:postmeta>
							<wp:meta_key><![CDATA[_wp_attached_file]]></wp:meta_key>
							<wp:meta_value><![CDATA[2021/07/cat-chair.svg]]></wp:meta_value>
						</wp:postmeta>
										</item>
								<item>
					<title><![CDATA[cat-clock]]></title>
					<link>https://dummy.xtemos.com/woodmart2/gutenberg/cat-clock/</link>
					<pubDate>Mon, 19 Jul 2021 08:34:19 +0000</pubDate>
					<dc:creator><![CDATA[zakhar]]></dc:creator>
					<guid isPermaLink="false">http://dummy.xtemos.com/woodmart2/gutenberg/wp-content/uploads/sites/24/2021/07/cat-clock.svg</guid>
															<wp:post_id>735</wp:post_id>
					<wp:post_date><![CDATA[2021-07-19 08:34:19]]></wp:post_date>
					<wp:post_date_gmt><![CDATA[2021-07-19 08:34:19]]></wp:post_date_gmt>
					<wp:post_modified><![CDATA[2024-04-16 13:18:51]]></wp:post_modified>
					<wp:post_modified_gmt><![CDATA[2024-04-16 13:18:51]]></wp:post_modified_gmt>
					<wp:comment_status><![CDATA[open]]></wp:comment_status>
					<wp:post_name><![CDATA[cat-clock]]></wp:post_name>
					<wp:status><![CDATA[inherit]]></wp:status>
					<wp:post_parent>0</wp:post_parent>
					<wp:menu_order>0</wp:menu_order>
					<wp:post_type><![CDATA[attachment]]></wp:post_type>
											<wp:attachment_url><![CDATA[https://dummy.xtemos.com/woodmart2/gutenberg/wp-content/uploads/sites/24/2021/07/cat-clock.svg]]></wp:attachment_url>
																					<wp:postmeta>
							<wp:meta_key><![CDATA[_wp_attached_file]]></wp:meta_key>
							<wp:meta_value><![CDATA[2021/07/cat-clock.svg]]></wp:meta_value>
						</wp:postmeta>
										</item>
								<item>
					<title><![CDATA[cat-knives]]></title>
					<link>https://dummy.xtemos.com/woodmart2/gutenberg/cat-knives/</link>
					<pubDate>Mon, 19 Jul 2021 08:34:21 +0000</pubDate>
					<dc:creator><![CDATA[zakhar]]></dc:creator>
					<guid isPermaLink="false">http://dummy.xtemos.com/woodmart2/gutenberg/wp-content/uploads/sites/24/2021/07/cat-knives.svg</guid>
															<wp:post_id>737</wp:post_id>
					<wp:post_date><![CDATA[2021-07-19 08:34:21]]></wp:post_date>
					<wp:post_date_gmt><![CDATA[2021-07-19 08:34:21]]></wp:post_date_gmt>
					<wp:post_modified><![CDATA[2024-04-16 13:18:51]]></wp:post_modified>
					<wp:post_modified_gmt><![CDATA[2024-04-16 13:18:51]]></wp:post_modified_gmt>
					<wp:comment_status><![CDATA[open]]></wp:comment_status>
					<wp:post_name><![CDATA[cat-knives]]></wp:post_name>
					<wp:status><![CDATA[inherit]]></wp:status>
					<wp:post_parent>0</wp:post_parent>
					<wp:menu_order>0</wp:menu_order>
					<wp:post_type><![CDATA[attachment]]></wp:post_type>
											<wp:attachment_url><![CDATA[https://dummy.xtemos.com/woodmart2/gutenberg/wp-content/uploads/sites/24/2021/07/cat-knives.svg]]></wp:attachment_url>
																					<wp:postmeta>
							<wp:meta_key><![CDATA[_wp_attached_file]]></wp:meta_key>
							<wp:meta_value><![CDATA[2021/07/cat-knives.svg]]></wp:meta_value>
						</wp:postmeta>
										</item>
								<item>
					<title><![CDATA[cat-light-bulb]]></title>
					<link>https://dummy.xtemos.com/woodmart2/gutenberg/cat-light-bulb/</link>
					<pubDate>Mon, 19 Jul 2021 08:34:22 +0000</pubDate>
					<dc:creator><![CDATA[zakhar]]></dc:creator>
					<guid isPermaLink="false">http://dummy.xtemos.com/woodmart2/gutenberg/wp-content/uploads/sites/24/2021/07/cat-light-bulb.svg</guid>
															<wp:post_id>738</wp:post_id>
					<wp:post_date><![CDATA[2021-07-19 08:34:22]]></wp:post_date>
					<wp:post_date_gmt><![CDATA[2021-07-19 08:34:22]]></wp:post_date_gmt>
					<wp:post_modified><![CDATA[2024-04-16 13:18:51]]></wp:post_modified>
					<wp:post_modified_gmt><![CDATA[2024-04-16 13:18:51]]></wp:post_modified_gmt>
					<wp:comment_status><![CDATA[open]]></wp:comment_status>
					<wp:post_name><![CDATA[cat-light-bulb]]></wp:post_name>
					<wp:status><![CDATA[inherit]]></wp:status>
					<wp:post_parent>0</wp:post_parent>
					<wp:menu_order>0</wp:menu_order>
					<wp:post_type><![CDATA[attachment]]></wp:post_type>
											<wp:attachment_url><![CDATA[https://dummy.xtemos.com/woodmart2/gutenberg/wp-content/uploads/sites/24/2021/07/cat-light-bulb.svg]]></wp:attachment_url>
																					<wp:postmeta>
							<wp:meta_key><![CDATA[_wp_attached_file]]></wp:meta_key>
							<wp:meta_value><![CDATA[2021/07/cat-light-bulb.svg]]></wp:meta_value>
						</wp:postmeta>
										</item>
								<item>
					<title><![CDATA[cat-rocking-horse]]></title>
					<link>https://dummy.xtemos.com/woodmart2/gutenberg/cat-rocking-horse/</link>
					<pubDate>Mon, 19 Jul 2021 08:34:22 +0000</pubDate>
					<dc:creator><![CDATA[zakhar]]></dc:creator>
					<guid isPermaLink="false">http://dummy.xtemos.com/woodmart2/gutenberg/wp-content/uploads/sites/24/2021/07/cat-rocking-horse.svg</guid>
															<wp:post_id>739</wp:post_id>
					<wp:post_date><![CDATA[2021-07-19 08:34:22]]></wp:post_date>
					<wp:post_date_gmt><![CDATA[2021-07-19 08:34:22]]></wp:post_date_gmt>
					<wp:post_modified><![CDATA[2024-04-16 13:18:51]]></wp:post_modified>
					<wp:post_modified_gmt><![CDATA[2024-04-16 13:18:51]]></wp:post_modified_gmt>
					<wp:comment_status><![CDATA[open]]></wp:comment_status>
					<wp:post_name><![CDATA[cat-rocking-horse]]></wp:post_name>
					<wp:status><![CDATA[inherit]]></wp:status>
					<wp:post_parent>0</wp:post_parent>
					<wp:menu_order>0</wp:menu_order>
					<wp:post_type><![CDATA[attachment]]></wp:post_type>
											<wp:attachment_url><![CDATA[https://dummy.xtemos.com/woodmart2/gutenberg/wp-content/uploads/sites/24/2021/07/cat-rocking-horse.svg]]></wp:attachment_url>
																					<wp:postmeta>
							<wp:meta_key><![CDATA[_wp_attached_file]]></wp:meta_key>
							<wp:meta_value><![CDATA[2021/07/cat-rocking-horse.svg]]></wp:meta_value>
						</wp:postmeta>
										</item>
								<item>
					<title><![CDATA[clock]]></title>
					<link>https://dummy.xtemos.com/woodmart2/gutenberg/clock/</link>
					<pubDate>Mon, 19 Jul 2021 08:36:46 +0000</pubDate>
					<dc:creator><![CDATA[zakhar]]></dc:creator>
					<guid isPermaLink="false">http://dummy.xtemos.com/woodmart2/gutenberg/wp-content/uploads/sites/24/2021/07/clock.svg</guid>
															<wp:post_id>741</wp:post_id>
					<wp:post_date><![CDATA[2021-07-19 08:36:46]]></wp:post_date>
					<wp:post_date_gmt><![CDATA[2021-07-19 08:36:46]]></wp:post_date_gmt>
					<wp:post_modified><![CDATA[2024-04-16 13:18:51]]></wp:post_modified>
					<wp:post_modified_gmt><![CDATA[2024-04-16 13:18:51]]></wp:post_modified_gmt>
					<wp:comment_status><![CDATA[open]]></wp:comment_status>
					<wp:post_name><![CDATA[clock]]></wp:post_name>
					<wp:status><![CDATA[inherit]]></wp:status>
					<wp:post_parent>0</wp:post_parent>
					<wp:menu_order>0</wp:menu_order>
					<wp:post_type><![CDATA[attachment]]></wp:post_type>
											<wp:attachment_url><![CDATA[https://dummy.xtemos.com/woodmart2/gutenberg/wp-content/uploads/sites/24/2021/07/clock.svg]]></wp:attachment_url>
																					<wp:postmeta>
							<wp:meta_key><![CDATA[_wp_attached_file]]></wp:meta_key>
							<wp:meta_value><![CDATA[2021/07/clock.svg]]></wp:meta_value>
						</wp:postmeta>
										</item>
								<item>
					<title><![CDATA[knives]]></title>
					<link>https://dummy.xtemos.com/woodmart2/gutenberg/knives-2/</link>
					<pubDate>Mon, 19 Jul 2021 08:37:59 +0000</pubDate>
					<dc:creator><![CDATA[zakhar]]></dc:creator>
					<guid isPermaLink="false">http://dummy.xtemos.com/woodmart2/gutenberg/wp-content/uploads/sites/24/2021/07/knives.svg</guid>
															<wp:post_id>742</wp:post_id>
					<wp:post_date><![CDATA[2021-07-19 08:37:59]]></wp:post_date>
					<wp:post_date_gmt><![CDATA[2021-07-19 08:37:59]]></wp:post_date_gmt>
					<wp:post_modified><![CDATA[2024-04-16 13:18:51]]></wp:post_modified>
					<wp:post_modified_gmt><![CDATA[2024-04-16 13:18:51]]></wp:post_modified_gmt>
					<wp:comment_status><![CDATA[open]]></wp:comment_status>
					<wp:post_name><![CDATA[knives-2]]></wp:post_name>
					<wp:status><![CDATA[inherit]]></wp:status>
					<wp:post_parent>0</wp:post_parent>
					<wp:menu_order>0</wp:menu_order>
					<wp:post_type><![CDATA[attachment]]></wp:post_type>
											<wp:attachment_url><![CDATA[https://dummy.xtemos.com/woodmart2/gutenberg/wp-content/uploads/sites/24/2021/07/knives.svg]]></wp:attachment_url>
																					<wp:postmeta>
							<wp:meta_key><![CDATA[_wp_attached_file]]></wp:meta_key>
							<wp:meta_value><![CDATA[2021/07/knives.svg]]></wp:meta_value>
						</wp:postmeta>
										</item>
								<item>
					<title><![CDATA[chair]]></title>
					<link>https://dummy.xtemos.com/woodmart2/gutenberg/chair-2/</link>
					<pubDate>Mon, 19 Jul 2021 08:38:44 +0000</pubDate>
					<dc:creator><![CDATA[zakhar]]></dc:creator>
					<guid isPermaLink="false">http://dummy.xtemos.com/woodmart2/gutenberg/wp-content/uploads/sites/24/2021/07/chair.svg</guid>
															<wp:post_id>743</wp:post_id>
					<wp:post_date><![CDATA[2021-07-19 08:38:44]]></wp:post_date>
					<wp:post_date_gmt><![CDATA[2021-07-19 08:38:44]]></wp:post_date_gmt>
					<wp:post_modified><![CDATA[2024-04-16 13:18:51]]></wp:post_modified>
					<wp:post_modified_gmt><![CDATA[2024-04-16 13:18:51]]></wp:post_modified_gmt>
					<wp:comment_status><![CDATA[open]]></wp:comment_status>
					<wp:post_name><![CDATA[chair-2]]></wp:post_name>
					<wp:status><![CDATA[inherit]]></wp:status>
					<wp:post_parent>0</wp:post_parent>
					<wp:menu_order>0</wp:menu_order>
					<wp:post_type><![CDATA[attachment]]></wp:post_type>
											<wp:attachment_url><![CDATA[https://dummy.xtemos.com/woodmart2/gutenberg/wp-content/uploads/sites/24/2021/07/chair.svg]]></wp:attachment_url>
																					<wp:postmeta>
							<wp:meta_key><![CDATA[_wp_attached_file]]></wp:meta_key>
							<wp:meta_value><![CDATA[2021/07/chair.svg]]></wp:meta_value>
						</wp:postmeta>
										</item>
								<item>
					<title><![CDATA[light-bulb]]></title>
					<link>https://dummy.xtemos.com/woodmart2/gutenberg/light-bulb/</link>
					<pubDate>Mon, 19 Jul 2021 08:39:41 +0000</pubDate>
					<dc:creator><![CDATA[zakhar]]></dc:creator>
					<guid isPermaLink="false">http://dummy.xtemos.com/woodmart2/gutenberg/wp-content/uploads/sites/24/2021/07/light-bulb.svg</guid>
															<wp:post_id>744</wp:post_id>
					<wp:post_date><![CDATA[2021-07-19 08:39:41]]></wp:post_date>
					<wp:post_date_gmt><![CDATA[2021-07-19 08:39:41]]></wp:post_date_gmt>
					<wp:post_modified><![CDATA[2024-04-16 13:18:51]]></wp:post_modified>
					<wp:post_modified_gmt><![CDATA[2024-04-16 13:18:51]]></wp:post_modified_gmt>
					<wp:comment_status><![CDATA[open]]></wp:comment_status>
					<wp:post_name><![CDATA[light-bulb]]></wp:post_name>
					<wp:status><![CDATA[inherit]]></wp:status>
					<wp:post_parent>0</wp:post_parent>
					<wp:menu_order>0</wp:menu_order>
					<wp:post_type><![CDATA[attachment]]></wp:post_type>
											<wp:attachment_url><![CDATA[https://dummy.xtemos.com/woodmart2/gutenberg/wp-content/uploads/sites/24/2021/07/light-bulb.svg]]></wp:attachment_url>
																					<wp:postmeta>
							<wp:meta_key><![CDATA[_wp_attached_file]]></wp:meta_key>
							<wp:meta_value><![CDATA[2021/07/light-bulb.svg]]></wp:meta_value>
						</wp:postmeta>
										</item>
								<item>
					<title><![CDATA[rocking-horse]]></title>
					<link>https://dummy.xtemos.com/woodmart2/gutenberg/rocking-horse/</link>
					<pubDate>Mon, 19 Jul 2021 08:41:04 +0000</pubDate>
					<dc:creator><![CDATA[zakhar]]></dc:creator>
					<guid isPermaLink="false">http://dummy.xtemos.com/woodmart2/gutenberg/wp-content/uploads/sites/24/2021/07/rocking-horse.svg</guid>
															<wp:post_id>745</wp:post_id>
					<wp:post_date><![CDATA[2021-07-19 08:41:04]]></wp:post_date>
					<wp:post_date_gmt><![CDATA[2021-07-19 08:41:04]]></wp:post_date_gmt>
					<wp:post_modified><![CDATA[2024-04-16 13:18:51]]></wp:post_modified>
					<wp:post_modified_gmt><![CDATA[2024-04-16 13:18:51]]></wp:post_modified_gmt>
					<wp:comment_status><![CDATA[open]]></wp:comment_status>
					<wp:post_name><![CDATA[rocking-horse]]></wp:post_name>
					<wp:status><![CDATA[inherit]]></wp:status>
					<wp:post_parent>0</wp:post_parent>
					<wp:menu_order>0</wp:menu_order>
					<wp:post_type><![CDATA[attachment]]></wp:post_type>
											<wp:attachment_url><![CDATA[https://dummy.xtemos.com/woodmart2/gutenberg/wp-content/uploads/sites/24/2021/07/rocking-horse.svg]]></wp:attachment_url>
																					<wp:postmeta>
							<wp:meta_key><![CDATA[_wp_attached_file]]></wp:meta_key>
							<wp:meta_value><![CDATA[2021/07/rocking-horse.svg]]></wp:meta_value>
						</wp:postmeta>
										</item>
								<item>
					<title><![CDATA[furniture-title-bg-opt]]></title>
					<link>https://dummy.xtemos.com/woodmart2/gutenberg/furniture-title-bg-opt-2/</link>
					<pubDate>Mon, 19 Jul 2021 08:42:27 +0000</pubDate>
					<dc:creator><![CDATA[zakhar]]></dc:creator>
					<guid isPermaLink="false">http://dummy.xtemos.com/woodmart2/gutenberg/wp-content/uploads/sites/24/2021/07/furniture-title-bg-opt-1.jpg</guid>
															<wp:post_id>746</wp:post_id>
					<wp:post_date><![CDATA[2021-07-19 08:42:27]]></wp:post_date>
					<wp:post_date_gmt><![CDATA[2021-07-19 08:42:27]]></wp:post_date_gmt>
					<wp:post_modified><![CDATA[2024-04-16 13:18:51]]></wp:post_modified>
					<wp:post_modified_gmt><![CDATA[2024-04-16 13:18:51]]></wp:post_modified_gmt>
					<wp:comment_status><![CDATA[open]]></wp:comment_status>
					<wp:post_name><![CDATA[furniture-title-bg-opt-2]]></wp:post_name>
					<wp:status><![CDATA[inherit]]></wp:status>
					<wp:post_parent>0</wp:post_parent>
					<wp:menu_order>0</wp:menu_order>
					<wp:post_type><![CDATA[attachment]]></wp:post_type>
											<wp:attachment_url><![CDATA[https://dummy.xtemos.com/woodmart2/gutenberg/wp-content/uploads/sites/24/2021/07/furniture-title-bg-opt-1.jpg]]></wp:attachment_url>
																					<wp:postmeta>
							<wp:meta_key><![CDATA[_wp_attached_file]]></wp:meta_key>
							<wp:meta_value><![CDATA[2021/07/furniture-title-bg-opt-1.jpg]]></wp:meta_value>
						</wp:postmeta>
										</item>
								<item>
					<title><![CDATA[cat-cooking]]></title>
					<link>https://dummy.xtemos.com/woodmart2/gutenberg/cat-cooking/</link>
					<pubDate>Mon, 19 Jul 2021 09:00:02 +0000</pubDate>
					<dc:creator><![CDATA[zakhar]]></dc:creator>
					<guid isPermaLink="false">http://dummy.xtemos.com/woodmart2/gutenberg/wp-content/uploads/sites/24/2021/07/cat-cooking.jpg</guid>
															<wp:post_id>753</wp:post_id>
					<wp:post_date><![CDATA[2021-07-19 09:00:02]]></wp:post_date>
					<wp:post_date_gmt><![CDATA[2021-07-19 09:00:02]]></wp:post_date_gmt>
					<wp:post_modified><![CDATA[2024-04-16 13:18:51]]></wp:post_modified>
					<wp:post_modified_gmt><![CDATA[2024-04-16 13:18:51]]></wp:post_modified_gmt>
					<wp:comment_status><![CDATA[open]]></wp:comment_status>
					<wp:post_name><![CDATA[cat-cooking]]></wp:post_name>
					<wp:status><![CDATA[inherit]]></wp:status>
					<wp:post_parent>0</wp:post_parent>
					<wp:menu_order>0</wp:menu_order>
					<wp:post_type><![CDATA[attachment]]></wp:post_type>
											<wp:attachment_url><![CDATA[https://dummy.xtemos.com/woodmart2/gutenberg/wp-content/uploads/sites/24/2021/07/cat-cooking.jpg]]></wp:attachment_url>
																					<wp:postmeta>
							<wp:meta_key><![CDATA[_wp_attached_file]]></wp:meta_key>
							<wp:meta_value><![CDATA[2021/07/cat-cooking.jpg]]></wp:meta_value>
						</wp:postmeta>
										</item>
								<item>
					<title><![CDATA[cat-furniture]]></title>
					<link>https://dummy.xtemos.com/woodmart2/gutenberg/cat-furniture/</link>
					<pubDate>Mon, 19 Jul 2021 09:00:05 +0000</pubDate>
					<dc:creator><![CDATA[zakhar]]></dc:creator>
					<guid isPermaLink="false">http://dummy.xtemos.com/woodmart2/gutenberg/wp-content/uploads/sites/24/2021/07/cat-furniture.jpg</guid>
															<wp:post_id>754</wp:post_id>
					<wp:post_date><![CDATA[2021-07-19 09:00:05]]></wp:post_date>
					<wp:post_date_gmt><![CDATA[2021-07-19 09:00:05]]></wp:post_date_gmt>
					<wp:post_modified><![CDATA[2024-04-16 13:18:51]]></wp:post_modified>
					<wp:post_modified_gmt><![CDATA[2024-04-16 13:18:51]]></wp:post_modified_gmt>
					<wp:comment_status><![CDATA[open]]></wp:comment_status>
					<wp:post_name><![CDATA[cat-furniture]]></wp:post_name>
					<wp:status><![CDATA[inherit]]></wp:status>
					<wp:post_parent>0</wp:post_parent>
					<wp:menu_order>0</wp:menu_order>
					<wp:post_type><![CDATA[attachment]]></wp:post_type>
											<wp:attachment_url><![CDATA[https://dummy.xtemos.com/woodmart2/gutenberg/wp-content/uploads/sites/24/2021/07/cat-furniture.jpg]]></wp:attachment_url>
																					<wp:postmeta>
							<wp:meta_key><![CDATA[_wp_attached_file]]></wp:meta_key>
							<wp:meta_value><![CDATA[2021/07/cat-furniture.jpg]]></wp:meta_value>
						</wp:postmeta>
										</item>
								<item>
					<title><![CDATA[cat-lighting]]></title>
					<link>https://dummy.xtemos.com/woodmart2/gutenberg/cat-lighting/</link>
					<pubDate>Mon, 19 Jul 2021 09:00:07 +0000</pubDate>
					<dc:creator><![CDATA[zakhar]]></dc:creator>
					<guid isPermaLink="false">http://dummy.xtemos.com/woodmart2/gutenberg/wp-content/uploads/sites/24/2021/07/cat-lighting.jpg</guid>
															<wp:post_id>755</wp:post_id>
					<wp:post_date><![CDATA[2021-07-19 09:00:07]]></wp:post_date>
					<wp:post_date_gmt><![CDATA[2021-07-19 09:00:07]]></wp:post_date_gmt>
					<wp:post_modified><![CDATA[2024-04-16 13:18:51]]></wp:post_modified>
					<wp:post_modified_gmt><![CDATA[2024-04-16 13:18:51]]></wp:post_modified_gmt>
					<wp:comment_status><![CDATA[open]]></wp:comment_status>
					<wp:post_name><![CDATA[cat-lighting]]></wp:post_name>
					<wp:status><![CDATA[inherit]]></wp:status>
					<wp:post_parent>0</wp:post_parent>
					<wp:menu_order>0</wp:menu_order>
					<wp:post_type><![CDATA[attachment]]></wp:post_type>
											<wp:attachment_url><![CDATA[https://dummy.xtemos.com/woodmart2/gutenberg/wp-content/uploads/sites/24/2021/07/cat-lighting.jpg]]></wp:attachment_url>
																					<wp:postmeta>
							<wp:meta_key><![CDATA[_wp_attached_file]]></wp:meta_key>
							<wp:meta_value><![CDATA[2021/07/cat-lighting.jpg]]></wp:meta_value>
						</wp:postmeta>
										</item>
								<item>
					<title><![CDATA[cat-toys]]></title>
					<link>https://dummy.xtemos.com/woodmart2/gutenberg/cat-toys/</link>
					<pubDate>Mon, 19 Jul 2021 09:00:09 +0000</pubDate>
					<dc:creator><![CDATA[zakhar]]></dc:creator>
					<guid isPermaLink="false">http://dummy.xtemos.com/woodmart2/gutenberg/wp-content/uploads/sites/24/2021/07/cat-toys.jpg</guid>
															<wp:post_id>756</wp:post_id>
					<wp:post_date><![CDATA[2021-07-19 09:00:09]]></wp:post_date>
					<wp:post_date_gmt><![CDATA[2021-07-19 09:00:09]]></wp:post_date_gmt>
					<wp:post_modified><![CDATA[2024-04-16 13:18:51]]></wp:post_modified>
					<wp:post_modified_gmt><![CDATA[2024-04-16 13:18:51]]></wp:post_modified_gmt>
					<wp:comment_status><![CDATA[open]]></wp:comment_status>
					<wp:post_name><![CDATA[cat-toys]]></wp:post_name>
					<wp:status><![CDATA[inherit]]></wp:status>
					<wp:post_parent>0</wp:post_parent>
					<wp:menu_order>0</wp:menu_order>
					<wp:post_type><![CDATA[attachment]]></wp:post_type>
											<wp:attachment_url><![CDATA[https://dummy.xtemos.com/woodmart2/gutenberg/wp-content/uploads/sites/24/2021/07/cat-toys.jpg]]></wp:attachment_url>
																					<wp:postmeta>
							<wp:meta_key><![CDATA[_wp_attached_file]]></wp:meta_key>
							<wp:meta_value><![CDATA[2021/07/cat-toys.jpg]]></wp:meta_value>
						</wp:postmeta>
										</item>
								<item>
					<title><![CDATA[brand-flos]]></title>
					<link>https://dummy.xtemos.com/woodmart2/gutenberg/brand-flos-2/</link>
					<pubDate>Mon, 19 Jul 2021 08:26:56 +0000</pubDate>
					<dc:creator><![CDATA[zakhar]]></dc:creator>
					<guid isPermaLink="false">http://dummy.xtemos.com/woodmart2/gutenberg/wp-content/uploads/sites/24/2021/07/brand-flos.png</guid>
															<wp:post_id>720</wp:post_id>
					<wp:post_date><![CDATA[2021-07-19 08:26:56]]></wp:post_date>
					<wp:post_date_gmt><![CDATA[2021-07-19 08:26:56]]></wp:post_date_gmt>
					<wp:post_modified><![CDATA[2024-04-16 13:18:51]]></wp:post_modified>
					<wp:post_modified_gmt><![CDATA[2024-04-16 13:18:51]]></wp:post_modified_gmt>
					<wp:comment_status><![CDATA[open]]></wp:comment_status>
					<wp:post_name><![CDATA[brand-flos-2]]></wp:post_name>
					<wp:status><![CDATA[inherit]]></wp:status>
					<wp:post_parent>0</wp:post_parent>
					<wp:menu_order>0</wp:menu_order>
					<wp:post_type><![CDATA[attachment]]></wp:post_type>
											<wp:attachment_url><![CDATA[https://dummy.xtemos.com/woodmart2/gutenberg/wp-content/uploads/sites/24/2021/07/brand-flos.png]]></wp:attachment_url>
																					<wp:postmeta>
							<wp:meta_key><![CDATA[_wp_attached_file]]></wp:meta_key>
							<wp:meta_value><![CDATA[2021/07/brand-flos.png]]></wp:meta_value>
						</wp:postmeta>
										</item>
								<item>
					<title><![CDATA[cat-menu-cooking]]></title>
					<link>https://dummy.xtemos.com/woodmart2/gutenberg/?attachment_id=10286</link>
					<pubDate>Wed, 24 Apr 2024 12:49:54 +0000</pubDate>
					<dc:creator><![CDATA[zakhar]]></dc:creator>
					<guid isPermaLink="false">http://dummy.xtemos.com/woodmart2/gutenberg/wp-content/uploads/sites/24/2024/04/cat-menu-cooking.png</guid>
															<wp:post_id>10286</wp:post_id>
					<wp:post_date><![CDATA[2024-04-24 12:49:54]]></wp:post_date>
					<wp:post_date_gmt><![CDATA[2024-04-24 12:49:54]]></wp:post_date_gmt>
					<wp:post_modified><![CDATA[2024-04-24 12:49:54]]></wp:post_modified>
					<wp:post_modified_gmt><![CDATA[2024-04-24 12:49:54]]></wp:post_modified_gmt>
					<wp:comment_status><![CDATA[open]]></wp:comment_status>
					<wp:post_name><![CDATA[cat-menu-cooking-2]]></wp:post_name>
					<wp:status><![CDATA[inherit]]></wp:status>
					<wp:post_parent>9363</wp:post_parent>
					<wp:menu_order>0</wp:menu_order>
					<wp:post_type><![CDATA[attachment]]></wp:post_type>
											<wp:attachment_url><![CDATA[https://dummy.xtemos.com/woodmart2/gutenberg/wp-content/uploads/sites/24/2024/04/cat-menu-cooking.png]]></wp:attachment_url>
																					<wp:postmeta>
							<wp:meta_key><![CDATA[_wp_attached_file]]></wp:meta_key>
							<wp:meta_value><![CDATA[2024/04/cat-menu-cooking.png]]></wp:meta_value>
						</wp:postmeta>
										</item>
								<item>
					<title><![CDATA[cat-menu-lighting]]></title>
					<link>https://dummy.xtemos.com/woodmart2/gutenberg/?attachment_id=29817</link>
					<pubDate>Fri, 30 Aug 2024 09:10:19 +0000</pubDate>
					<dc:creator><![CDATA[zakhar]]></dc:creator>
					<guid isPermaLink="false">https://dummy.xtemos.com/woodmart2/gutenberg/wp-content/uploads/sites/24/2024/07/cat-menu-lighting.png</guid>
															<wp:post_id>29817</wp:post_id>
					<wp:post_date><![CDATA[2024-08-30 09:10:19]]></wp:post_date>
					<wp:post_date_gmt><![CDATA[2024-08-30 09:10:19]]></wp:post_date_gmt>
					<wp:post_modified><![CDATA[2024-08-30 09:10:19]]></wp:post_modified>
					<wp:post_modified_gmt><![CDATA[2024-08-30 09:10:19]]></wp:post_modified_gmt>
					<wp:comment_status><![CDATA[open]]></wp:comment_status>
					<wp:post_name><![CDATA[cat-menu-lighting-2]]></wp:post_name>
					<wp:status><![CDATA[inherit]]></wp:status>
					<wp:post_parent>9361</wp:post_parent>
					<wp:menu_order>0</wp:menu_order>
					<wp:post_type><![CDATA[attachment]]></wp:post_type>
											<wp:attachment_url><![CDATA[https://dummy.xtemos.com/woodmart2/gutenberg/wp-content/uploads/sites/24/2024/07/cat-menu-lighting.png]]></wp:attachment_url>
																					<wp:postmeta>
							<wp:meta_key><![CDATA[_wp_attached_file]]></wp:meta_key>
							<wp:meta_value><![CDATA[2024/07/cat-menu-lighting.png]]></wp:meta_value>
						</wp:postmeta>
										</item>
				</channel>
</rss>
	