{
    "default_header": "header_161667",
    "primary-color": {
        "idle": "rgb(232,58,58)"
    },
    "btns_shop_bg": {
        "idle": "rgb(232,58,58)"
    },
    "btns_shop_bg_hover": {
        "idle": "rgb(210,51,57)"
    },
    "footer-style": "light",
    "footer-bar-bg": {
        "color": "",
        "url": "https:\/\/dummy.xtemos.com\/woodmart2\/gutenberg\/wp-content\/uploads\/sites\/24\/2024\/07\/bikes-footer-bg.jpg",
        "id": "21066",
        "repeat": "",
        "size": "",
        "attachment": "",
        "position": "center center"
    },
    "text-font": [
        {
            "google": "1",
            "font-family": "Cabin",
            "font-weight": "400",
            "font-style": "",
            "font-subset": "",
            "font-size": "16",
            "tablet": {
                "font-size": ""
            },
            "mobile": {
                "font-size": ""
            },
            "color": "rgb(118,118,118)"
        }
    ],
    "primary-font": [
        {
            "google": "1",
            "font-family": "Cabin",
            "font-weight": "600",
            "font-style": "",
            "font-subset": "",
            "text-transform": "",
            "color": "#242424"
        }
    ],
    "post-titles-font": [
        {
            "google": "1",
            "font-family": "Cabin",
            "font-weight": "500",
            "font-style": "",
            "font-subset": "",
            "text-transform": "",
            "color": "#333333",
            "hover": {
                "color": "rgb(51 51 51 \/ 65%)"
            }
        }
    ],
    "widget-titles-font": [
        {
            "google": "1",
            "font-family": "Cabin",
            "font-weight": "600",
            "font-style": "",
            "font-subset": "",
            "text-transform": "uppercase",
            "font-size": "16",
            "tablet": {
                "font-size": ""
            },
            "mobile": {
                "font-size": ""
            },
            "color": "#333"
        }
    ],
    "products_hover": "icons",
    "header_banner": "1",
    "btns_shop_style": "flat",
    "header_banner_link": "#",
    "header_banner_content_type": "text",
    "header_banner_shortcode": "Summer 25% discount on all last year's bike models&lt;\\\/p&gt;",
    "footer_content_type": "html_block",
    "footer_html_block": "12962",
    "prefooter_content_type": "html_block",
    "prefooter_html_block": "",
    "promo_popup": "1",
    "popup-background": {
        "color": "rgb(255,255,255)",
        "url": "https:\/\/dummy.xtemos.com\/woodmart2\/gutenberg\/wp-content\/uploads\/sites\/24\/2024\/07\/bikes-popup-bg.jpg",
        "id": "21078",
        "repeat": "no-repeat",
        "size": "cover",
        "attachment": "",
        "position": "center center"
    },
    "popup_color_scheme": "dark",
    "popup_width": "800",
    "promo_popup_hide_mobile": "1",
    "popup_event": "time",
    "promo_timeout": "2000",
    "promo_version": "1",
    "popup_pages": "0",
    "promo_popup_content_type": "html_block",
    "popup_html_block": "11949",
    "header_banner_bg": {
        "color": "rgb(232,58,58)",
        "url": "",
        "id": "",
        "repeat": "",
        "size": "",
        "attachment": "",
        "position": ""
    },
    "header_banner_color": "light",
    "title-background": {
        "color": "#0a0a0a",
        "url": "https:\/\/dummy.xtemos.com\/woodmart2\/gutenberg\/wp-content\/uploads\/sites\/24\/2024\/07\/bikes-page-title.jpg",
        "id": "21076",
        "repeat": "",
        "size": "cover",
        "attachment": "",
        "position": "center center"
    }
}