{
    "footer-bar-bg": {
        "color": "rgb(14,14,14)",
        "url": "",
        "id": "",
        "repeat": "",
        "size": "",
        "attachment": "",
        "position": ""
    },
    "footer-style": "light",
    "products_hover": "quick",
    "default_header": "header_613302",
    "title-background": {
        "color": "#0a0a0a",
        "url": "http:\/\/dummy.xtemos.com\/woodmart2\/elementor\/wp-content\/uploads\/sites\/2\/2021\/08\/page-title-shop.jpg",
        "id": "569",
        "repeat": "",
        "size": "cover",
        "attachment": "",
        "position": "center center"
    },
    "promo_popup": "1",
    "promo_popup_content_type": "html_block",
    "popup_html_block": "724",
    "popup-background": {
        "color": "#111111",
        "url": "http:\/\/dummy.xtemos.com\/woodmart2\/elementor\/wp-content\/uploads\/sites\/2\/2021\/08\/promo-popup.jpg",
        "id": "711",
        "repeat": "no-repeat",
        "size": "cover",
        "attachment": "",
        "position": "center center"
    },
    "popup_padding": "eyJkZXZpY2VzIjp7ImRlc2t0b3AiOnsidW5pdCI6InB4IiwidmFsdWUiOiIxNSJ9fX0=",
    "prefooter_content_type": "html_block",
    "prefooter_html_block": "728",
    "additional_tab_content_type": "html_block",
    "additional_tab_html_block": "726",
    "portfolio_page": "51"
}