<?xml version="1.0" encoding="UTF-8" ?>
	<!-- This is a WordPress eXtended RSS file generated by WordPress as an export of your site. -->
	<!-- It contains information about your site's posts, pages, comments, categories, and other content. -->
	<!-- You may use this file to transfer that content from one site to another. -->
	<!-- This file is not intended to serve as a complete backup of your site. -->

	<!-- To import this information into a WordPress site follow these steps: -->
	<!-- 1. Log in to that site as an administrator. -->
	<!-- 2. Go to Tools: Import in the WordPress admin panel. -->
	<!-- 3. Install the "WordPress" importer from the list. -->
	<!-- 4. Activate & Run Importer. -->
	<!-- 5. Upload this file using the form provided on that page. -->
	<!-- 6. You will first be asked to map the authors in this export file to users -->
	<!--    on the site. For each author, you may choose to map to an -->
	<!--    existing user on the site or to create a new user. -->
	<!-- 7. WordPress will then import each of the posts, pages, comments, categories, etc. -->
	<!--    contained in this file into your site. -->

	<!-- generator="WordPress/6.5.5" created="2024-10-25 07:54" -->
<rss version="2.0"
	xmlns:excerpt="http://wordpress.org/export/1.2/excerpt/"
	xmlns:content="http://purl.org/rss/1.0/modules/content/"
	xmlns:wfw="http://wellformedweb.org/CommentAPI/"
	xmlns:dc="http://purl.org/dc/elements/1.1/"
	xmlns:wp="http://wordpress.org/export/1.2/"
>

<channel>
	<title>Gutenberg base</title>
	<link>https://dummy.xtemos.com/woodmart2/gutenberg</link>
	<description></description>
	<pubDate>Fri, 25 Oct 2024 07:54:44 +0000</pubDate>
	<language>en-US</language>
	<wp:wxr_version>1.2</wp:wxr_version>
	<wp:base_site_url>https://dummy.xtemos.com/woodmart2/</wp:base_site_url>
	<wp:base_blog_url>https://dummy.xtemos.com/woodmart2/gutenberg</wp:base_blog_url>

		<wp:author><wp:author_id>491</wp:author_id><wp:author_login><![CDATA[maksimkliakhin]]></wp:author_login><wp:author_email><![CDATA[m.kliakhin@gmail.com]]></wp:author_email><wp:author_display_name><![CDATA[Ethan Smith]]></wp:author_display_name><wp:author_first_name><![CDATA[Ethan]]></wp:author_first_name><wp:author_last_name><![CDATA[Smith]]></wp:author_last_name></wp:author>

					<wp:term>
			<wp:term_id>0</wp:term_id>
			<wp:term_taxonomy><![CDATA[]]></wp:term_taxonomy>
			<wp:term_slug><![CDATA[]]></wp:term_slug>
			<wp:term_parent><![CDATA[]]></wp:term_parent>
					</wp:term>
		
	<generator>https://wordpress.org/?v=6.5.5</generator>

					<item>
					<title><![CDATA[About Factory]]></title>
					<link>https://dummy.xtemos.com/woodmart2/gutenberg/about-factory/</link>
					<pubDate>Mon, 05 Aug 2024 09:59:40 +0000</pubDate>
					<dc:creator><![CDATA[maksimkliakhin]]></dc:creator>
					<guid isPermaLink="false">https://dummy.xtemos.com/woodmart2/gutenberg/?page_id=27660</guid>
											<content:encoded><![CDATA[<!-- wp:wd/row {"blockId":"04cd1a0d-bced-4c76-a95c-18f6256550fe","marginBottom":"80"} -->
<div id="wd-04cd1a0d" class="wp-block-wd-row"><!-- wp:wd/column {"blockId":"ae64a2fd-07e8-43ba-9134-e0c761d08d99","adjacentCount":2,"justifyContent":"center","adjacentCountTablet":1,"colWidthTablet":100} -->
<div id="wd-ae64a2fd" class="wp-block-wd-column"><!-- wp:wd/gallery {"blockId":"c34f3c09-c2ce-456e-89f5-ed80f3b09d8d","columns":2,"spacing":"2","expandOnClick":true,"columnsMobile":2} -->
<div id="wd-c34f3c09" class="wp-block-wd-gallery wd-grid-g wd-caption-mask" style="--wd-col-lg:2;--wd-col-md:2;--wd-col-sm:2;--wd-gap-lg:2px"><!-- wp:wd/gallery-item {"blockId":"be69ce88-50ab-4a95-ab2c-444c758f7e80","image":{"id":27665,"url":"https://dummy.xtemos.com/woodmart2/gutenberg/wp-content/uploads/sites/24/2024/08/about-factory-image-1.jpg"},"expandOnClick":true,"imageData":{"url":"https://dummy.xtemos.com/woodmart2/gutenberg/wp-content/uploads/sites/24/2024/08/about-factory-image-1.jpg","width":1200,"height":800}} -->
<div id="wd-be69ce88" class="wp-block-wd-gallery-item wd-col photoswipe-images"><div class="wd-block-image"><a href="https://dummy.xtemos.com/woodmart2/gutenberg/wp-content/uploads/sites/24/2024/08/about-factory-image-1.jpg" data-width="1200" data-height="800" data-elementor-open-lightbox="no"><img class="wp-image-27665" src="https://dummy.xtemos.com/woodmart2/gutenberg/wp-content/uploads/sites/24/2024/08/about-factory-image-1.jpg" /></a></div></div>
<!-- /wp:wd/gallery-item -->

<!-- wp:wd/gallery-item {"blockId":"e187e3ea-2dd1-4807-8d4d-a82fa32a7fd2","image":{"id":27666,"url":"https://dummy.xtemos.com/woodmart2/gutenberg/wp-content/uploads/sites/24/2024/08/about-factory-image-2.jpg"},"expandOnClick":true,"imageData":{"url":"https://dummy.xtemos.com/woodmart2/gutenberg/wp-content/uploads/sites/24/2024/08/about-factory-image-2.jpg","width":1200,"height":800}} -->
<div id="wd-e187e3ea" class="wp-block-wd-gallery-item wd-col photoswipe-images"><div class="wd-block-image"><a href="https://dummy.xtemos.com/woodmart2/gutenberg/wp-content/uploads/sites/24/2024/08/about-factory-image-2.jpg" data-width="1200" data-height="800" data-elementor-open-lightbox="no"><img class="wp-image-27666" src="https://dummy.xtemos.com/woodmart2/gutenberg/wp-content/uploads/sites/24/2024/08/about-factory-image-2.jpg" /></a></div></div>
<!-- /wp:wd/gallery-item -->

<!-- wp:wd/gallery-item {"blockId":"701128d4-8ca1-4656-9c40-6c17e200eefd","image":{"id":27667,"url":"https://dummy.xtemos.com/woodmart2/gutenberg/wp-content/uploads/sites/24/2024/08/about-factory-image-3.jpg"},"expandOnClick":true,"imageData":{"url":"https://dummy.xtemos.com/woodmart2/gutenberg/wp-content/uploads/sites/24/2024/08/about-factory-image-3.jpg","width":1200,"height":800}} -->
<div id="wd-701128d4" class="wp-block-wd-gallery-item wd-col photoswipe-images"><div class="wd-block-image"><a href="https://dummy.xtemos.com/woodmart2/gutenberg/wp-content/uploads/sites/24/2024/08/about-factory-image-3.jpg" data-width="1200" data-height="800" data-elementor-open-lightbox="no"><img class="wp-image-27667" src="https://dummy.xtemos.com/woodmart2/gutenberg/wp-content/uploads/sites/24/2024/08/about-factory-image-3.jpg" /></a></div></div>
<!-- /wp:wd/gallery-item -->

<!-- wp:wd/gallery-item {"blockId":"d475d9ca-d67f-4980-9948-050e004b76ce","image":{"id":27668,"url":"https://dummy.xtemos.com/woodmart2/gutenberg/wp-content/uploads/sites/24/2024/08/about-factory-image-4.jpg"},"expandOnClick":true,"imageData":{"url":"https://dummy.xtemos.com/woodmart2/gutenberg/wp-content/uploads/sites/24/2024/08/about-factory-image-4.jpg","width":1200,"height":800}} -->
<div id="wd-d475d9ca" class="wp-block-wd-gallery-item wd-col photoswipe-images"><div class="wd-block-image"><a href="https://dummy.xtemos.com/woodmart2/gutenberg/wp-content/uploads/sites/24/2024/08/about-factory-image-4.jpg" data-width="1200" data-height="800" data-elementor-open-lightbox="no"><img class="wp-image-27668" src="https://dummy.xtemos.com/woodmart2/gutenberg/wp-content/uploads/sites/24/2024/08/about-factory-image-4.jpg" /></a></div></div>
<!-- /wp:wd/gallery-item --></div>
<!-- /wp:wd/gallery --></div>
<!-- /wp:wd/column -->

<!-- wp:wd/column {"blockId":"8d99c936-79e5-461a-af18-3d068f1a6383","adjacentCount":2,"justifyContent":"center","adjacentCountTablet":1,"colWidthTablet":100} -->
<div id="wd-8d99c936" class="wp-block-wd-column"><!-- wp:wd/title {"blockId":"ca6d1a8a-2d1c-4691-9949-0e5130742b58","content":"How our manufactory design and works with \u003cspan class=\u0022wd-highlight\u0022\u003ehandmade creations\u003c/span\u003e","tpFontSize":"32","markColorVariable":"\u002d\u002dwd-primary-color","tpFontSizeTablet":"28","tpFontSizeMobile":"22","displayWidthTablet":"full-width","customWidthTablet":"450"} -->
<h2 id="wd-ca6d1a8a" class="wp-block-wd-title title wd-custom-width">How our manufactory design and works with <span class="wd-highlight">handmade creations</span></h2>
<!-- /wp:wd/title -->

<!-- wp:wd/divider {"blockId":"4eab298f-b236-4eb5-8b07-037c7503e115","style":"zigzag","svgSize":16,"weight":5,"height":14,"width":"20","widthUnits":"%"} -->
<div id="wd-4eab298f" class="wp-block-wd-divider wd-style-line wd-type-svg"></div>
<!-- /wp:wd/divider -->

<!-- wp:wd/row {"blockId":"be2dc554-addf-4c35-abb6-2da640b55c0e","columnsGapMobile":20} -->
<div id="wd-be2dc554" class="wp-block-wd-row"><!-- wp:wd/column {"blockId":"77f6838f-def3-4555-b88d-0fbe14c1e2ba","adjacentCount":2,"blocksGap":10,"adjacentCountTablet":2,"colWidthTablet":50} -->
<div id="wd-77f6838f" class="wp-block-wd-column"><!-- wp:wd/title {"blockId":"9aaab3bb-4cdc-4065-8649-89d6ed56a220","content":"Suspendisse vestibulum venenatis.","tpFontSize":"16"} -->
<h2 id="wd-9aaab3bb" class="wp-block-wd-title title">Suspendisse vestibulum venenatis.</h2>
<!-- /wp:wd/title -->

<!-- wp:wd/paragraph {"blockId":"5278db7e-701b-493b-bb39-bb4ecd7d8c80"} -->
<p id="wd-5278db7e" class="wp-block-wd-paragraph">Praesent a nostra lacus aliquet torquent molestie class ullamcorper nascetur sociis mus a mi sem conubia.</p>
<!-- /wp:wd/paragraph --></div>
<!-- /wp:wd/column -->

<!-- wp:wd/column {"blockId":"9ba983f8-1fbc-42d0-b272-4ac52df20c6c","adjacentCount":2,"blocksGap":10,"adjacentCountTablet":2} -->
<div id="wd-9ba983f8" class="wp-block-wd-column"><!-- wp:wd/title {"blockId":"7484252e-e379-405a-b490-29734a7bda9f","content":"Pretium et rutrum suspendisse.","tpFontSize":"16"} -->
<h2 id="wd-7484252e" class="wp-block-wd-title title">Pretium et rutrum suspendisse.</h2>
<!-- /wp:wd/title -->

<!-- wp:wd/paragraph {"blockId":"7d1bb47f-93e4-46ab-b86d-3663a1f5f86e"} -->
<p id="wd-7d1bb47f" class="wp-block-wd-paragraph">Praesent a nostra lacus aliquet torquent molestie class ullamcorper nascetur sociis mus a mi sem conubia.</p>
<!-- /wp:wd/paragraph --></div>
<!-- /wp:wd/column --></div>
<!-- /wp:wd/row -->

<!-- wp:wd/row {"blockId":"628a91c7-26c4-4eb2-8421-87706c9ed7d1","columnsGapMobile":20} -->
<div id="wd-628a91c7" class="wp-block-wd-row"><!-- wp:wd/column {"blockId":"6fc8d8ac-8935-4914-95c9-41bfdbaed295","adjacentCount":2,"blocksGap":10,"adjacentCountTablet":2,"colWidthTablet":50} -->
<div id="wd-6fc8d8ac" class="wp-block-wd-column"><!-- wp:wd/title {"blockId":"5feba22a-c6c1-48e8-b880-b08d366c741b","content":"Suspendisse vestibulum venenatis.","tpFontSize":"16"} -->
<h2 id="wd-5feba22a" class="wp-block-wd-title title">Suspendisse vestibulum venenatis.</h2>
<!-- /wp:wd/title -->

<!-- wp:wd/paragraph {"blockId":"ece08306-e198-4fa1-bec6-c6ca6146662d"} -->
<p id="wd-ece08306" class="wp-block-wd-paragraph">Praesent a nostra lacus aliquet torquent molestie class ullamcorper nascetur sociis mus a mi sem conubia.</p>
<!-- /wp:wd/paragraph --></div>
<!-- /wp:wd/column -->

<!-- wp:wd/column {"blockId":"c2d4dade-bc37-45e9-8395-cddd5912fb67","adjacentCount":2,"blocksGap":10,"adjacentCountTablet":2} -->
<div id="wd-c2d4dade" class="wp-block-wd-column"><!-- wp:wd/title {"blockId":"9cbbb619-3a0c-40f5-9df2-ff9b72c2c84b","content":"Pretium et rutrum suspendisse.","tpFontSize":"16"} -->
<h2 id="wd-9cbbb619" class="wp-block-wd-title title">Pretium et rutrum suspendisse.</h2>
<!-- /wp:wd/title -->

<!-- wp:wd/paragraph {"blockId":"111fd9ae-165e-41dd-9720-130434fdc36f"} -->
<p id="wd-111fd9ae" class="wp-block-wd-paragraph">Praesent a nostra lacus aliquet torquent molestie class ullamcorper nascetur sociis mus a mi sem conubia.</p>
<!-- /wp:wd/paragraph --></div>
<!-- /wp:wd/column --></div>
<!-- /wp:wd/row -->

<!-- wp:wd/container {"blockId":"14f4ee7a-cf62-4b43-a690-89f6b1b0d579","direction":"row"} -->
<div id="wd-14f4ee7a" class="wp-block-wd-container wd-dir-row"><!-- wp:wd/button {"blockId":"dfb24d3b-2dbc-41d2-86c5-1aae1151fa82","predefinedColor":"primary"} -->
<a id="wd-dfb24d3b" class="wp-block-wd-button btn btn-style-default btn-color-primary btn-size-default btn-shape-rectangle" href="#"><span>Shop products</span></a>
<!-- /wp:wd/button -->

<!-- wp:wd/button {"blockId":"1a929d60-7b51-4f9e-96ad-d1f55de27e19","design":"bordered","bgColorCode":"rgba(0,0,0,0)","bgHoverColorCode":"#e9e9e9","transitionBackground":0.3} -->
<a id="wd-1a929d60" class="wp-block-wd-button btn btn-style-bordered btn-size-default btn-shape-rectangle" href="#"><span>Read more</span></a>
<!-- /wp:wd/button --></div>
<!-- /wp:wd/container --></div>
<!-- /wp:wd/column --></div>
<!-- /wp:wd/row -->

<!-- wp:wd/container {"blockId":"dc659bad-edbe-45bb-b628-c949e4688e1c","align":"center","textAlign":"center","rowGap":"10","positionType":"relative","positionZIndex":"2","marginBottom":"-170","textAlignMobile":"center","marginBottomMobile":"15"} -->
<div id="wd-dc659bad" class="wp-block-wd-container wd-dir-col wd-align-is-lg-center wd-align"><!-- wp:wd/title {"blockId":"f1d03396-0c07-46dc-a51b-8d5eaf642130","content":"Augue in parturient ullamcorper cursus a sodales fusce imperdiet.​","tpFontSize":"32","displayWidth":"custom","customWidth":"596","tpFontSizeTablet":"22","tpFontSizeMobile":"18"} -->
<h2 id="wd-f1d03396" class="wp-block-wd-title title wd-custom-width">Augue in parturient ullamcorper cursus a sodales fusce imperdiet.​</h2>
<!-- /wp:wd/title -->

<!-- wp:wd/divider {"blockId":"478f4d13-1052-4eb5-b267-36fe3cbdf563","style":"zigzag","svgSize":16,"weight":5,"height":14,"width":"15","displayWidth":"full-width","widthUnits":"%"} -->
<div id="wd-478f4d13" class="wp-block-wd-divider wd-style-line wd-type-svg wd-custom-width"></div>
<!-- /wp:wd/divider -->

<!-- wp:wd/video {"blockId":"2bac24bf-9968-46f0-bc79-459c8e7c6a04","videoType":"external","externalUrl":"https://www.youtube.com/watch?v=LXb3EKWsInQ","videoActionButton":"overlay","videoImageOverlay":{"id":27673,"url":"https://dummy.xtemos.com/woodmart2/gutenberg/wp-content/uploads/sites/24/2024/08/about-factory-video.jpg"},"videoSize":"aspect_ratio","borderType":"solid","borderColorCode":"#ffffff","borderWidth":"20","borderWidthTop":"20","borderWidthRight":"20","borderWidthBottom":"20","borderWidthLeft":"20","borderWidthLock":true,"displayWidth":"custom","customWidth":"815"} -->
<div id="wd-2bac24bf" class="wp-block-wd-video wd-el-video wd-action-overlay wd-video-external wd-with-aspect-ratio wd-custom-width"><iframe allowfullscreen allow="accelerometer; autoplay; encrypted-media; gyroscope; picture-in-picture" width="100%" height="100%" loading="lazy" data-lazy-load="https://www.youtube.com/embed/LXb3EKWsInQ?feature=oembed&amp;controls=1&amp;autoplay=1"></iframe><div class="wd-el-video-overlay wd-fill"><img src="https://dummy.xtemos.com/woodmart2/gutenberg/wp-content/uploads/sites/24/2024/08/about-factory-video.jpg" class="wp-image-27673" /></div><div class="wd-el-video-control color-scheme-light wd-fill"><span class="wd-el-video-play-btn"></span></div><a href="https://www.youtube.com/embed/LXb3EKWsInQ?feature=oembed&amp;controls=1&amp;autoplay=1" class="wd-el-video-link wd-el-video-btn-overlay wd-fill"></a></div>
<!-- /wp:wd/video --></div>
<!-- /wp:wd/container -->

<!-- wp:wd/section {"blockId":"2ca9b53a-6172-408f-86f9-999399794a89","blockGap":30,"positionZIndex":"1","paddingTop":"220","paddingBottom":"50","marginBottom":"-40","overlayColorVariable":"\u002d\u002dwd-primary-color","overlay":true,"overlayOpacity":0.1,"paddingTopMobile":"50"} -->
<div id="wd-2ca9b53a" class="wp-block-wd-section wd-bg-parent"><div class="wd-bg-overlay"></div><!-- wp:wd/title {"blockId":"e87ea2cd-b24c-4e05-b8ca-68b29aff94c6","textAlign":"center","content":"Lobortis parturient hendrerit suspendisse fringilla idvel ridiculus hac eu massa et orci sociosqu.​","tpFontSize":"22","alignSelf":"center","displayWidth":"custom","customWidth":"596","tpFontSizeMobile":"20","displayWidthTablet":"custom","customWidthTablet":"565"} -->
<h2 id="wd-e87ea2cd" class="wp-block-wd-title title wd-align wd-custom-width wd-align-s-center">Lobortis parturient hendrerit suspendisse fringilla idvel ridiculus hac eu massa et orci sociosqu.​</h2>
<!-- /wp:wd/title -->

<!-- wp:wd/row {"blockId":"15263b4d-f4b3-4492-9e69-d56d54c720b4","columnsGap":0,"marginBottom":"20","columnsGapMobile":20} -->
<div id="wd-15263b4d" class="wp-block-wd-row"><!-- wp:wd/column {"blockId":"8c4661be-9ff1-4395-a2bb-238f20b26895","adjacentCount":4,"paddingTop":"15","paddingRight":"15","paddingBottom":"15","paddingLeft":"15","paddingLock":true,"borderType":"solid","borderColorCode":"rgba(73,73,73,0.09)","borderWidthRight":"1","adjacentCountTablet":2,"colWidthTablet":50,"borderWidthRightTablet":"0"} -->
<div id="wd-8c4661be" class="wp-block-wd-column"><!-- wp:wd/infobox {"blockId":"f8875034-e7a8-43de-9dd7-5b6aaea518c3","align":"center"} -->
<div id="wd-f8875034" class="wp-block-wd-infobox wd-hover-parent wd-align wd-icon-top"><!-- wp:wd/icon {"blockId":"468d1965-8ebe-4a06-b8f2-82c72d2a6459","image":{"id":27670,"url":"https://dummy.xtemos.com/woodmart2/gutenberg/wp-content/uploads/sites/24/2024/08/about-factory-paint-bucket.svg"},"width":"50"} -->
<div id="wd-468d1965" class="wp-block-wd-icon"><img class="wp-image-27670" src="https://dummy.xtemos.com/woodmart2/gutenberg/wp-content/uploads/sites/24/2024/08/about-factory-paint-bucket.svg" /></div>
<!-- /wp:wd/icon -->

<!-- wp:wd/container {"blockId":"810e20d7-b789-41b7-8a54-d09c89dd5129","metadata":{"name":"Infobox content"}} -->
<div id="wd-810e20d7" class="wp-block-wd-container wd-dir-col"><!-- wp:wd/title {"blockId":"0f73ea71-b94c-429a-8434-81206d80cdbb","content":"DESIGN PROCESS","tpFontSize":"16","colorVariable":"\u002d\u002dwd-primary-color","tpFontSizeTablet":"16"} -->
<h2 id="wd-0f73ea71" class="wp-block-wd-title title">DESIGN PROCESS</h2>
<!-- /wp:wd/title -->

<!-- wp:wd/paragraph {"blockId":"f386f49a-f16f-43b9-9bb0-166dd52f7dda"} -->
<p id="wd-f386f49a" class="wp-block-wd-paragraph">Sit eu mauris et ac imperdiet facilisi facilisi nulla adipiscing consectetur vel aliquet at condimentum.</p>
<!-- /wp:wd/paragraph --></div>
<!-- /wp:wd/container --></div>
<!-- /wp:wd/infobox --></div>
<!-- /wp:wd/column -->

<!-- wp:wd/column {"blockId":"29293d6d-c5c2-40be-83d0-f08ebf17a085","adjacentCount":4,"paddingTop":"15","paddingRight":"15","paddingBottom":"15","paddingLeft":"15","paddingLock":true,"borderType":"solid","borderColorCode":"rgba(73,73,73,0.09)","borderWidthRight":"1","adjacentCountTablet":2,"colWidthTablet":50,"borderWidthRightTablet":"0"} -->
<div id="wd-29293d6d" class="wp-block-wd-column"><!-- wp:wd/infobox {"blockId":"a2982ed7-85c7-4453-a3e1-6a752d0c7713","align":"center"} -->
<div id="wd-a2982ed7" class="wp-block-wd-infobox wd-hover-parent wd-align wd-icon-top"><!-- wp:wd/icon {"blockId":"e0013ebc-e107-490c-af90-d02825ac44a4","image":{"id":27669,"url":"https://dummy.xtemos.com/woodmart2/gutenberg/wp-content/uploads/sites/24/2024/08/about-factory-measuring-tape.svg"},"width":"50"} -->
<div id="wd-e0013ebc" class="wp-block-wd-icon"><img class="wp-image-27669" src="https://dummy.xtemos.com/woodmart2/gutenberg/wp-content/uploads/sites/24/2024/08/about-factory-measuring-tape.svg" /></div>
<!-- /wp:wd/icon -->

<!-- wp:wd/container {"blockId":"86a9f18a-150e-489e-ae7a-89c5976a5d47","metadata":{"name":"Infobox content"}} -->
<div id="wd-86a9f18a" class="wp-block-wd-container wd-dir-col"><!-- wp:wd/title {"blockId":"95a912f2-061b-4aff-aa1e-cdfe25b3eadd","content":"CREATIVE IDEAS","tpFontSize":"16","colorVariable":"\u002d\u002dwd-primary-color"} -->
<h2 id="wd-95a912f2" class="wp-block-wd-title title">CREATIVE IDEAS</h2>
<!-- /wp:wd/title -->

<!-- wp:wd/paragraph {"blockId":"db40bcf7-87f4-448d-839c-d891d5c8fe81"} -->
<p id="wd-db40bcf7" class="wp-block-wd-paragraph">Sit eu mauris et ac imperdiet facilisi facilisi nulla adipiscing consectetur vel aliquet at condimentum.</p>
<!-- /wp:wd/paragraph --></div>
<!-- /wp:wd/container --></div>
<!-- /wp:wd/infobox --></div>
<!-- /wp:wd/column -->

<!-- wp:wd/column {"blockId":"597472c2-e749-40a8-8b46-c9e577eeac47","adjacentCount":4,"paddingTop":"15","paddingRight":"15","paddingBottom":"15","paddingLeft":"15","paddingLock":true,"borderType":"solid","borderColorCode":"rgba(73,73,73,0.09)","borderWidthRight":"1","adjacentCountTablet":2,"colWidthTablet":50,"borderWidthRightTablet":"0"} -->
<div id="wd-597472c2" class="wp-block-wd-column"><!-- wp:wd/infobox {"blockId":"af62c209-17ff-492d-a896-72167bf9a3bc","align":"center"} -->
<div id="wd-af62c209" class="wp-block-wd-infobox wd-hover-parent wd-align wd-icon-top"><!-- wp:wd/icon {"blockId":"2a0d50cf-7c71-461b-aba9-142316b17a04","image":{"id":27671,"url":"https://dummy.xtemos.com/woodmart2/gutenberg/wp-content/uploads/sites/24/2024/08/about-factory-scissors.svg"},"width":"50"} -->
<div id="wd-2a0d50cf" class="wp-block-wd-icon"><img class="wp-image-27671" src="https://dummy.xtemos.com/woodmart2/gutenberg/wp-content/uploads/sites/24/2024/08/about-factory-scissors.svg" /></div>
<!-- /wp:wd/icon -->

<!-- wp:wd/container {"blockId":"f99f0d0f-6298-4741-b6e0-db98957db942","metadata":{"name":"Infobox content"}} -->
<div id="wd-f99f0d0f" class="wp-block-wd-container wd-dir-col"><!-- wp:wd/title {"blockId":"d83c4c46-5269-4607-a41c-c6903265a715","content":"HANDMADE MASTERS","tpFontSize":"16","colorVariable":"\u002d\u002dwd-primary-color"} -->
<h2 id="wd-d83c4c46" class="wp-block-wd-title title">HANDMADE MASTERS</h2>
<!-- /wp:wd/title -->

<!-- wp:wd/paragraph {"blockId":"35c05e48-38a9-420f-b3ba-406e7eb39830"} -->
<p id="wd-35c05e48" class="wp-block-wd-paragraph">Sit eu mauris et ac imperdiet facilisi facilisi nulla adipiscing consectetur vel aliquet at condimentum.</p>
<!-- /wp:wd/paragraph --></div>
<!-- /wp:wd/container --></div>
<!-- /wp:wd/infobox --></div>
<!-- /wp:wd/column -->

<!-- wp:wd/column {"blockId":"eaf49ee8-94fa-40ab-8271-1f41bb0b5ebf","adjacentCount":4,"paddingTop":"15","paddingRight":"15","paddingBottom":"15","paddingLeft":"15","paddingLock":true,"adjacentCountTablet":2,"colWidthTablet":50} -->
<div id="wd-eaf49ee8" class="wp-block-wd-column"><!-- wp:wd/infobox {"blockId":"bb1596d1-cba1-4e82-9692-60a28d0d6cbc","align":"center"} -->
<div id="wd-bb1596d1" class="wp-block-wd-infobox wd-hover-parent wd-align wd-icon-top"><!-- wp:wd/icon {"blockId":"97925310-0718-41fa-9941-68b887423a53","image":{"id":27672,"url":"https://dummy.xtemos.com/woodmart2/gutenberg/wp-content/uploads/sites/24/2024/08/about-factory-thread.svg"},"width":"50"} -->
<div id="wd-97925310" class="wp-block-wd-icon"><img class="wp-image-27672" src="https://dummy.xtemos.com/woodmart2/gutenberg/wp-content/uploads/sites/24/2024/08/about-factory-thread.svg" /></div>
<!-- /wp:wd/icon -->

<!-- wp:wd/container {"blockId":"9a545901-8dc6-4dbd-9df8-c71fe00faf9d","metadata":{"name":"Infobox content"}} -->
<div id="wd-9a545901" class="wp-block-wd-container wd-dir-col"><!-- wp:wd/title {"blockId":"520f6bcd-2631-446d-aec8-6339162513e3","content":"FAST DELIV1ERY","tpFontSize":"16","colorVariable":"\u002d\u002dwd-primary-color"} -->
<h2 id="wd-520f6bcd" class="wp-block-wd-title title">FAST DELIV1ERY</h2>
<!-- /wp:wd/title -->

<!-- wp:wd/paragraph {"blockId":"3dcbd870-fb5a-47a5-9035-b04abe221ec6"} -->
<p id="wd-3dcbd870" class="wp-block-wd-paragraph">Sit eu mauris et ac imperdiet facilisi facilisi nulla adipiscing consectetur vel aliquet at condimentum.</p>
<!-- /wp:wd/paragraph --></div>
<!-- /wp:wd/container --></div>
<!-- /wp:wd/infobox --></div>
<!-- /wp:wd/column --></div>
<!-- /wp:wd/row -->

<!-- wp:wd/button {"blockId":"4723543c-417f-4c9b-ba16-f84e5e6bdf9d","predefinedColor":"black","alignSelf":"center"} -->
<a id="wd-4723543c" class="wp-block-wd-button btn btn-style-default btn-color-black btn-size-default btn-shape-rectangle wd-align-s-center" href="#"><span>Book our service</span></a>
<!-- /wp:wd/button --></div>
<!-- /wp:wd/section -->]]></content:encoded>
															<wp:post_id>27660</wp:post_id>
					<wp:post_date><![CDATA[2024-08-05 09:59:40]]></wp:post_date>
					<wp:post_date_gmt><![CDATA[2024-08-05 09:59:40]]></wp:post_date_gmt>
					<wp:post_modified><![CDATA[2024-10-24 06:56:31]]></wp:post_modified>
					<wp:post_modified_gmt><![CDATA[2024-10-24 06:56:31]]></wp:post_modified_gmt>
					<wp:comment_status><![CDATA[closed]]></wp:comment_status>
					<wp:post_name><![CDATA[about-factory]]></wp:post_name>
					<wp:status><![CDATA[publish]]></wp:status>
					<wp:post_parent>0</wp:post_parent>
					<wp:menu_order>0</wp:menu_order>
					<wp:post_type><![CDATA[page]]></wp:post_type>
																					<wp:postmeta>
							<wp:meta_key><![CDATA[_woodmart_whb_header]]></wp:meta_key>
							<wp:meta_value><![CDATA[none]]></wp:meta_value>
						</wp:postmeta>
												<wp:postmeta>
							<wp:meta_key><![CDATA[_woodmart_title_off]]></wp:meta_key>
							<wp:meta_value><![CDATA[on]]></wp:meta_value>
						</wp:postmeta>
												<wp:postmeta>
							<wp:meta_key><![CDATA[_woodmart_page-title-size]]></wp:meta_key>
							<wp:meta_value><![CDATA[inherit]]></wp:meta_value>
						</wp:postmeta>
												<wp:postmeta>
							<wp:meta_key><![CDATA[_woodmart_title_image]]></wp:meta_key>
							<wp:meta_value><![CDATA[a:2:{s:3:"url";s:0:"";s:2:"id";s:0:"";}]]></wp:meta_value>
						</wp:postmeta>
												<wp:postmeta>
							<wp:meta_key><![CDATA[_woodmart_main_layout]]></wp:meta_key>
							<wp:meta_value><![CDATA[full-width]]></wp:meta_value>
						</wp:postmeta>
										</item>
								<item>
					<title><![CDATA[about-factory-image-1]]></title>
					<link>https://dummy.xtemos.com/woodmart2/gutenberg/about-factory/about-factory-image-1/</link>
					<pubDate>Mon, 05 Aug 2024 11:08:09 +0000</pubDate>
					<dc:creator><![CDATA[maksimkliakhin]]></dc:creator>
					<guid isPermaLink="false">https://dummy.xtemos.com/woodmart2/gutenberg/wp-content/uploads/sites/24/2024/08/about-factory-image-1.jpg</guid>
															<wp:post_id>27665</wp:post_id>
					<wp:post_date><![CDATA[2024-08-05 11:08:09]]></wp:post_date>
					<wp:post_date_gmt><![CDATA[2024-08-05 11:08:09]]></wp:post_date_gmt>
					<wp:post_modified><![CDATA[2024-08-05 11:08:09]]></wp:post_modified>
					<wp:post_modified_gmt><![CDATA[2024-08-05 11:08:09]]></wp:post_modified_gmt>
					<wp:comment_status><![CDATA[open]]></wp:comment_status>
					<wp:post_name><![CDATA[about-factory-image-1]]></wp:post_name>
					<wp:status><![CDATA[inherit]]></wp:status>
					<wp:post_parent>27660</wp:post_parent>
					<wp:menu_order>0</wp:menu_order>
					<wp:post_type><![CDATA[attachment]]></wp:post_type>
											<wp:attachment_url><![CDATA[https://dummy.xtemos.com/woodmart2/gutenberg/wp-content/uploads/sites/24/2024/08/about-factory-image-1.jpg]]></wp:attachment_url>
																					<wp:postmeta>
							<wp:meta_key><![CDATA[_wp_attached_file]]></wp:meta_key>
							<wp:meta_value><![CDATA[2024/08/about-factory-image-1.jpg]]></wp:meta_value>
						</wp:postmeta>
										</item>
								<item>
					<title><![CDATA[about-factory-image-2]]></title>
					<link>https://dummy.xtemos.com/woodmart2/gutenberg/about-factory/about-factory-image-2/</link>
					<pubDate>Mon, 05 Aug 2024 11:08:10 +0000</pubDate>
					<dc:creator><![CDATA[maksimkliakhin]]></dc:creator>
					<guid isPermaLink="false">https://dummy.xtemos.com/woodmart2/gutenberg/wp-content/uploads/sites/24/2024/08/about-factory-image-2.jpg</guid>
															<wp:post_id>27666</wp:post_id>
					<wp:post_date><![CDATA[2024-08-05 11:08:10]]></wp:post_date>
					<wp:post_date_gmt><![CDATA[2024-08-05 11:08:10]]></wp:post_date_gmt>
					<wp:post_modified><![CDATA[2024-08-05 11:08:10]]></wp:post_modified>
					<wp:post_modified_gmt><![CDATA[2024-08-05 11:08:10]]></wp:post_modified_gmt>
					<wp:comment_status><![CDATA[open]]></wp:comment_status>
					<wp:post_name><![CDATA[about-factory-image-2]]></wp:post_name>
					<wp:status><![CDATA[inherit]]></wp:status>
					<wp:post_parent>27660</wp:post_parent>
					<wp:menu_order>0</wp:menu_order>
					<wp:post_type><![CDATA[attachment]]></wp:post_type>
											<wp:attachment_url><![CDATA[https://dummy.xtemos.com/woodmart2/gutenberg/wp-content/uploads/sites/24/2024/08/about-factory-image-2.jpg]]></wp:attachment_url>
																					<wp:postmeta>
							<wp:meta_key><![CDATA[_wp_attached_file]]></wp:meta_key>
							<wp:meta_value><![CDATA[2024/08/about-factory-image-2.jpg]]></wp:meta_value>
						</wp:postmeta>
										</item>
								<item>
					<title><![CDATA[about-factory-image-3]]></title>
					<link>https://dummy.xtemos.com/woodmart2/gutenberg/about-factory/about-factory-image-3/</link>
					<pubDate>Mon, 05 Aug 2024 11:08:11 +0000</pubDate>
					<dc:creator><![CDATA[maksimkliakhin]]></dc:creator>
					<guid isPermaLink="false">https://dummy.xtemos.com/woodmart2/gutenberg/wp-content/uploads/sites/24/2024/08/about-factory-image-3.jpg</guid>
															<wp:post_id>27667</wp:post_id>
					<wp:post_date><![CDATA[2024-08-05 11:08:11]]></wp:post_date>
					<wp:post_date_gmt><![CDATA[2024-08-05 11:08:11]]></wp:post_date_gmt>
					<wp:post_modified><![CDATA[2024-08-05 11:08:11]]></wp:post_modified>
					<wp:post_modified_gmt><![CDATA[2024-08-05 11:08:11]]></wp:post_modified_gmt>
					<wp:comment_status><![CDATA[open]]></wp:comment_status>
					<wp:post_name><![CDATA[about-factory-image-3]]></wp:post_name>
					<wp:status><![CDATA[inherit]]></wp:status>
					<wp:post_parent>27660</wp:post_parent>
					<wp:menu_order>0</wp:menu_order>
					<wp:post_type><![CDATA[attachment]]></wp:post_type>
											<wp:attachment_url><![CDATA[https://dummy.xtemos.com/woodmart2/gutenberg/wp-content/uploads/sites/24/2024/08/about-factory-image-3.jpg]]></wp:attachment_url>
																					<wp:postmeta>
							<wp:meta_key><![CDATA[_wp_attached_file]]></wp:meta_key>
							<wp:meta_value><![CDATA[2024/08/about-factory-image-3.jpg]]></wp:meta_value>
						</wp:postmeta>
										</item>
								<item>
					<title><![CDATA[about-factory-image-4]]></title>
					<link>https://dummy.xtemos.com/woodmart2/gutenberg/about-factory/about-factory-image-4/</link>
					<pubDate>Mon, 05 Aug 2024 11:08:12 +0000</pubDate>
					<dc:creator><![CDATA[maksimkliakhin]]></dc:creator>
					<guid isPermaLink="false">https://dummy.xtemos.com/woodmart2/gutenberg/wp-content/uploads/sites/24/2024/08/about-factory-image-4.jpg</guid>
															<wp:post_id>27668</wp:post_id>
					<wp:post_date><![CDATA[2024-08-05 11:08:12]]></wp:post_date>
					<wp:post_date_gmt><![CDATA[2024-08-05 11:08:12]]></wp:post_date_gmt>
					<wp:post_modified><![CDATA[2024-08-05 11:08:12]]></wp:post_modified>
					<wp:post_modified_gmt><![CDATA[2024-08-05 11:08:12]]></wp:post_modified_gmt>
					<wp:comment_status><![CDATA[open]]></wp:comment_status>
					<wp:post_name><![CDATA[about-factory-image-4]]></wp:post_name>
					<wp:status><![CDATA[inherit]]></wp:status>
					<wp:post_parent>27660</wp:post_parent>
					<wp:menu_order>0</wp:menu_order>
					<wp:post_type><![CDATA[attachment]]></wp:post_type>
											<wp:attachment_url><![CDATA[https://dummy.xtemos.com/woodmart2/gutenberg/wp-content/uploads/sites/24/2024/08/about-factory-image-4.jpg]]></wp:attachment_url>
																					<wp:postmeta>
							<wp:meta_key><![CDATA[_wp_attached_file]]></wp:meta_key>
							<wp:meta_value><![CDATA[2024/08/about-factory-image-4.jpg]]></wp:meta_value>
						</wp:postmeta>
										</item>
								<item>
					<title><![CDATA[about-factory-measuring-tape]]></title>
					<link>https://dummy.xtemos.com/woodmart2/gutenberg/about-factory/about-factory-measuring-tape/</link>
					<pubDate>Mon, 05 Aug 2024 11:08:13 +0000</pubDate>
					<dc:creator><![CDATA[maksimkliakhin]]></dc:creator>
					<guid isPermaLink="false">https://dummy.xtemos.com/woodmart2/gutenberg/wp-content/uploads/sites/24/2024/08/about-factory-measuring-tape.svg</guid>
															<wp:post_id>27669</wp:post_id>
					<wp:post_date><![CDATA[2024-08-05 11:08:13]]></wp:post_date>
					<wp:post_date_gmt><![CDATA[2024-08-05 11:08:13]]></wp:post_date_gmt>
					<wp:post_modified><![CDATA[2024-08-05 11:08:13]]></wp:post_modified>
					<wp:post_modified_gmt><![CDATA[2024-08-05 11:08:13]]></wp:post_modified_gmt>
					<wp:comment_status><![CDATA[open]]></wp:comment_status>
					<wp:post_name><![CDATA[about-factory-measuring-tape]]></wp:post_name>
					<wp:status><![CDATA[inherit]]></wp:status>
					<wp:post_parent>27660</wp:post_parent>
					<wp:menu_order>0</wp:menu_order>
					<wp:post_type><![CDATA[attachment]]></wp:post_type>
											<wp:attachment_url><![CDATA[https://dummy.xtemos.com/woodmart2/gutenberg/wp-content/uploads/sites/24/2024/08/about-factory-measuring-tape.svg]]></wp:attachment_url>
																					<wp:postmeta>
							<wp:meta_key><![CDATA[_wp_attached_file]]></wp:meta_key>
							<wp:meta_value><![CDATA[2024/08/about-factory-measuring-tape.svg]]></wp:meta_value>
						</wp:postmeta>
										</item>
								<item>
					<title><![CDATA[about-factory-paint-bucket]]></title>
					<link>https://dummy.xtemos.com/woodmart2/gutenberg/about-factory/about-factory-paint-bucket/</link>
					<pubDate>Mon, 05 Aug 2024 11:08:14 +0000</pubDate>
					<dc:creator><![CDATA[maksimkliakhin]]></dc:creator>
					<guid isPermaLink="false">https://dummy.xtemos.com/woodmart2/gutenberg/wp-content/uploads/sites/24/2024/08/about-factory-paint-bucket.svg</guid>
															<wp:post_id>27670</wp:post_id>
					<wp:post_date><![CDATA[2024-08-05 11:08:14]]></wp:post_date>
					<wp:post_date_gmt><![CDATA[2024-08-05 11:08:14]]></wp:post_date_gmt>
					<wp:post_modified><![CDATA[2024-08-05 11:08:14]]></wp:post_modified>
					<wp:post_modified_gmt><![CDATA[2024-08-05 11:08:14]]></wp:post_modified_gmt>
					<wp:comment_status><![CDATA[open]]></wp:comment_status>
					<wp:post_name><![CDATA[about-factory-paint-bucket]]></wp:post_name>
					<wp:status><![CDATA[inherit]]></wp:status>
					<wp:post_parent>27660</wp:post_parent>
					<wp:menu_order>0</wp:menu_order>
					<wp:post_type><![CDATA[attachment]]></wp:post_type>
											<wp:attachment_url><![CDATA[https://dummy.xtemos.com/woodmart2/gutenberg/wp-content/uploads/sites/24/2024/08/about-factory-paint-bucket.svg]]></wp:attachment_url>
																					<wp:postmeta>
							<wp:meta_key><![CDATA[_wp_attached_file]]></wp:meta_key>
							<wp:meta_value><![CDATA[2024/08/about-factory-paint-bucket.svg]]></wp:meta_value>
						</wp:postmeta>
										</item>
								<item>
					<title><![CDATA[about-factory-scissors]]></title>
					<link>https://dummy.xtemos.com/woodmart2/gutenberg/about-factory/about-factory-scissors/</link>
					<pubDate>Mon, 05 Aug 2024 11:08:15 +0000</pubDate>
					<dc:creator><![CDATA[maksimkliakhin]]></dc:creator>
					<guid isPermaLink="false">https://dummy.xtemos.com/woodmart2/gutenberg/wp-content/uploads/sites/24/2024/08/about-factory-scissors.svg</guid>
															<wp:post_id>27671</wp:post_id>
					<wp:post_date><![CDATA[2024-08-05 11:08:15]]></wp:post_date>
					<wp:post_date_gmt><![CDATA[2024-08-05 11:08:15]]></wp:post_date_gmt>
					<wp:post_modified><![CDATA[2024-08-05 11:08:15]]></wp:post_modified>
					<wp:post_modified_gmt><![CDATA[2024-08-05 11:08:15]]></wp:post_modified_gmt>
					<wp:comment_status><![CDATA[open]]></wp:comment_status>
					<wp:post_name><![CDATA[about-factory-scissors]]></wp:post_name>
					<wp:status><![CDATA[inherit]]></wp:status>
					<wp:post_parent>27660</wp:post_parent>
					<wp:menu_order>0</wp:menu_order>
					<wp:post_type><![CDATA[attachment]]></wp:post_type>
											<wp:attachment_url><![CDATA[https://dummy.xtemos.com/woodmart2/gutenberg/wp-content/uploads/sites/24/2024/08/about-factory-scissors.svg]]></wp:attachment_url>
																					<wp:postmeta>
							<wp:meta_key><![CDATA[_wp_attached_file]]></wp:meta_key>
							<wp:meta_value><![CDATA[2024/08/about-factory-scissors.svg]]></wp:meta_value>
						</wp:postmeta>
										</item>
								<item>
					<title><![CDATA[about-factory-thread]]></title>
					<link>https://dummy.xtemos.com/woodmart2/gutenberg/about-factory/about-factory-thread/</link>
					<pubDate>Mon, 05 Aug 2024 11:08:16 +0000</pubDate>
					<dc:creator><![CDATA[maksimkliakhin]]></dc:creator>
					<guid isPermaLink="false">https://dummy.xtemos.com/woodmart2/gutenberg/wp-content/uploads/sites/24/2024/08/about-factory-thread.svg</guid>
															<wp:post_id>27672</wp:post_id>
					<wp:post_date><![CDATA[2024-08-05 11:08:16]]></wp:post_date>
					<wp:post_date_gmt><![CDATA[2024-08-05 11:08:16]]></wp:post_date_gmt>
					<wp:post_modified><![CDATA[2024-08-05 11:08:16]]></wp:post_modified>
					<wp:post_modified_gmt><![CDATA[2024-08-05 11:08:16]]></wp:post_modified_gmt>
					<wp:comment_status><![CDATA[open]]></wp:comment_status>
					<wp:post_name><![CDATA[about-factory-thread]]></wp:post_name>
					<wp:status><![CDATA[inherit]]></wp:status>
					<wp:post_parent>27660</wp:post_parent>
					<wp:menu_order>0</wp:menu_order>
					<wp:post_type><![CDATA[attachment]]></wp:post_type>
											<wp:attachment_url><![CDATA[https://dummy.xtemos.com/woodmart2/gutenberg/wp-content/uploads/sites/24/2024/08/about-factory-thread.svg]]></wp:attachment_url>
																					<wp:postmeta>
							<wp:meta_key><![CDATA[_wp_attached_file]]></wp:meta_key>
							<wp:meta_value><![CDATA[2024/08/about-factory-thread.svg]]></wp:meta_value>
						</wp:postmeta>
										</item>
								<item>
					<title><![CDATA[about-factory-video]]></title>
					<link>https://dummy.xtemos.com/woodmart2/gutenberg/about-factory/about-factory-video/</link>
					<pubDate>Mon, 05 Aug 2024 11:08:17 +0000</pubDate>
					<dc:creator><![CDATA[maksimkliakhin]]></dc:creator>
					<guid isPermaLink="false">https://dummy.xtemos.com/woodmart2/gutenberg/wp-content/uploads/sites/24/2024/08/about-factory-video.jpg</guid>
															<wp:post_id>27673</wp:post_id>
					<wp:post_date><![CDATA[2024-08-05 11:08:17]]></wp:post_date>
					<wp:post_date_gmt><![CDATA[2024-08-05 11:08:17]]></wp:post_date_gmt>
					<wp:post_modified><![CDATA[2024-08-05 11:08:17]]></wp:post_modified>
					<wp:post_modified_gmt><![CDATA[2024-08-05 11:08:17]]></wp:post_modified_gmt>
					<wp:comment_status><![CDATA[open]]></wp:comment_status>
					<wp:post_name><![CDATA[about-factory-video]]></wp:post_name>
					<wp:status><![CDATA[inherit]]></wp:status>
					<wp:post_parent>27660</wp:post_parent>
					<wp:menu_order>0</wp:menu_order>
					<wp:post_type><![CDATA[attachment]]></wp:post_type>
											<wp:attachment_url><![CDATA[https://dummy.xtemos.com/woodmart2/gutenberg/wp-content/uploads/sites/24/2024/08/about-factory-video.jpg]]></wp:attachment_url>
																					<wp:postmeta>
							<wp:meta_key><![CDATA[_wp_attached_file]]></wp:meta_key>
							<wp:meta_value><![CDATA[2024/08/about-factory-video.jpg]]></wp:meta_value>
						</wp:postmeta>
										</item>
				</channel>
</rss>
	