<?xml version="1.0" encoding="UTF-8" ?>
	<!-- This is a WordPress eXtended RSS file generated by WordPress as an export of your site. -->
	<!-- It contains information about your site's posts, pages, comments, categories, and other content. -->
	<!-- You may use this file to transfer that content from one site to another. -->
	<!-- This file is not intended to serve as a complete backup of your site. -->

	<!-- To import this information into a WordPress site follow these steps: -->
	<!-- 1. Log in to that site as an administrator. -->
	<!-- 2. Go to Tools: Import in the WordPress admin panel. -->
	<!-- 3. Install the "WordPress" importer from the list. -->
	<!-- 4. Activate & Run Importer. -->
	<!-- 5. Upload this file using the form provided on that page. -->
	<!-- 6. You will first be asked to map the authors in this export file to users -->
	<!--    on the site. For each author, you may choose to map to an -->
	<!--    existing user on the site or to create a new user. -->
	<!-- 7. WordPress will then import each of the posts, pages, comments, categories, etc. -->
	<!--    contained in this file into your site. -->

	<!-- generator="WordPress/6.5.5" created="2024-11-08 15:05" -->
<rss version="2.0"
	xmlns:excerpt="http://wordpress.org/export/1.2/excerpt/"
	xmlns:content="http://purl.org/rss/1.0/modules/content/"
	xmlns:wfw="http://wellformedweb.org/CommentAPI/"
	xmlns:dc="http://purl.org/dc/elements/1.1/"
	xmlns:wp="http://wordpress.org/export/1.2/"
>

<channel>
	<title>Accessories gutenberg</title>
	<link>https://dummy.xtemos.com/woodmart2/accessories-gutenberg</link>
	<description></description>
	<pubDate>Fri, 08 Nov 2024 15:05:47 +0000</pubDate>
	<language>en-US</language>
	<wp:wxr_version>1.2</wp:wxr_version>
	<wp:base_site_url>https://dummy.xtemos.com/woodmart2/</wp:base_site_url>
	<wp:base_blog_url>https://dummy.xtemos.com/woodmart2/accessories-gutenberg</wp:base_blog_url>

		<wp:author><wp:author_id>491</wp:author_id><wp:author_login><![CDATA[maksimkliakhin]]></wp:author_login><wp:author_email><![CDATA[m.kliakhin@gmail.com]]></wp:author_email><wp:author_display_name><![CDATA[Ethan Smith]]></wp:author_display_name><wp:author_first_name><![CDATA[Ethan]]></wp:author_first_name><wp:author_last_name><![CDATA[Smith]]></wp:author_last_name></wp:author>
	<wp:author><wp:author_id>2</wp:author_id><wp:author_login><![CDATA[zakhar]]></wp:author_login><wp:author_email><![CDATA[zak@asda.as]]></wp:author_email><wp:author_display_name><![CDATA[Mr. Mackay]]></wp:author_display_name><wp:author_first_name><![CDATA[sds]]></wp:author_first_name><wp:author_last_name><![CDATA[scssc]]></wp:author_last_name></wp:author>

					<wp:term>
			<wp:term_id>0</wp:term_id>
			<wp:term_taxonomy><![CDATA[]]></wp:term_taxonomy>
			<wp:term_slug><![CDATA[]]></wp:term_slug>
			<wp:term_parent><![CDATA[]]></wp:term_parent>
					</wp:term>
		
	<generator>https://wordpress.org/?v=6.5.5</generator>

					<item>
					<title><![CDATA[Promo popup]]></title>
					<link>https://dummy.xtemos.com/woodmart2/accessories-gutenberg/?cms_block=promo-popup</link>
					<pubDate>Fri, 12 Jul 2024 11:34:14 +0000</pubDate>
					<dc:creator><![CDATA[maksimkliakhin]]></dc:creator>
					<guid isPermaLink="false">https://dummy.xtemos.com/woodmart2/accessories-gutenberg/?post_type=cms_block&#038;p=182</guid>
											<content:encoded><![CDATA[<!-- wp:wd/container {"blockId":"d58e3e6e-4c84-4181-b3d7-f0edbc2ee9f8","align":"center","colGap":"","rowGap":"0","paddingTop":"70","paddingRight":"15","paddingBottom":"70","paddingLeft":"15","borderType":"solid","borderColorCode":"rgba(255,255,255,0.15)","borderWidth":"5","borderWidthTop":"5","borderWidthRight":"5","borderWidthBottom":"5","borderWidthLeft":"5"} -->
<div id="wd-d58e3e6e" class="wp-block-wd-container wd-dir-col wd-align-is-lg-center"><!-- wp:wd/title {"blockId":"2cd6670a-f3be-42e2-b96e-4b64d36c3f1a","textAlign":"center","content":"HEY YOU, SIGN UP AND CONNECT TO WOODMART!","tpFontSize":"36","marginBottom":"10","displayWidth":"custom","customWidth":"520","tpFontSizeTablet":"22","tpFontSizeMobile":"20","displayWidthTablet":"custom","customWidthTablet":"325"} -->
<h2 id="wd-2cd6670a" class="wp-block-wd-title title wd-align wd-custom-width">HEY YOU, SIGN UP AND CONNECT TO WOODMART!</h2>
<!-- /wp:wd/title -->

<!-- wp:wd/paragraph {"blockId":"94fd12bf-0ea2-4e62-b05b-e1b2213045e4","textAlign":"center","marginBottom":"20"} -->
<p id="wd-94fd12bf" class="wp-block-wd-paragraph wd-align">Be the first to learn about our latest trends and get exclusive offers</p>
<!-- /wp:wd/paragraph -->

<!-- wp:wd/mailchimp {"blockId":"93ac3c7e-da1a-47f5-81ba-0fc3175a06be","form_id":"301","marginBottom":"20","displayWidth":"custom","customWidth":"420"} /-->

<!-- wp:wd/paragraph {"blockId":"e0ce8afe-1932-4d9d-bdb3-67fc889ab364","textAlign":"center"} -->
<p id="wd-e0ce8afe" class="wp-block-wd-paragraph wd-align">Will be used in accordance with our&nbsp;<strong><a href="#">Privacy Policy</a></strong></p>
<!-- /wp:wd/paragraph --></div>
<!-- /wp:wd/container -->]]></content:encoded>
															<wp:post_id>182</wp:post_id>
					<wp:post_date><![CDATA[2024-07-12 11:34:14]]></wp:post_date>
					<wp:post_date_gmt><![CDATA[2024-07-12 11:34:14]]></wp:post_date_gmt>
					<wp:post_modified><![CDATA[2024-09-19 11:39:07]]></wp:post_modified>
					<wp:post_modified_gmt><![CDATA[2024-09-19 11:39:07]]></wp:post_modified_gmt>
					<wp:comment_status><![CDATA[closed]]></wp:comment_status>
					<wp:post_name><![CDATA[promo-popup]]></wp:post_name>
					<wp:status><![CDATA[publish]]></wp:status>
					<wp:post_parent>0</wp:post_parent>
					<wp:menu_order>0</wp:menu_order>
					<wp:post_type><![CDATA[cms_block]]></wp:post_type>
																			</item>
								<item>
					<title><![CDATA[Footer Accessories]]></title>
					<link>https://dummy.xtemos.com/woodmart2/accessories-gutenberg/?cms_block=footer-accessories</link>
					<pubDate>Fri, 12 Jul 2024 11:34:38 +0000</pubDate>
					<dc:creator><![CDATA[maksimkliakhin]]></dc:creator>
					<guid isPermaLink="false">https://dummy.xtemos.com/woodmart2/accessories-gutenberg/?post_type=cms_block&#038;p=184</guid>
											<content:encoded><![CDATA[<!-- wp:wd/row {"blockId":"cea9b3bf-f139-43d6-aab4-b498caf58f4b","columnsGap":10,"paddingTop":"35","paddingBottom":"35"} -->
<div id="wd-cea9b3bf" class="wp-block-wd-row"><!-- wp:wd/column {"blockId":"eff1c2b2-2c93-4ea2-9358-d5e16bc260b7","adjacentCount":3,"colWidth":25,"justifyContent":"center","adjacentCountTablet":1,"colWidthTablet":100} -->
<div id="wd-eff1c2b2" class="wp-block-wd-column"><!-- wp:wd/image {"blockId":"639b1c40-e045-4bd1-ace6-f6ea4a4e5569","image":{"id":300,"url":"http://dummy.xtemos.com/woodmart2/accessories-gutenberg/wp-content/uploads/sites/26/2024/07/wood-logo-white-reserve.svg"},"imageData":{"url":"https://dummy.xtemos.com/woodmart2/accessories-gutenberg/wp-content/uploads/sites/26/2024/07/wood-logo-white-reserve.svg","width":369,"height":53},"displayWidth":"custom","customWidth":"180","marginBottomTablet":"5","alignSelfTablet":"center","alignSelfMobile":"center"} -->
<div id="wd-639b1c40" class="wp-block-wd-image wd-block-image wd-custom-width wd-align-s-center-md wd-align-s-center-sm"><a href="#" class="wd-block-image-link"><img class="wp-image-300" src="http://dummy.xtemos.com/woodmart2/accessories-gutenberg/wp-content/uploads/sites/26/2024/07/wood-logo-white-reserve.svg" /></a></div>
<!-- /wp:wd/image --></div>
<!-- /wp:wd/column -->

<!-- wp:wd/column {"blockId":"403217f3-8e6e-4abe-aceb-e801578f2a22","adjacentCount":3,"colWidth":50.00000000000001,"adjacentCountTablet":1,"colWidthTablet":100} -->
<div id="wd-403217f3" class="wp-block-wd-column"><!-- wp:wd/menu {"blockId":"9cd3546b-5bd5-47b7-933a-0e2be74f690a","nav_menu":"70","items_gap":"m","align":"center"} /--></div>
<!-- /wp:wd/column -->

<!-- wp:wd/column {"blockId":"078ee917-1bcc-4d9a-9951-b0917e7f22e7","adjacentCount":3,"colWidth":25,"justifyContent":"center","adjacentCountTablet":1,"colWidthTablet":100} -->
<div id="wd-078ee917" class="wp-block-wd-column"><!-- wp:wd/paragraph {"blockId":"30a331c7-71aa-422e-b817-e94df21d3fae","textAlign":"end","tpFontSize":"14","textAlignTablet":"center"} -->
<p id="wd-30a331c7" class="wp-block-wd-paragraph wd-align">Xtemos Studio Copyright © 2024</p>
<!-- /wp:wd/paragraph --></div>
<!-- /wp:wd/column --></div>
<!-- /wp:wd/row -->]]></content:encoded>
															<wp:post_id>184</wp:post_id>
					<wp:post_date><![CDATA[2024-07-12 11:34:38]]></wp:post_date>
					<wp:post_date_gmt><![CDATA[2024-07-12 11:34:38]]></wp:post_date_gmt>
					<wp:post_modified><![CDATA[2024-09-20 08:20:45]]></wp:post_modified>
					<wp:post_modified_gmt><![CDATA[2024-09-20 08:20:45]]></wp:post_modified_gmt>
					<wp:comment_status><![CDATA[closed]]></wp:comment_status>
					<wp:post_name><![CDATA[footer-accessories]]></wp:post_name>
					<wp:status><![CDATA[publish]]></wp:status>
					<wp:post_parent>0</wp:post_parent>
					<wp:menu_order>0</wp:menu_order>
					<wp:post_type><![CDATA[cms_block]]></wp:post_type>
																			</item>
								<item>
					<title><![CDATA[wood-logo-white-reserve]]></title>
					<link>https://dummy.xtemos.com/woodmart2/accessories-gutenberg/?attachment_id=300</link>
					<pubDate>Fri, 12 Jul 2024 14:28:50 +0000</pubDate>
					<dc:creator><![CDATA[maksimkliakhin]]></dc:creator>
					<guid isPermaLink="false">http://dummy.xtemos.com/woodmart2/accessories-gutenberg/wp-content/uploads/sites/26/2024/07/wood-logo-white-reserve.svg</guid>
															<wp:post_id>300</wp:post_id>
					<wp:post_date><![CDATA[2024-07-12 14:28:50]]></wp:post_date>
					<wp:post_date_gmt><![CDATA[2024-07-12 14:28:50]]></wp:post_date_gmt>
					<wp:post_modified><![CDATA[2024-07-12 14:28:50]]></wp:post_modified>
					<wp:post_modified_gmt><![CDATA[2024-07-12 14:28:50]]></wp:post_modified_gmt>
					<wp:comment_status><![CDATA[open]]></wp:comment_status>
					<wp:post_name><![CDATA[wood-logo-white-reserve]]></wp:post_name>
					<wp:status><![CDATA[inherit]]></wp:status>
					<wp:post_parent>184</wp:post_parent>
					<wp:menu_order>0</wp:menu_order>
					<wp:post_type><![CDATA[attachment]]></wp:post_type>
											<wp:attachment_url><![CDATA[http://dummy.xtemos.com/woodmart2/accessories-gutenberg/wp-content/uploads/sites/26/2024/07/wood-logo-white-reserve.svg]]></wp:attachment_url>
																					<wp:postmeta>
							<wp:meta_key><![CDATA[_wp_attached_file]]></wp:meta_key>
							<wp:meta_value><![CDATA[2024/07/wood-logo-white-reserve.svg]]></wp:meta_value>
						</wp:postmeta>
										</item>
								<item>
					<title><![CDATA[accessories-popup]]></title>
					<link>https://dummy.xtemos.com/woodmart2/accessories-gutenberg/accessories-popup/</link>
					<pubDate>Mon, 15 Jul 2024 09:40:32 +0000</pubDate>
					<dc:creator><![CDATA[maksimkliakhin]]></dc:creator>
					<guid isPermaLink="false">http://dummy.xtemos.com/woodmart2/accessories-gutenberg/wp-content/uploads/sites/26/2024/07/accessories-popup.jpg</guid>
															<wp:post_id>473</wp:post_id>
					<wp:post_date><![CDATA[2024-07-15 09:40:32]]></wp:post_date>
					<wp:post_date_gmt><![CDATA[2024-07-15 09:40:32]]></wp:post_date_gmt>
					<wp:post_modified><![CDATA[2024-07-15 09:40:32]]></wp:post_modified>
					<wp:post_modified_gmt><![CDATA[2024-07-15 09:40:32]]></wp:post_modified_gmt>
					<wp:comment_status><![CDATA[open]]></wp:comment_status>
					<wp:post_name><![CDATA[accessories-popup]]></wp:post_name>
					<wp:status><![CDATA[inherit]]></wp:status>
					<wp:post_parent>0</wp:post_parent>
					<wp:menu_order>0</wp:menu_order>
					<wp:post_type><![CDATA[attachment]]></wp:post_type>
											<wp:attachment_url><![CDATA[http://dummy.xtemos.com/woodmart2/accessories-gutenberg/wp-content/uploads/sites/26/2024/07/accessories-popup.jpg]]></wp:attachment_url>
																					<wp:postmeta>
							<wp:meta_key><![CDATA[_wp_attached_file]]></wp:meta_key>
							<wp:meta_value><![CDATA[2024/07/accessories-popup.jpg]]></wp:meta_value>
						</wp:postmeta>
										</item>
								<item>
					<title><![CDATA[accessories-page-title]]></title>
					<link>https://dummy.xtemos.com/woodmart2/accessories-gutenberg/accessories-page-title/</link>
					<pubDate>Mon, 15 Jul 2024 09:41:15 +0000</pubDate>
					<dc:creator><![CDATA[maksimkliakhin]]></dc:creator>
					<guid isPermaLink="false">http://dummy.xtemos.com/woodmart2/accessories-gutenberg/wp-content/uploads/sites/26/2024/07/accessories-page-title.jpg</guid>
															<wp:post_id>474</wp:post_id>
					<wp:post_date><![CDATA[2024-07-15 09:41:15]]></wp:post_date>
					<wp:post_date_gmt><![CDATA[2024-07-15 09:41:15]]></wp:post_date_gmt>
					<wp:post_modified><![CDATA[2024-07-15 09:41:15]]></wp:post_modified>
					<wp:post_modified_gmt><![CDATA[2024-07-15 09:41:15]]></wp:post_modified_gmt>
					<wp:comment_status><![CDATA[open]]></wp:comment_status>
					<wp:post_name><![CDATA[accessories-page-title]]></wp:post_name>
					<wp:status><![CDATA[inherit]]></wp:status>
					<wp:post_parent>0</wp:post_parent>
					<wp:menu_order>0</wp:menu_order>
					<wp:post_type><![CDATA[attachment]]></wp:post_type>
											<wp:attachment_url><![CDATA[http://dummy.xtemos.com/woodmart2/accessories-gutenberg/wp-content/uploads/sites/26/2024/07/accessories-page-title.jpg]]></wp:attachment_url>
																					<wp:postmeta>
							<wp:meta_key><![CDATA[_wp_attached_file]]></wp:meta_key>
							<wp:meta_value><![CDATA[2024/07/accessories-page-title.jpg]]></wp:meta_value>
						</wp:postmeta>
										</item>
								<item>
					<title><![CDATA[Single product layout Accessories]]></title>
					<link>https://dummy.xtemos.com/woodmart2/accessories-gutenberg/woodmart_layout/single-product-layout-accessories/</link>
					<pubDate>Tue, 06 Aug 2024 13:32:47 +0000</pubDate>
					<dc:creator><![CDATA[zakhar]]></dc:creator>
					<guid isPermaLink="false">https://dummy.xtemos.com/woodmart2/accessories-gutenberg/?post_type=woodmart_layout&#038;p=873</guid>
											<content:encoded><![CDATA[<!-- wp:wd/container {"blockId":"ecc98312-17da-4612-bd2f-8b7b92801140","direction":"row","justify":"space-between","wrap":"wrap","rowGap":"10","marginTop":"-30","marginTopTablet":"-20"} -->
<div id="wd-ecc98312" class="wp-block-wd-container wd-dir-row"><!-- wp:wd/woo-breadcrumbs {"blockId":"bf8814d1-852d-4d3d-8ef3-c44eeb1c85cc"} /-->

<!-- wp:wd/sp-navigation {"blockId":"99a816e5-cf60-4151-918a-dc885a15699d"} /--></div>
<!-- /wp:wd/container -->

<!-- wp:wd/woo-notices {"blockId":"54d8d582-b982-4f0b-b3c4-c27462d7c800"} /-->

<!-- wp:wd/row {"blockId":"c73a094b-098f-4e49-93e2-efac1ff164eb","columnsGap":30,"marginBottom":"40","marginBottomMobile":"20"} -->
<div id="wd-c73a094b" class="wp-block-wd-row"><!-- wp:wd/column {"blockId":"f5f16f2c-71e2-4e10-bab6-50d3f3f3b71f","adjacentCount":2,"colWidth":58,"adjacentCountTablet":2,"colWidthTablet":50} -->
<div id="wd-f5f16f2c" class="wp-block-wd-column"><!-- wp:wd/sp-gallery {"blockId":"8b186056-d71f-4196-b040-98c534066732"} /--></div>
<!-- /wp:wd/column -->

<!-- wp:wd/column {"blockId":"8a6c317a-b0cb-4ffe-b9ac-4307db694c9d","adjacentCount":2,"colWidth":42,"sticky":true,"adjacentCountTablet":2,"colWidthTablet":50} -->
<div id="wd-8a6c317a" class="wp-block-wd-column wd-sticky-on-lg"><!-- wp:wd/container {"blockId":"1c76278f-7bde-414a-885b-1cc328f3c294","direction":"row","justify":"space-between","colGap":"","directionTablet":"column"} -->
<div id="wd-1c76278f" class="wp-block-wd-container wd-dir-row wd-dir-col-md"><!-- wp:wd/sp-title {"blockId":"8c2c5988-4e0f-4446-b006-a7ef360de6b1","flexSize":"shrink","flexShrink":"1","flexBasis":"","displayWidth":"","customWidth":"","customWidthUnits":"%"} /-->

<!-- wp:wd/sp-brands {"blockId":"a7cec75f-c348-4621-8dc4-f2c5b303b7f9","title":false,"style":"shadow","imageWidth":60,"flexSize":"none","flexShrink":"","flexBasis":"","displayWidth":"","customWidth":""} /--></div>
<!-- /wp:wd/container -->

<!-- wp:wd/container {"blockId":"bbe16bc6-0e68-4540-8bbd-0516255972eb","direction":"row","align":"center"} -->
<div id="wd-bbe16bc6" class="wp-block-wd-container wd-dir-row wd-align-is-lg-center"><!-- wp:wd/sp-price {"blockId":"29e50221-378b-4e63-b82a-25257d5d7dda","mainPriceTpFontSize":"28","mainPriceTpFontSizeTablet":"18"} /-->

<!-- wp:wd/sp-rating {"blockId":"37307a20-2e5d-4cd8-b152-e7bb24a412a1"} /--></div>
<!-- /wp:wd/container -->

<!-- wp:wd/sp-linked-variations {"blockId":"fe35fa8a-c029-4769-b74f-9fec4abe17b0"} /-->

<!-- wp:wd/sp-add-to-cart {"blockId":"1e069946-3713-4a00-a8e9-22ece41acece","buttonDesign":"full"} /-->

<!-- wp:wd/container {"blockId":"3e7d81a6-c68b-489c-82a0-43e242644f7c","direction":"row","align":"center","wrap":"wrap"} -->
<div id="wd-3e7d81a6" class="wp-block-wd-container wd-dir-row wd-align-is-lg-center"><!-- wp:wd/sp-compare-btn {"blockId":"aa7f5ac3-5bf6-4c93-84f9-82a5be978bdb"} /-->

<!-- wp:wd/sp-wishlist-btn {"blockId":"73850614-1613-4229-a755-daea094eeacb","marginRight":"auto","marginUnits":"custom"} /-->

<!-- wp:wd/social-buttons {"blockId":"12478a5a-1501-4e43-8e37-cd397e083cfe","title":true,"layout":"inline","displayWidth":"","customWidth":"","customWidthUnits":"%"} -->
<!-- wp:wd/paragraph {"blockId":"ac055245-c6ce-4288-8579-98f2506dea78","extraClass":"wd-label","htmlTag":"span","metadata":{"name":"Label"}} -->
<span id="wd-ac055245" class="wp-block-wd-paragraph wd-label">Share:</span>
<!-- /wp:wd/paragraph -->
<!-- /wp:wd/social-buttons --></div>
<!-- /wp:wd/container -->

<!-- wp:wd/divider {"blockId":"334caa3d-11c4-415a-9a59-0925bac6c2e5"} -->
<div id="wd-334caa3d" class="wp-block-wd-divider wd-style-line"></div>
<!-- /wp:wd/divider -->

<!-- wp:wd/container {"blockId":"84d0f8ee-5c90-4685-a865-77661b0b2edf","direction":"row","align":"end","wrap":"wrap","colGap":"10","directionTablet":"row"} -->
<div id="wd-84d0f8ee" class="wp-block-wd-container wd-dir-row wd-dir-row-md wd-align-is-lg-end"><!-- wp:wd/sp-countdown {"blockId":"5ee65b1c-3794-4e6e-b77c-3587157088dd","showTitle":true,"timerBoxShadowColorCode":"rgba(0,0,0,0.1)","timerBoxShadowBlur":3,"flexSize":"custom","flexGrow":"1","flexBasis":"250","displayWidth":"","customWidth":"","customWidthUnits":"%"} -->
<!-- wp:wd/title {"blockId":"518c9506-47d6-477b-9e26-b3f9bdc54f8c","content":"Last chance! Sale ends in","tpFontFamily":"var(\u002d\u002dwd-text-font)","tpFontSize":"16"} -->
<h2 id="wd-518c9506" class="wp-block-wd-title title">Last chance! Sale ends in</h2>
<!-- /wp:wd/title -->
<!-- /wp:wd/sp-countdown -->

<!-- wp:wd/sp-stock-progress-bar {"blockId":"8e2030ca-a52b-4ee6-9e53-e4eb536f49d5","flexSize":"custom","flexGrow":"1","flexBasis":"250","displayWidth":"","customWidth":"","customWidthUnits":"%"} /--></div>
<!-- /wp:wd/container -->

<!-- wp:wd/divider {"blockId":"385d58e4-29d7-49cd-9274-f86f4ffa4445"} -->
<div id="wd-385d58e4" class="wp-block-wd-divider wd-style-line"></div>
<!-- /wp:wd/divider -->

<!-- wp:wd/paragraph {"blockId":"aa2d6d38-4c74-46bc-97ed-f734107e288c","colorCode":"#333333","tpFontVariant":"600","tpFontWeight":"600"} -->
<p id="wd-aa2d6d38" class="wp-block-wd-paragraph">Guaranteed Safe Checkout</p>
<!-- /wp:wd/paragraph -->

<!-- wp:wd/image {"blockId":"2cacc8da-2a35-42a4-a048-5421b1662788","image":{"id":874,"url":"http://dummy.xtemos.com/woodmart2/accessories-gutenberg/wp-content/uploads/sites/26/2024/08/guaranteed-safe-checkout-bordered.jpg"},"imageData":{"url":"https://dummy.xtemos.com/woodmart2/accessories-gutenberg/wp-content/uploads/sites/26/2024/08/guaranteed-safe-checkout-bordered.jpg","width":1000,"height":80},"borderRadius":"0","borderRadiusTop":"0","borderRadiusRight":"0","borderRadiusBottom":"0","borderRadiusLeft":"0"} -->
<div id="wd-2cacc8da" class="wp-block-wd-image wd-block-image"><img class="wp-image-874" src="http://dummy.xtemos.com/woodmart2/accessories-gutenberg/wp-content/uploads/sites/26/2024/08/guaranteed-safe-checkout-bordered.jpg" /></div>
<!-- /wp:wd/image --></div>
<!-- /wp:wd/column --></div>
<!-- /wp:wd/row -->

<!-- wp:wd/section {"blockId":"3610fdef-fd78-406d-a72c-1ab33faf1286","blockGap":30,"paddingTop":"35","paddingBottom":"35","marginBottom":"35","borderType":"solid","borderColorCode":"rgba(0,0,0,0.11)","borderWidthTop":"1","borderWidthBottom":"1"} -->
<div id="wd-3610fdef" class="wp-block-wd-section"><!-- wp:wd/container {"blockId":"2885aaa7-a14a-4ff6-a6c4-5db464c2c00f","rowGap":"0"} -->
<div id="wd-2885aaa7" class="wp-block-wd-container wd-dir-col"><!-- wp:wd/sp-fbt-products {"blockId":"1067ae2c-430d-4b07-98b5-05912244b017","showTitle":true,"hide_pagination_control":true,"marginBottom":"30"} -->
<!-- wp:wd/title {"blockId":"3761342f-6aae-4ff8-a148-3c4aab77743b","content":"\u003ca href=\u0022https://apps.shopify.com/frequently-bought-together\u0022\u003eFrequently bought together\u003c/a\u003e","marginBottom":"30"} -->
<h2 id="wd-3761342f" class="wp-block-wd-title title"><a href="https://apps.shopify.com/frequently-bought-together">Frequently bought together</a></h2>
<!-- /wp:wd/title -->
<!-- /wp:wd/sp-fbt-products -->

<!-- wp:wd/title {"blockId":"739add53-8a81-49d4-8479-13d532fe9834","content":"Features \u0026amp; Compatibility​","tpFontSize":"22","marginBottom":"30"} -->
<h2 id="wd-739add53" class="wp-block-wd-title title">Features &amp; Compatibility​</h2>
<!-- /wp:wd/title -->

<!-- wp:wd/sp-content {"blockId":"48b1d737-e7b1-45fc-8767-274f61ab1cfc"} /--></div>
<!-- /wp:wd/container --></div>
<!-- /wp:wd/section -->

<!-- wp:wd/section {"blockId":"f40dd29a-dce1-4cad-84e7-0141e83f6f15","paddingBottom":"35","marginBottom":"35","borderType":"solid","borderColorCode":"rgba(0,0,0,0.11)","borderWidthBottom":"1"} -->
<div id="wd-f40dd29a" class="wp-block-wd-section"><!-- wp:wd/container {"blockId":"071961d6-731d-43e8-960d-f5a7cf4eede7","rowGap":"30"} -->
<div id="wd-071961d6" class="wp-block-wd-container wd-dir-col"><!-- wp:wd/title {"blockId":"295427f7-8b50-4886-b0dc-c9db6bf14602","content":"Customer Reviews​","tpFontSize":"22"} -->
<h2 id="wd-295427f7" class="wp-block-wd-title title">Customer Reviews​</h2>
<!-- /wp:wd/title -->

<!-- wp:wd/sp-reviews {"blockId":"c0e14914-5b06-42d9-be93-150bec4adf75","layout":"two-column","reviewsColumns":2} /--></div>
<!-- /wp:wd/container --></div>
<!-- /wp:wd/section -->

<!-- wp:wd/products {"blockId":"4cc30a36-d042-4a4b-973b-1d72fef2d039","show_title":true,"layout":"carousel","items_per_page":"6","marginBottom":"30","slides_per_view":"5","sync_parent_id":"wd_95357c58","marginBottomMobile":"0","hide_pagination_controlTablet":true,"hide_pagination_controlMobile":true} -->
<!-- wp:wd/title {"blockId":"1571007f-7fb0-44af-93d0-96f572da5106","content":"Related Products","tpFontSize":"22","marginBottom":"30"} -->
<h2 id="wd-1571007f" class="wp-block-wd-title title">Related Products</h2>
<!-- /wp:wd/title -->
<!-- /wp:wd/products -->]]></content:encoded>
															<wp:post_id>873</wp:post_id>
					<wp:post_date><![CDATA[2024-08-06 13:32:47]]></wp:post_date>
					<wp:post_date_gmt><![CDATA[2024-08-06 13:32:47]]></wp:post_date_gmt>
					<wp:post_modified><![CDATA[2024-10-14 12:09:21]]></wp:post_modified>
					<wp:post_modified_gmt><![CDATA[2024-10-14 12:09:21]]></wp:post_modified_gmt>
					<wp:comment_status><![CDATA[closed]]></wp:comment_status>
					<wp:post_name><![CDATA[single-product-layout-accessories]]></wp:post_name>
					<wp:status><![CDATA[publish]]></wp:status>
					<wp:post_parent>0</wp:post_parent>
					<wp:menu_order>0</wp:menu_order>
					<wp:post_type><![CDATA[woodmart_layout]]></wp:post_type>
																					<wp:postmeta>
							<wp:meta_key><![CDATA[wd_layout_type]]></wp:meta_key>
							<wp:meta_value><![CDATA[single_product]]></wp:meta_value>
						</wp:postmeta>
												<wp:postmeta>
							<wp:meta_key><![CDATA[wd_layout_conditions]]></wp:meta_key>
							<wp:meta_value><![CDATA[a:1:{i:0;a:3:{s:20:"condition_comparison";s:7:"include";s:14:"condition_type";s:3:"all";s:15:"condition_query";s:0:"";}}]]></wp:meta_value>
						</wp:postmeta>
										</item>
								<item>
					<title><![CDATA[guaranteed-safe-checkout-bordered]]></title>
					<link>https://dummy.xtemos.com/woodmart2/accessories-gutenberg/woodmart_layout/single-product-layout-accessories/guaranteed-safe-checkout-bordered/</link>
					<pubDate>Tue, 06 Aug 2024 13:32:35 +0000</pubDate>
					<dc:creator><![CDATA[maksimkliakhin]]></dc:creator>
					<guid isPermaLink="false">http://dummy.xtemos.com/woodmart2/accessories-gutenberg/wp-content/uploads/sites/26/2024/08/guaranteed-safe-checkout-bordered.jpg</guid>
															<wp:post_id>874</wp:post_id>
					<wp:post_date><![CDATA[2024-08-06 13:32:35]]></wp:post_date>
					<wp:post_date_gmt><![CDATA[2024-08-06 13:32:35]]></wp:post_date_gmt>
					<wp:post_modified><![CDATA[2024-08-06 13:32:35]]></wp:post_modified>
					<wp:post_modified_gmt><![CDATA[2024-08-06 13:32:35]]></wp:post_modified_gmt>
					<wp:comment_status><![CDATA[open]]></wp:comment_status>
					<wp:post_name><![CDATA[guaranteed-safe-checkout-bordered]]></wp:post_name>
					<wp:status><![CDATA[inherit]]></wp:status>
					<wp:post_parent>873</wp:post_parent>
					<wp:menu_order>0</wp:menu_order>
					<wp:post_type><![CDATA[attachment]]></wp:post_type>
											<wp:attachment_url><![CDATA[http://dummy.xtemos.com/woodmart2/accessories-gutenberg/wp-content/uploads/sites/26/2024/08/guaranteed-safe-checkout-bordered.jpg]]></wp:attachment_url>
																					<wp:postmeta>
							<wp:meta_key><![CDATA[_wp_attached_file]]></wp:meta_key>
							<wp:meta_value><![CDATA[2024/08/guaranteed-safe-checkout-bordered.jpg]]></wp:meta_value>
						</wp:postmeta>
										</item>
								<item>
					<title><![CDATA[Product archive layout Straps]]></title>
					<link>https://dummy.xtemos.com/woodmart2/accessories-gutenberg/woodmart_layout/product-archive-layout-straps/</link>
					<pubDate>Wed, 07 Aug 2024 09:08:04 +0000</pubDate>
					<dc:creator><![CDATA[maksimkliakhin]]></dc:creator>
					<guid isPermaLink="false">https://dummy.xtemos.com/woodmart2/accessories-gutenberg/?post_type=woodmart_layout&#038;p=917</guid>
											<content:encoded><![CDATA[<!-- wp:wd/woo-page-title {"blockId":"cdac3748-9f56-4320-8930-c9e451a6be5b","stretch":true,"marginTop":"-40","marginBottom":"60","marginBottomTablet":"40"} /-->

<!-- wp:wd/product-categories {"blockId":"a53b606c-bb47-485b-a18e-dd160805022d","data_source":"wc_query","number":"8","ids":"","hide_empty":false,"categories_design":"alt","image_container_width":"102","custom_rounding_size":"50","style":"carousel","spacing":"30","img_size":"large","marginBottom":"60","slides_per_view":"6","hide_pagination_control":true,"sync_parent_id":"wd_984edf58","custom_rounding_sizeUnits":"%","marginBottomTablet":"40","slides_per_viewTablet":"4","hide_pagination_controlTablet":true,"hide_pagination_controlMobile":true} /-->

<!-- wp:wd/woo-notices {"blockId":"7c61992c-0c72-48da-b238-5459874d0a17","marginBottom":"60","marginBottomTablet":"40"} /-->

<!-- wp:wd/carousel {"blockId":"3db84893-cd0b-4986-b4a2-8ef7341f5858","currentSlide":1,"slidesPerView":"2","paginationControl":false,"paginationControlTablet":false,"paginationControlMobile":false,"syncParentId":"wd_3db84893","marginBottom":"80","slidesPerViewTablet":"2","slidesPerViewMobile":"1","marginBottomTablet":"40"} -->
<div id="wd-3db84893" class="wp-block-wd-carousel wd-carousel-container"><div class="wd-carousel-inner"><div class="wd-carousel wd-grid" style="--wd-col-lg:2;--wd-col-md:2;--wd-col-sm:1;--wd-gap-lg:20px;--wd-gap-sm:10px" data-scroll_per_page="yes"><div class="wd-carousel-wrap"><!-- wp:wd/carousel-item {"blockId":"6ab673b0-c468-42b0-b858-220625f3ab16"} -->
<div id="wd-6ab673b0" class="wp-block-wd-carousel-item wd-carousel-item"><!-- wp:wd/cover {"blockId":"45091689-6a1b-4d27-86a2-20470bb95eba","hover":"zoom-in","aspectRatio":"asImage","imageAspectRatio":"/","height":"460","bgImage":{"id":921,"url":"http://dummy.xtemos.com/woodmart2/accessories-gutenberg/wp-content/uploads/sites/26/2024/08/limited-edition-straps-category.jpg"},"heightTablet":"360"} -->
<div id="wd-45091689" class="wp-block-wd-cover wd-hover-parent wd-hover-zoom-in"><div class="wd-block-cover-img"></div><a class="wd-block-cover-link wd-fill" href="#" aria-label="Cover link"></a><!-- wp:wd/container {"blockId":"38353d2f-0fd6-46c9-8a07-c23dc31f64b8","metadata":{"name":"Banner content"}} -->
<div id="wd-38353d2f" class="wp-block-wd-container wd-dir-col"><!-- wp:wd/paragraph {"blockId":"636e86fc-4512-43a9-be2c-7ba1afb5b4dc","colorVariable":"\u002d\u002dwd-primary-color","tpFontFamily":"var(\u002d\u002dwd-title-font)","tpFontVariant":"600","tpFontWeight":"600","tpFontSizeTablet":"14"} -->
<p id="wd-636e86fc" class="wp-block-wd-paragraph">Hurry up to buy</p>
<!-- /wp:wd/paragraph -->

<!-- wp:wd/title {"blockId":"c3f138e6-f429-4848-82c8-e903d1c3657e","content":"Limited Edition Straps","tpFontSize":"26","marginBottom":"10","tpFontSizeTablet":"20","tpFontSizeMobile":"20"} -->
<h2 id="wd-c3f138e6" class="wp-block-wd-title title">Limited Edition Straps</h2>
<!-- /wp:wd/title -->

<!-- wp:wd/button {"blockId":"29c90006-5025-4ff2-813f-bbabf6fe2700","predefinedColor":"primary","shape":"semi-round"} -->
<a id="wd-29c90006" class="wp-block-wd-button btn btn-style-default btn-color-primary btn-size-default btn-shape-semi-round" href="#"><span>View more</span></a>
<!-- /wp:wd/button --></div>
<!-- /wp:wd/container --></div>
<!-- /wp:wd/cover --></div>
<!-- /wp:wd/carousel-item -->

<!-- wp:wd/carousel-item {"blockId":"9d4a79df-f965-46e4-8fa7-1ccbe148c504"} -->
<div id="wd-9d4a79df" class="wp-block-wd-carousel-item wd-carousel-item"><!-- wp:wd/cover {"blockId":"7fae334d-a0ed-48a4-997d-88fc011751ac","hover":"zoom-in","aspectRatio":"asImage","imageAspectRatio":"/","height":"460","bgImage":{"id":922,"url":"http://dummy.xtemos.com/woodmart2/accessories-gutenberg/wp-content/uploads/sites/26/2024/08/new-44mm-straps-category.jpg"},"heightTablet":"360"} -->
<div id="wd-7fae334d" class="wp-block-wd-cover wd-hover-parent wd-hover-zoom-in"><div class="wd-block-cover-img"></div><a class="wd-block-cover-link wd-fill" href="#" aria-label="Cover link"></a><!-- wp:wd/container {"blockId":"d8a70998-7a7b-4caa-933c-a728d67fd5d3","metadata":{"name":"Banner content"}} -->
<div id="wd-d8a70998" class="wp-block-wd-container wd-dir-col"><!-- wp:wd/paragraph {"blockId":"1bc450ca-4428-4d99-93fb-0063f433c7b9","colorVariable":"\u002d\u002dwd-primary-color","tpFontFamily":"var(\u002d\u002dwd-title-font)","tpFontVariant":"600","tpFontWeight":"600","tpFontSizeTablet":"14"} -->
<p id="wd-1bc450ca" class="wp-block-wd-paragraph">New arrivals</p>
<!-- /wp:wd/paragraph -->

<!-- wp:wd/title {"blockId":"af40576b-7689-4285-ab0a-891d8f685f1b","content":"New Straps for 44mm Watches","tpFontSize":"26","marginBottom":"10","tpFontSizeTablet":"20","tpFontSizeMobile":"20"} -->
<h2 id="wd-af40576b" class="wp-block-wd-title title">New Straps for 44mm Watches</h2>
<!-- /wp:wd/title -->

<!-- wp:wd/button {"blockId":"cddac8f4-05f9-4d20-9f3f-505a17586e7f","predefinedColor":"primary","shape":"semi-round"} -->
<a id="wd-cddac8f4" class="wp-block-wd-button btn btn-style-default btn-color-primary btn-size-default btn-shape-semi-round" href="#"><span>View more</span></a>
<!-- /wp:wd/button --></div>
<!-- /wp:wd/container --></div>
<!-- /wp:wd/cover --></div>
<!-- /wp:wd/carousel-item --></div></div><div class="wd-nav-arrows wd-pos-sep wd-hover-1 wd-icon-1"><div class="wd-btn-arrow wd-prev"><div class="wd-arrow-inner"></div></div><div class="wd-btn-arrow wd-next"><div class="wd-arrow-inner"></div></div></div></div></div>
<!-- /wp:wd/carousel -->

<!-- wp:wd/paragraph {"blockId":"445ccbd2-e513-49f8-b306-562925eacd38","textAlign":"center","colorVariable":"\u002d\u002dwd-primary-color","tpFontFamily":"var(\u002d\u002dwd-title-font)","tpFontVariant":"600","tpFontWeight":"600","marginBottom":"10","tpFontSizeTablet":"14"} -->
<p id="wd-445ccbd2" class="wp-block-wd-paragraph wd-align">Hurry up to buy</p>
<!-- /wp:wd/paragraph -->

<!-- wp:wd/title {"blockId":"b60c878a-085c-413d-923b-3b0c1f64c13d","textAlign":"center","content":"Popular Products","tpFontSize":"36","marginBottom":"10","tpFontSizeTablet":"26"} -->
<h2 id="wd-b60c878a" class="wp-block-wd-title title wd-align">Popular Products</h2>
<!-- /wp:wd/title -->

<!-- wp:wd/paragraph {"blockId":"c052a457-b58d-4851-8a3e-ebf35747f8c9","textAlign":"center"} -->
<p id="wd-c052a457" class="wp-block-wd-paragraph wd-align">How can you evaluate content without design</p>
<!-- /wp:wd/paragraph -->

<!-- wp:wd/products {"blockId":"0b174ec0-7baa-46e8-ae3b-ac1acb9c670e","columns":5,"items_per_page":"","marginBottom":"30","slides_per_view":"5","hide_pagination_control":true,"sync_parent_id":"wd_86dd660f","marginBottomMobile":"0","slides_per_viewTablet":"3","slides_per_viewMobile":"2","hide_pagination_controlTablet":true,"hide_pagination_controlMobile":true} /-->]]></content:encoded>
															<wp:post_id>917</wp:post_id>
					<wp:post_date><![CDATA[2024-08-07 09:08:04]]></wp:post_date>
					<wp:post_date_gmt><![CDATA[2024-08-07 09:08:04]]></wp:post_date_gmt>
					<wp:post_modified><![CDATA[2024-10-02 11:42:15]]></wp:post_modified>
					<wp:post_modified_gmt><![CDATA[2024-10-02 11:42:15]]></wp:post_modified_gmt>
					<wp:comment_status><![CDATA[closed]]></wp:comment_status>
					<wp:post_name><![CDATA[product-archive-layout-straps]]></wp:post_name>
					<wp:status><![CDATA[publish]]></wp:status>
					<wp:post_parent>0</wp:post_parent>
					<wp:menu_order>0</wp:menu_order>
					<wp:post_type><![CDATA[woodmart_layout]]></wp:post_type>
																					<wp:postmeta>
							<wp:meta_key><![CDATA[wd_layout_type]]></wp:meta_key>
							<wp:meta_value><![CDATA[shop_archive]]></wp:meta_value>
						</wp:postmeta>
												<wp:postmeta>
							<wp:meta_key><![CDATA[wd_layout_conditions]]></wp:meta_key>
							<wp:meta_value><![CDATA[a:1:{i:0;a:3:{s:20:"condition_comparison";s:7:"include";s:14:"condition_type";s:12:"product_term";s:15:"condition_query";s:2:"20";}}]]></wp:meta_value>
						</wp:postmeta>
										</item>
								<item>
					<title><![CDATA[mag-safe-accessories-category-1]]></title>
					<link>https://dummy.xtemos.com/woodmart2/accessories-gutenberg/mag-safe-accessories-category-1-2/</link>
					<pubDate>Wed, 07 Aug 2024 09:47:08 +0000</pubDate>
					<dc:creator><![CDATA[maksimkliakhin]]></dc:creator>
					<guid isPermaLink="false">http://dummy.xtemos.com/woodmart2/accessories-gutenberg/wp-content/uploads/sites/26/2024/08/mag-safe-accessories-category-1.jpg</guid>
															<wp:post_id>929</wp:post_id>
					<wp:post_date><![CDATA[2024-08-07 09:47:08]]></wp:post_date>
					<wp:post_date_gmt><![CDATA[2024-08-07 09:47:08]]></wp:post_date_gmt>
					<wp:post_modified><![CDATA[2024-08-07 09:47:08]]></wp:post_modified>
					<wp:post_modified_gmt><![CDATA[2024-08-07 09:47:08]]></wp:post_modified_gmt>
					<wp:comment_status><![CDATA[open]]></wp:comment_status>
					<wp:post_name><![CDATA[mag-safe-accessories-category-1-2]]></wp:post_name>
					<wp:status><![CDATA[inherit]]></wp:status>
					<wp:post_parent>0</wp:post_parent>
					<wp:menu_order>0</wp:menu_order>
					<wp:post_type><![CDATA[attachment]]></wp:post_type>
											<wp:attachment_url><![CDATA[http://dummy.xtemos.com/woodmart2/accessories-gutenberg/wp-content/uploads/sites/26/2024/08/mag-safe-accessories-category-1.jpg]]></wp:attachment_url>
																					<wp:postmeta>
							<wp:meta_key><![CDATA[_wp_attached_file]]></wp:meta_key>
							<wp:meta_value><![CDATA[2024/08/mag-safe-accessories-category-1.jpg]]></wp:meta_value>
						</wp:postmeta>
										</item>
								<item>
					<title><![CDATA[protective-cases-category-1]]></title>
					<link>https://dummy.xtemos.com/woodmart2/accessories-gutenberg/protective-cases-category-1-2/</link>
					<pubDate>Wed, 07 Aug 2024 09:47:09 +0000</pubDate>
					<dc:creator><![CDATA[maksimkliakhin]]></dc:creator>
					<guid isPermaLink="false">http://dummy.xtemos.com/woodmart2/accessories-gutenberg/wp-content/uploads/sites/26/2024/08/protective-cases-category-1.jpg</guid>
															<wp:post_id>930</wp:post_id>
					<wp:post_date><![CDATA[2024-08-07 09:47:09]]></wp:post_date>
					<wp:post_date_gmt><![CDATA[2024-08-07 09:47:09]]></wp:post_date_gmt>
					<wp:post_modified><![CDATA[2024-08-07 09:47:09]]></wp:post_modified>
					<wp:post_modified_gmt><![CDATA[2024-08-07 09:47:09]]></wp:post_modified_gmt>
					<wp:comment_status><![CDATA[open]]></wp:comment_status>
					<wp:post_name><![CDATA[protective-cases-category-1-2]]></wp:post_name>
					<wp:status><![CDATA[inherit]]></wp:status>
					<wp:post_parent>0</wp:post_parent>
					<wp:menu_order>0</wp:menu_order>
					<wp:post_type><![CDATA[attachment]]></wp:post_type>
											<wp:attachment_url><![CDATA[http://dummy.xtemos.com/woodmart2/accessories-gutenberg/wp-content/uploads/sites/26/2024/08/protective-cases-category-1.jpg]]></wp:attachment_url>
																					<wp:postmeta>
							<wp:meta_key><![CDATA[_wp_attached_file]]></wp:meta_key>
							<wp:meta_value><![CDATA[2024/08/protective-cases-category-1.jpg]]></wp:meta_value>
						</wp:postmeta>
										</item>
								<item>
					<title><![CDATA[watches-straps-category-1]]></title>
					<link>https://dummy.xtemos.com/woodmart2/accessories-gutenberg/watches-straps-category-1-2/</link>
					<pubDate>Wed, 07 Aug 2024 09:47:10 +0000</pubDate>
					<dc:creator><![CDATA[maksimkliakhin]]></dc:creator>
					<guid isPermaLink="false">http://dummy.xtemos.com/woodmart2/accessories-gutenberg/wp-content/uploads/sites/26/2024/08/watches-straps-category-1.jpg</guid>
															<wp:post_id>931</wp:post_id>
					<wp:post_date><![CDATA[2024-08-07 09:47:10]]></wp:post_date>
					<wp:post_date_gmt><![CDATA[2024-08-07 09:47:10]]></wp:post_date_gmt>
					<wp:post_modified><![CDATA[2024-08-07 09:47:10]]></wp:post_modified>
					<wp:post_modified_gmt><![CDATA[2024-08-07 09:47:10]]></wp:post_modified_gmt>
					<wp:comment_status><![CDATA[open]]></wp:comment_status>
					<wp:post_name><![CDATA[watches-straps-category-1-2]]></wp:post_name>
					<wp:status><![CDATA[inherit]]></wp:status>
					<wp:post_parent>0</wp:post_parent>
					<wp:menu_order>0</wp:menu_order>
					<wp:post_type><![CDATA[attachment]]></wp:post_type>
											<wp:attachment_url><![CDATA[http://dummy.xtemos.com/woodmart2/accessories-gutenberg/wp-content/uploads/sites/26/2024/08/watches-straps-category-1.jpg]]></wp:attachment_url>
																					<wp:postmeta>
							<wp:meta_key><![CDATA[_wp_attached_file]]></wp:meta_key>
							<wp:meta_value><![CDATA[2024/08/watches-straps-category-1.jpg]]></wp:meta_value>
						</wp:postmeta>
										</item>
								<item>
					<title><![CDATA[new-arrivals-banner-1]]></title>
					<link>https://dummy.xtemos.com/woodmart2/accessories-gutenberg/new-arrivals-banner-1/</link>
					<pubDate>Wed, 07 Aug 2024 09:50:51 +0000</pubDate>
					<dc:creator><![CDATA[maksimkliakhin]]></dc:creator>
					<guid isPermaLink="false">http://dummy.xtemos.com/woodmart2/accessories-gutenberg/wp-content/uploads/sites/26/2024/08/new-arrivals-banner-1.jpg</guid>
															<wp:post_id>934</wp:post_id>
					<wp:post_date><![CDATA[2024-08-07 09:50:51]]></wp:post_date>
					<wp:post_date_gmt><![CDATA[2024-08-07 09:50:51]]></wp:post_date_gmt>
					<wp:post_modified><![CDATA[2024-08-07 09:50:51]]></wp:post_modified>
					<wp:post_modified_gmt><![CDATA[2024-08-07 09:50:51]]></wp:post_modified_gmt>
					<wp:comment_status><![CDATA[open]]></wp:comment_status>
					<wp:post_name><![CDATA[new-arrivals-banner-1]]></wp:post_name>
					<wp:status><![CDATA[inherit]]></wp:status>
					<wp:post_parent>0</wp:post_parent>
					<wp:menu_order>0</wp:menu_order>
					<wp:post_type><![CDATA[attachment]]></wp:post_type>
											<wp:attachment_url><![CDATA[http://dummy.xtemos.com/woodmart2/accessories-gutenberg/wp-content/uploads/sites/26/2024/08/new-arrivals-banner-1.jpg]]></wp:attachment_url>
																					<wp:postmeta>
							<wp:meta_key><![CDATA[_wp_attached_file]]></wp:meta_key>
							<wp:meta_value><![CDATA[2024/08/new-arrivals-banner-1.jpg]]></wp:meta_value>
						</wp:postmeta>
										</item>
								<item>
					<title><![CDATA[Product archive layout Shop Accessories]]></title>
					<link>https://dummy.xtemos.com/woodmart2/accessories-gutenberg/woodmart_layout/product-archive-layout-shop-accessories/</link>
					<pubDate>Wed, 07 Aug 2024 11:05:32 +0000</pubDate>
					<dc:creator><![CDATA[maksimkliakhin]]></dc:creator>
					<guid isPermaLink="false">https://dummy.xtemos.com/woodmart2/accessories-gutenberg/?post_type=woodmart_layout&#038;p=941</guid>
											<content:encoded><![CDATA[<!-- wp:wd/sa-archive-description {"blockId":"518bed56-f780-4bbf-b12a-9ab51db4c95f","textAlign":"center"} /-->

<!-- wp:wd/paragraph {"blockId":"5d5f243a-a22f-4c35-8d76-2ed4a94ddd98","textAlign":"center","colorVariable":"\u002d\u002dwd-primary-color","tpFontFamily":"var(\u002d\u002dwd-title-font)","tpFontVariant":"600","tpFontWeight":"600","marginBottom":"10","tpFontSizeTablet":"14"} -->
<p id="wd-5d5f243a" class="wp-block-wd-paragraph wd-align">There are some redeeming factors</p>
<!-- /wp:wd/paragraph -->

<!-- wp:wd/title {"blockId":"63ac4b90-5142-4ef5-b6b4-6cd7f1d8dc35","textAlign":"center","content":"Recommended Categories","tpFontSize":"36","marginBottom":"10","tpFontSizeTablet":"26"} -->
<h2 id="wd-63ac4b90" class="wp-block-wd-title title wd-align">Recommended Categories</h2>
<!-- /wp:wd/title -->

<!-- wp:wd/paragraph {"blockId":"44abda83-8b42-43d0-b322-0b8961752103","textAlign":"center","marginBottom":"40"} -->
<p id="wd-44abda83" class="wp-block-wd-paragraph wd-align">A client that's unhappy for a reason is a problem, a client that's unhappy though he or her can't</p>
<!-- /wp:wd/paragraph -->

<!-- wp:wd/product-categories {"blockId":"78451dfd-9daa-41ac-9c70-250bb1e0f544","data_source":"wc_query","number":"8","ids":"","hide_empty":false,"categories_design":"alt","image_container_width":"134","custom_rounding_size":"50","style":"carousel","spacing":"30","img_size":"large","categories_with_background":false,"marginBottom":"60","slides_per_view":"6","hide_pagination_control":true,"sync_parent_id":"wd_2ba261cd","custom_rounding_sizeUnits":"%","marginBottomTablet":"40","marginBottomMobile":"20","slides_per_viewTablet":"4","hide_pagination_controlTablet":true,"hide_pagination_controlMobile":true} /-->

<!-- wp:wd/woo-notices {"blockId":"2114f801-ffaf-4796-94a8-8ea32bdf708b"} /-->

<!-- wp:wd/carousel {"blockId":"ed8fbc6c-bb12-4389-a3fb-45cc02cfb9ef","paginationControl":false,"paginationControlTablet":false,"paginationControlMobile":false,"syncParentId":"wd_ed8fbc6c","marginBottom":"60","slidesPerViewMobile":"1","marginBottomTablet":"60","marginBottomMobile":"40"} -->
<div id="wd-ed8fbc6c" class="wp-block-wd-carousel wd-carousel-container"><div class="wd-carousel-inner"><div class="wd-carousel wd-grid" style="--wd-col-lg:3;--wd-col-md:3;--wd-col-sm:1;--wd-gap-lg:20px;--wd-gap-sm:10px" data-scroll_per_page="yes"><div class="wd-carousel-wrap"><!-- wp:wd/carousel-item {"blockId":"6ab673b0-c468-42b0-b858-220625f3ab16"} -->
<div id="wd-6ab673b0" class="wp-block-wd-carousel-item wd-carousel-item"><!-- wp:wd/cover {"blockId":"4118c698-979c-45ae-89bf-98a11be57ab4","hover":"zoom-in","aspectRatio":"asImage","imageAspectRatio":"/","height":"510","bgImage":{"id":930,"url":"http://dummy.xtemos.com/woodmart2/accessories-gutenberg/wp-content/uploads/sites/26/2024/08/protective-cases-category-1.jpg"}} -->
<div id="wd-4118c698" class="wp-block-wd-cover wd-hover-parent wd-hover-zoom-in"><div class="wd-block-cover-img"></div><a class="wd-block-cover-link wd-fill" href="#" aria-label="Cover link"></a><!-- wp:wd/container {"blockId":"62fec23c-01ba-42a6-bfde-63693ed29a6e","metadata":{"name":"Banner content"}} -->
<div id="wd-62fec23c" class="wp-block-wd-container wd-dir-col"><!-- wp:wd/paragraph {"blockId":"d4cc3697-bda2-45b3-953e-7a9e13514870","colorVariable":"\u002d\u002dwd-primary-color","tpFontFamily":"var(\u002d\u002dwd-title-font)","tpFontVariant":"600","tpFontWeight":"600","tpFontSizeTablet":"14"} -->
<p id="wd-d4cc3697" class="wp-block-wd-paragraph">Safe your phone</p>
<!-- /wp:wd/paragraph -->

<!-- wp:wd/title {"blockId":"6974b7b5-80fc-48df-bc32-266fd07deecd","content":"Protective Cases","tpFontSize":"26","marginBottom":"5","tpFontSizeTablet":"20"} -->
<h2 id="wd-6974b7b5" class="wp-block-wd-title title">Protective Cases</h2>
<!-- /wp:wd/title -->

<!-- wp:wd/button {"blockId":"bfc3bad8-e7f8-4c20-90e2-9068dc4e43d5","predefinedColor":"primary","shape":"semi-round"} -->
<a id="wd-bfc3bad8" class="wp-block-wd-button btn btn-style-default btn-color-primary btn-size-default btn-shape-semi-round" href="#"><span>View more</span></a>
<!-- /wp:wd/button --></div>
<!-- /wp:wd/container --></div>
<!-- /wp:wd/cover --></div>
<!-- /wp:wd/carousel-item -->

<!-- wp:wd/carousel-item {"blockId":"9d4a79df-f965-46e4-8fa7-1ccbe148c504"} -->
<div id="wd-9d4a79df" class="wp-block-wd-carousel-item wd-carousel-item"><!-- wp:wd/cover {"blockId":"946d852e-4fed-4fec-83e6-9185442ba8fe","hover":"zoom-in","aspectRatio":"asImage","imageAspectRatio":"/","height":"510","bgImage":{"id":929,"url":"http://dummy.xtemos.com/woodmart2/accessories-gutenberg/wp-content/uploads/sites/26/2024/08/mag-safe-accessories-category-1.jpg"}} -->
<div id="wd-946d852e" class="wp-block-wd-cover wd-hover-parent wd-hover-zoom-in"><div class="wd-block-cover-img"></div><a class="wd-block-cover-link wd-fill" href="#" aria-label="Cover link"></a><!-- wp:wd/container {"blockId":"51d38640-4759-4dd1-a148-00d3c6b8e5a7","metadata":{"name":"Banner content"}} -->
<div id="wd-51d38640" class="wp-block-wd-container wd-dir-col"><!-- wp:wd/paragraph {"blockId":"01d713c2-75d3-4c4d-8d3d-8a87a93f51bc","colorVariable":"\u002d\u002dwd-primary-color","tpFontFamily":"var(\u002d\u002dwd-title-font)","tpFontVariant":"600","tpFontWeight":"600","tpFontSizeTablet":"14"} -->
<p id="wd-01d713c2" class="wp-block-wd-paragraph">Popular accessories</p>
<!-- /wp:wd/paragraph -->

<!-- wp:wd/title {"blockId":"b26147da-ac8d-44b0-bee7-351e353071fa","content":"MagSafe Accessories","tpFontSize":"26","marginBottom":"5","tpFontSizeTablet":"20"} -->
<h2 id="wd-b26147da" class="wp-block-wd-title title">MagSafe Accessories</h2>
<!-- /wp:wd/title -->

<!-- wp:wd/button {"blockId":"8b86cd26-c8f7-4cd9-a1b4-57de552765e3","predefinedColor":"primary","shape":"semi-round"} -->
<a id="wd-8b86cd26" class="wp-block-wd-button btn btn-style-default btn-color-primary btn-size-default btn-shape-semi-round" href="#"><span>View more</span></a>
<!-- /wp:wd/button --></div>
<!-- /wp:wd/container --></div>
<!-- /wp:wd/cover --></div>
<!-- /wp:wd/carousel-item -->

<!-- wp:wd/carousel-item {"blockId":"510b359a-26ce-4b7c-8915-4d4ceb5d2cf1"} -->
<div id="wd-510b359a" class="wp-block-wd-carousel-item wd-carousel-item"><!-- wp:wd/cover {"blockId":"fa9b2de8-3885-42fb-aa9f-7581163c0bc5","hover":"zoom-in","aspectRatio":"asImage","imageAspectRatio":"/","height":"510","bgImage":{"id":931,"url":"http://dummy.xtemos.com/woodmart2/accessories-gutenberg/wp-content/uploads/sites/26/2024/08/watches-straps-category-1.jpg"}} -->
<div id="wd-fa9b2de8" class="wp-block-wd-cover wd-hover-parent wd-hover-zoom-in"><div class="wd-block-cover-img"></div><a class="wd-block-cover-link wd-fill" href="#" aria-label="Cover link"></a><!-- wp:wd/container {"blockId":"470c2bc4-640a-4081-aca9-14e9974d301f","metadata":{"name":"Banner content"}} -->
<div id="wd-470c2bc4" class="wp-block-wd-container wd-dir-col"><!-- wp:wd/paragraph {"blockId":"87eb9b90-4ee0-4c89-8df6-8cf05dce69cd","colorVariable":"\u002d\u002dwd-primary-color","tpFontFamily":"var(\u002d\u002dwd-title-font)","tpFontVariant":"600","tpFontWeight":"600","tpFontSizeTablet":"14"} -->
<p id="wd-87eb9b90" class="wp-block-wd-paragraph">Update your style</p>
<!-- /wp:wd/paragraph -->

<!-- wp:wd/title {"blockId":"5a167b1f-66a3-4218-bbb8-81d7cff21c76","content":"Watches Straps","tpFontSize":"26","marginBottom":"5","tpFontSizeTablet":"20"} -->
<h2 id="wd-5a167b1f" class="wp-block-wd-title title">Watches Straps</h2>
<!-- /wp:wd/title -->

<!-- wp:wd/button {"blockId":"e8288e36-50a7-4e63-a6eb-85b9f3fe2617","predefinedColor":"primary","shape":"semi-round"} -->
<a id="wd-e8288e36" class="wp-block-wd-button btn btn-style-default btn-color-primary btn-size-default btn-shape-semi-round" href="#"><span>View more</span></a>
<!-- /wp:wd/button --></div>
<!-- /wp:wd/container --></div>
<!-- /wp:wd/cover --></div>
<!-- /wp:wd/carousel-item --></div></div><div class="wd-nav-arrows wd-pos-sep wd-hover-1 wd-icon-1"><div class="wd-btn-arrow wd-prev"><div class="wd-arrow-inner"></div></div><div class="wd-btn-arrow wd-next"><div class="wd-arrow-inner"></div></div></div></div></div>
<!-- /wp:wd/carousel -->

<!-- wp:wd/brands {"blockId":"11729c4d-0dc8-432f-a47b-c682efe7a711","number":"12","hide_empty":false,"filter_in_current_category":true,"style":"grid","columns":6,"marginBottom":"60","sync_parent_id":"wd_94e7a8e8","columnsTablet":4,"columnsMobile":2,"marginBottomMobile":"40"} /-->

<!-- wp:wd/cover {"blockId":"8171aa04-9725-416a-8f47-aa5199a2f108","height":"510","bgImage":{"id":934,"url":"http://dummy.xtemos.com/woodmart2/accessories-gutenberg/wp-content/uploads/sites/26/2024/08/new-arrivals-banner-1.jpg"},"paddingTop":"130","paddingRight":"55","paddingBottom":"130","paddingLeft":"55","marginBottom":"80","paddingTopTablet":"90","paddingRightTablet":"30","paddingBottomTablet":"90","paddingLeftTablet":"30","marginBottomTablet":"60","marginBottomMobile":"40"} -->
<div id="wd-8171aa04" class="wp-block-wd-cover wd-hover-parent"><div class="wd-block-cover-img"></div><!-- wp:wd/container {"blockId":"f4468b01-630c-4c5c-8989-027599943ce7","metadata":{"name":"Banner content"}} -->
<div id="wd-f4468b01" class="wp-block-wd-container wd-dir-col"><!-- wp:wd/title {"blockId":"c194c043-236a-49d2-9481-39a02e61dd39","content":"New arrivals accessories for your Apple devices","tpFontSize":"48","tpLineHeight":"1.2","displayWidth":"custom","customWidth":"633","tpFontSizeTablet":"28","tpFontSizeMobile":"20","tpLineHeightUnits":"em","displayWidthTablet":"custom","customWidthTablet":"376"} -->
<h2 id="wd-c194c043" class="wp-block-wd-title title wd-custom-width">New arrivals accessories for your Apple devices</h2>
<!-- /wp:wd/title -->

<!-- wp:wd/paragraph {"blockId":"aeaa3e58-e34e-413a-a2c3-d37285e18997","marginBottom":"10"} -->
<p id="wd-aeaa3e58" class="wp-block-wd-paragraph">Discover accessories that will make your devices more secure.</p>
<!-- /wp:wd/paragraph -->

<!-- wp:wd/container {"blockId":"3d13b560-ff73-4cd1-8ed5-3b3dfab3cfce","direction":"row"} -->
<div id="wd-3d13b560" class="wp-block-wd-container wd-dir-row"><!-- wp:wd/button {"blockId":"a72831a4-7547-43c6-a900-51e4d5bcb615","predefinedColor":"primary","shape":"semi-round"} -->
<a id="wd-a72831a4" class="wp-block-wd-button btn btn-style-default btn-color-primary btn-size-default btn-shape-semi-round" href="#"><span>For iphone</span></a>
<!-- /wp:wd/button -->

<!-- wp:wd/button {"blockId":"3140b932-5682-44f6-9ea4-62e8b9eecfa7","predefinedColor":"primary","shape":"semi-round"} -->
<a id="wd-3140b932" class="wp-block-wd-button btn btn-style-default btn-color-primary btn-size-default btn-shape-semi-round" href="#"><span>For watches</span></a>
<!-- /wp:wd/button --></div>
<!-- /wp:wd/container --></div>
<!-- /wp:wd/container --></div>
<!-- /wp:wd/cover -->

<!-- wp:wd/paragraph {"blockId":"ec98fc22-c136-4b96-bcd2-92a5c9b216bf","textAlign":"center","colorVariable":"\u002d\u002dwd-primary-color","tpFontFamily":"var(\u002d\u002dwd-title-font)","tpFontVariant":"600","tpFontWeight":"600","marginBottom":"10","tpFontSizeTablet":"14"} -->
<p id="wd-ec98fc22" class="wp-block-wd-paragraph wd-align">Hurry up to buy</p>
<!-- /wp:wd/paragraph -->

<!-- wp:wd/title {"blockId":"b971919d-457a-47e1-b948-427d2b31db3c","textAlign":"center","content":"Popular products","tpFontSize":"36","marginBottom":"10","tpFontSizeTablet":"26"} -->
<h2 id="wd-b971919d" class="wp-block-wd-title title wd-align">Popular products</h2>
<!-- /wp:wd/title -->

<!-- wp:wd/paragraph {"blockId":"426124c6-e10b-4950-85ef-59f31ff84e43","textAlign":"center","marginBottom":"40"} -->
<p id="wd-426124c6" class="wp-block-wd-paragraph wd-align">How can you evaluate content without design</p>
<!-- /wp:wd/paragraph -->

<!-- wp:wd/products {"blockId":"5e28ee89-7b80-4990-b760-ac347f78e474","layout":"carousel","marginBottom":"30","slides_per_view":"5","hide_pagination_control":true,"sync_parent_id":"wd_8b830193","marginBottomMobile":"0","slides_per_viewTablet":"4","slides_per_viewMobile":"2","hide_pagination_controlTablet":true,"hide_pagination_controlMobile":true} /-->]]></content:encoded>
															<wp:post_id>941</wp:post_id>
					<wp:post_date><![CDATA[2024-08-07 11:05:32]]></wp:post_date>
					<wp:post_date_gmt><![CDATA[2024-08-07 11:05:32]]></wp:post_date_gmt>
					<wp:post_modified><![CDATA[2024-10-02 11:42:00]]></wp:post_modified>
					<wp:post_modified_gmt><![CDATA[2024-10-02 11:42:00]]></wp:post_modified_gmt>
					<wp:comment_status><![CDATA[closed]]></wp:comment_status>
					<wp:post_name><![CDATA[product-archive-layout-shop-accessories]]></wp:post_name>
					<wp:status><![CDATA[publish]]></wp:status>
					<wp:post_parent>0</wp:post_parent>
					<wp:menu_order>0</wp:menu_order>
					<wp:post_type><![CDATA[woodmart_layout]]></wp:post_type>
																					<wp:postmeta>
							<wp:meta_key><![CDATA[wd_layout_type]]></wp:meta_key>
							<wp:meta_value><![CDATA[shop_archive]]></wp:meta_value>
						</wp:postmeta>
												<wp:postmeta>
							<wp:meta_key><![CDATA[wd_layout_conditions]]></wp:meta_key>
							<wp:meta_value><![CDATA[a:1:{i:0;a:3:{s:20:"condition_comparison";s:7:"include";s:14:"condition_type";s:9:"shop_page";s:15:"condition_query";s:0:"";}}]]></wp:meta_value>
						</wp:postmeta>
												<wp:postmeta>
							<wp:meta_key><![CDATA[_wp_old_slug]]></wp:meta_key>
							<wp:meta_value><![CDATA[product-archive-layout]]></wp:meta_value>
						</wp:postmeta>
										</item>
								<item>
					<title><![CDATA[Product archive layout attribute]]></title>
					<link>https://dummy.xtemos.com/woodmart2/accessories-gutenberg/woodmart_layout/product-archive-layout-attribute/</link>
					<pubDate>Wed, 07 Aug 2024 11:07:33 +0000</pubDate>
					<dc:creator><![CDATA[maksimkliakhin]]></dc:creator>
					<guid isPermaLink="false">https://dummy.xtemos.com/woodmart2/accessories-gutenberg/?post_type=woodmart_layout&#038;p=942</guid>
											<content:encoded><![CDATA[<!-- wp:wd/woo-page-title {"blockId":"99bf73d9-0633-48d7-844a-286c82a99917","stretch":true,"marginTop":"-40","marginBottom":"30","marginBottomTablet":"30"} /-->

<!-- wp:wd/product-categories {"blockId":"49b6524f-1958-48dd-8cef-7091d480ef50","data_source":"wc_query","number":"8","ids":"","hide_empty":false,"categories_design":"alt","image_container_width":"102","custom_rounding_size":"50","style":"carousel","spacing":"30","img_size":"large","paddingBottom":"15","marginBottom":"30","borderType":"solid","borderColorCode":"rgba(0,0,0,0.11)","borderWidthBottom":"1","slides_per_view":"6","hide_pagination_control":true,"sync_parent_id":"wd_b4aca4c2","custom_rounding_sizeUnits":"%","slides_per_viewTablet":"3","hide_pagination_controlTablet":true,"hide_pagination_controlMobile":true} /-->

<!-- wp:wd/off-canvas {"blockId":"853db61f-cf34-48ef-80f5-f608905d329f","marginBottom":"30","marginBottomMobile":"0"} -->
<div id="wd-853db61f" class="wp-block-wd-off-canvas"><!-- wp:wd/off-sidebar {"blockId":"c5ba7c82-f2d0-4ef6-8e36-2ddc9726614b","sidebarWidth":25} -->
<div id="wd-c5ba7c82" class="wp-block-wd-off-sidebar wd-left wd-hide-md-sm wd-hide-sm"><div class="wd-heading"><div class="close-side-widget wd-action-btn wd-style-text wd-cross-icon"><a href="#" rel="nofollow noopener">Close</a></div></div><div class="wd-content"><!-- wp:wd/sidebar {"blockId":"064cd75d-270d-424d-ae52-fc262e28bf2b","sidebar_id":"sidebar-shop"} /--></div></div>
<!-- /wp:wd/off-sidebar -->

<!-- wp:wd/off-content {"blockId":"0151258f-c3b6-41b1-99ff-8f4af158d5fa"} -->
<div id="wd-0151258f" class="wp-block-wd-off-content"><!-- wp:wd/container {"blockId":"02717a43-ad14-489d-baea-43be357f32b0","direction":"row","justify":"space-between","align":"center","wrap":"wrap"} -->
<div id="wd-02717a43" class="wp-block-wd-container wd-dir-row wd-align-is-lg-center"><!-- wp:wd/woo-breadcrumbs {"blockId":"46697632-f8ae-4553-b076-434b1351a310","marginRight":"auto","marginUnits":"custom","hideOnTablet":true,"hideOnMobile":true} /-->

<!-- wp:wd/off-canvas-button {"blockId":"eb98558a-74a0-4f19-b9c7-9c65d544f8cd","hideOnDesktop":true} -->
<div id="wd-eb98558a" class="wp-block-wd-off-canvas-button wd-off-canvas-btn wd-action-btn wd-style-text wd-burger-icon wd-hide-lg"><a href="#" rel="nofollow">Show sidebar</a></div>
<!-- /wp:wd/off-canvas-button -->

<!-- wp:wd/sa-per-page {"blockId":"27203bd2-2065-4d9b-9061-9f74a97a75ff","hideOnTablet":true,"hideOnMobile":true} /-->

<!-- wp:wd/sa-view {"blockId":"54fa1922-9d41-42aa-a1f0-a49091bd8cc4","products_columns_variations":"2,3,4,list","hideOnTablet":true,"hideOnMobile":true} /-->

<!-- wp:wd/sa-orderby {"blockId":"190f00cf-208a-493e-9cc4-debdc0dff185","style":"underline","mobileIcon":true} /--></div>
<!-- /wp:wd/container -->

<!-- wp:wd/sa-active-filters {"blockId":"bd6095eb-e9c7-4cd5-b086-4c2a62036ef8"} /-->

<!-- wp:wd/woo-notices {"blockId":"e4409ecf-272a-420c-abab-5fd0c04a062d"} /-->

<!-- wp:wd/sa-archive-products {"blockId":"1465e10d-5eb6-499b-a42e-9b09db9a6f94","columns":"","spacing":"","shopPagination":""} /--></div>
<!-- /wp:wd/off-content --></div>
<!-- /wp:wd/off-canvas -->]]></content:encoded>
															<wp:post_id>942</wp:post_id>
					<wp:post_date><![CDATA[2024-08-07 11:07:33]]></wp:post_date>
					<wp:post_date_gmt><![CDATA[2024-08-07 11:07:33]]></wp:post_date_gmt>
					<wp:post_modified><![CDATA[2024-10-02 11:41:48]]></wp:post_modified>
					<wp:post_modified_gmt><![CDATA[2024-10-02 11:41:48]]></wp:post_modified_gmt>
					<wp:comment_status><![CDATA[closed]]></wp:comment_status>
					<wp:post_name><![CDATA[product-archive-layout-attribute]]></wp:post_name>
					<wp:status><![CDATA[publish]]></wp:status>
					<wp:post_parent>0</wp:post_parent>
					<wp:menu_order>0</wp:menu_order>
					<wp:post_type><![CDATA[woodmart_layout]]></wp:post_type>
																					<wp:postmeta>
							<wp:meta_key><![CDATA[wd_layout_type]]></wp:meta_key>
							<wp:meta_value><![CDATA[shop_archive]]></wp:meta_value>
						</wp:postmeta>
												<wp:postmeta>
							<wp:meta_key><![CDATA[wd_layout_conditions]]></wp:meta_key>
							<wp:meta_value><![CDATA[a:2:{i:0;a:3:{s:20:"condition_comparison";s:7:"include";s:14:"condition_type";s:14:"product_search";s:15:"condition_query";s:0:"";}i:1;a:3:{s:20:"condition_comparison";s:7:"include";s:14:"condition_type";s:25:"filtered_product_term_any";s:15:"condition_query";s:0:"";}}]]></wp:meta_value>
						</wp:postmeta>
										</item>
								<item>
					<title><![CDATA[w-image-color-attribute-black-white]]></title>
					<link>https://dummy.xtemos.com/woodmart2/accessories-gutenberg/w-image-color-attribute-black-white/</link>
					<pubDate>Wed, 07 Aug 2024 11:38:46 +0000</pubDate>
					<dc:creator><![CDATA[maksimkliakhin]]></dc:creator>
					<guid isPermaLink="false">http://dummy.xtemos.com/woodmart2/accessories-gutenberg/wp-content/uploads/sites/26/2024/08/w-image-color-attribute-black-white.jpg</guid>
															<wp:post_id>951</wp:post_id>
					<wp:post_date><![CDATA[2024-08-07 11:38:46]]></wp:post_date>
					<wp:post_date_gmt><![CDATA[2024-08-07 11:38:46]]></wp:post_date_gmt>
					<wp:post_modified><![CDATA[2024-08-07 11:38:46]]></wp:post_modified>
					<wp:post_modified_gmt><![CDATA[2024-08-07 11:38:46]]></wp:post_modified_gmt>
					<wp:comment_status><![CDATA[open]]></wp:comment_status>
					<wp:post_name><![CDATA[w-image-color-attribute-black-white]]></wp:post_name>
					<wp:status><![CDATA[inherit]]></wp:status>
					<wp:post_parent>0</wp:post_parent>
					<wp:menu_order>0</wp:menu_order>
					<wp:post_type><![CDATA[attachment]]></wp:post_type>
											<wp:attachment_url><![CDATA[http://dummy.xtemos.com/woodmart2/accessories-gutenberg/wp-content/uploads/sites/26/2024/08/w-image-color-attribute-black-white.jpg]]></wp:attachment_url>
																					<wp:postmeta>
							<wp:meta_key><![CDATA[_wp_attached_file]]></wp:meta_key>
							<wp:meta_value><![CDATA[2024/08/w-image-color-attribute-black-white.jpg]]></wp:meta_value>
						</wp:postmeta>
										</item>
								<item>
					<title><![CDATA[w-image-color-attribute-coral]]></title>
					<link>https://dummy.xtemos.com/woodmart2/accessories-gutenberg/w-image-color-attribute-coral/</link>
					<pubDate>Wed, 07 Aug 2024 11:39:40 +0000</pubDate>
					<dc:creator><![CDATA[maksimkliakhin]]></dc:creator>
					<guid isPermaLink="false">http://dummy.xtemos.com/woodmart2/accessories-gutenberg/wp-content/uploads/sites/26/2024/08/w-image-color-attribute-coral.jpg</guid>
															<wp:post_id>952</wp:post_id>
					<wp:post_date><![CDATA[2024-08-07 11:39:40]]></wp:post_date>
					<wp:post_date_gmt><![CDATA[2024-08-07 11:39:40]]></wp:post_date_gmt>
					<wp:post_modified><![CDATA[2024-08-07 11:39:40]]></wp:post_modified>
					<wp:post_modified_gmt><![CDATA[2024-08-07 11:39:40]]></wp:post_modified_gmt>
					<wp:comment_status><![CDATA[open]]></wp:comment_status>
					<wp:post_name><![CDATA[w-image-color-attribute-coral]]></wp:post_name>
					<wp:status><![CDATA[inherit]]></wp:status>
					<wp:post_parent>0</wp:post_parent>
					<wp:menu_order>0</wp:menu_order>
					<wp:post_type><![CDATA[attachment]]></wp:post_type>
											<wp:attachment_url><![CDATA[http://dummy.xtemos.com/woodmart2/accessories-gutenberg/wp-content/uploads/sites/26/2024/08/w-image-color-attribute-coral.jpg]]></wp:attachment_url>
																					<wp:postmeta>
							<wp:meta_key><![CDATA[_wp_attached_file]]></wp:meta_key>
							<wp:meta_value><![CDATA[2024/08/w-image-color-attribute-coral.jpg]]></wp:meta_value>
						</wp:postmeta>
										</item>
								<item>
					<title><![CDATA[w-image-color-attribute-yellow]]></title>
					<link>https://dummy.xtemos.com/woodmart2/accessories-gutenberg/w-image-color-attribute-yellow/</link>
					<pubDate>Wed, 07 Aug 2024 11:39:41 +0000</pubDate>
					<dc:creator><![CDATA[maksimkliakhin]]></dc:creator>
					<guid isPermaLink="false">http://dummy.xtemos.com/woodmart2/accessories-gutenberg/wp-content/uploads/sites/26/2024/08/w-image-color-attribute-yellow.jpg</guid>
															<wp:post_id>953</wp:post_id>
					<wp:post_date><![CDATA[2024-08-07 11:39:41]]></wp:post_date>
					<wp:post_date_gmt><![CDATA[2024-08-07 11:39:41]]></wp:post_date_gmt>
					<wp:post_modified><![CDATA[2024-08-07 11:39:41]]></wp:post_modified>
					<wp:post_modified_gmt><![CDATA[2024-08-07 11:39:41]]></wp:post_modified_gmt>
					<wp:comment_status><![CDATA[open]]></wp:comment_status>
					<wp:post_name><![CDATA[w-image-color-attribute-yellow]]></wp:post_name>
					<wp:status><![CDATA[inherit]]></wp:status>
					<wp:post_parent>0</wp:post_parent>
					<wp:menu_order>0</wp:menu_order>
					<wp:post_type><![CDATA[attachment]]></wp:post_type>
											<wp:attachment_url><![CDATA[http://dummy.xtemos.com/woodmart2/accessories-gutenberg/wp-content/uploads/sites/26/2024/08/w-image-color-attribute-yellow.jpg]]></wp:attachment_url>
																					<wp:postmeta>
							<wp:meta_key><![CDATA[_wp_attached_file]]></wp:meta_key>
							<wp:meta_value><![CDATA[2024/08/w-image-color-attribute-yellow.jpg]]></wp:meta_value>
						</wp:postmeta>
										</item>
								<item>
					<title><![CDATA[Checkout layout Accessories]]></title>
					<link>https://dummy.xtemos.com/woodmart2/accessories-gutenberg/woodmart_layout/checkout-layout-accessories/</link>
					<pubDate>Wed, 07 Aug 2024 11:58:28 +0000</pubDate>
					<dc:creator><![CDATA[maksimkliakhin]]></dc:creator>
					<guid isPermaLink="false">https://dummy.xtemos.com/woodmart2/accessories-gutenberg/?post_type=woodmart_layout&#038;p=956</guid>
											<content:encoded><![CDATA[<!-- wp:wd/container {"blockId":"2ed364e8-0b28-4883-8f89-7306570e323d","rowGap":"","marginBottom":"30","displayWidth":"custom","customWidth":"650","marginBottomMobile":"0","alignSelfTablet":"center","displayWidthMobile":"custom","customWidthUnitsTablet":"%"} -->
<div id="wd-2ed364e8" class="wp-block-wd-container wd-dir-col wd-custom-width wd-align-s-center-md"><!-- wp:wd/woo-notices {"blockId":"19acef32-4c1f-4377-ad02-c71e60afd66e"} /-->

<!-- wp:wd/ch-login-form {"blockId":"c880f418-6a81-4045-a94b-8e98bda3c3c4","align":"center","alignTablet":"center"} /-->

<!-- wp:wd/ch-coupon-form {"blockId":"76217e4c-8737-46f6-ab3a-e62ba4c4e0c0","align":"center","marginBottom":"15"} /-->

<!-- wp:wd/woo-shipping-progress-bar {"blockId":"8a2fb32e-cb90-4459-b5ff-f9b8d2cae7f9","bgColorCode":"#f7fafc","paddingTop":"30","paddingRight":"30","paddingBottom":"30","paddingLeft":"30","paddingLock":true,"marginBottom":"20","borderType":"none","borderRadius":"10","borderRadiusTop":"10","borderRadiusRight":"10","borderRadiusBottom":"10","borderRadiusLeft":"10","displayWidth":"","customWidth":"","textAlignTablet":"center"} /-->

<!-- wp:wd/ch-form {"blockId":"d0614e8d-5668-47bd-aa4b-e49f7d1b7099"} -->
<!-- wp:wd/paragraph {"blockId":"a1b6e36c-443a-49e7-ae5a-ae6aa53e78fd","textAlign":"center","colorVariable":"\u002d\u002dwd-primary-color","tpFontSize":"120","tpLineHeight":"1","tpFontVariant":"600","tpFontWeight":"600","tpFontSizeTablet":"80","tpFontSizeMobile":"40","tpLineHeightUnits":"em"} -->
<p id="wd-a1b6e36c" class="wp-block-wd-paragraph wd-align">1.</p>
<!-- /wp:wd/paragraph -->

<!-- wp:wd/title {"blockId":"96d3cb56-1d6a-46fe-8e2d-9cbf1c89f4ed","textAlign":"center","content":"Billing details​","tpFontSize":"46","tpFontSizeTablet":"32","tpFontSizeMobile":"26"} -->
<h2 id="wd-96d3cb56" class="wp-block-wd-title title wd-align">Billing details​</h2>
<!-- /wp:wd/title -->

<!-- wp:wd/ch-billing-details {"blockId":"bc89e229-1e66-488b-bb49-0d5d482e6fb3"} /-->

<!-- wp:wd/ch-shipping-details {"blockId":"cf8cabf9-7092-49c8-9fd4-23b503c34c03","marginBottom":"20"} /-->

<!-- wp:wd/paragraph {"blockId":"e0d72c52-719b-4b58-9f7a-a597ad5e0605","textAlign":"center","colorVariable":"\u002d\u002dwd-primary-color","tpFontSize":"120","tpLineHeight":"1","tpFontVariant":"600","tpFontWeight":"600","tpFontSizeTablet":"80","tpFontSizeMobile":"40","tpLineHeightUnits":"em"} -->
<p id="wd-e0d72c52" class="wp-block-wd-paragraph wd-align">2.</p>
<!-- /wp:wd/paragraph -->

<!-- wp:wd/title {"blockId":"953c6d36-b2af-4252-953c-8ce189de6d24","textAlign":"center","content":"Check Your Order","tpFontSize":"46","tpFontSizeTablet":"32","tpFontSizeMobile":"26"} -->
<h2 id="wd-953c6d36" class="wp-block-wd-title title wd-align">Check Your Order</h2>
<!-- /wp:wd/title -->

<!-- wp:wd/ch-order-review {"blockId":"30dc4a6c-2f91-4b58-a3cc-7b0802790bd3","paddingTop":"20","paddingRight":"20","paddingBottom":"20","paddingLeft":"20","paddingLock":true,"marginBottom":"20","borderType":"solid","borderColorCode":"rgba(0,0,0,0.08)","borderWidth":"1","borderWidthTop":"1","borderWidthRight":"1","borderWidthBottom":"1","borderWidthLeft":"1","borderWidthLock":true,"borderRadius":"10","borderRadiusTop":"10","borderRadiusRight":"10","borderRadiusBottom":"10","borderRadiusLeft":"10"} /-->

<!-- wp:wd/paragraph {"blockId":"c1ca2fed-6fbe-4613-be38-7359641226c6","textAlign":"center","colorVariable":"\u002d\u002dwd-primary-color","tpFontSize":"120","tpLineHeight":"1","tpFontVariant":"600","tpFontWeight":"600","tpFontSizeTablet":"80","tpFontSizeMobile":"40","tpLineHeightUnits":"em"} -->
<p id="wd-c1ca2fed" class="wp-block-wd-paragraph wd-align">3.</p>
<!-- /wp:wd/paragraph -->

<!-- wp:wd/title {"blockId":"886d2e4e-f0d7-4069-b030-2d85f9486876","textAlign":"center","content":"Payment Information​","tpFontSize":"46","tpFontSizeTablet":"32","tpFontSizeMobile":"26"} -->
<h2 id="wd-886d2e4e" class="wp-block-wd-title title wd-align">Payment Information​</h2>
<!-- /wp:wd/title -->

<!-- wp:wd/ch-payment-methods {"blockId":"b839e5b8-93c0-4756-bbfb-41e8f824c874","btnAlign":"stretch","descriptionBgColorCode":"#f9f9f9","descriptionBoxShadowColorCode":"rgba(0,0,0,0)","descriptionBoxShadowBlur":0,"descriptionPaddingTop":"0","descriptionPaddingRight":"0","descriptionPaddingBottom":"0","descriptionPaddingLeft":"0","descriptionPaddingLock":true,"termsConditionsColorCode":"#f9f9f9","paddingTop":"30","paddingRight":"30","paddingBottom":"30","paddingLeft":"30","paddingLock":true,"borderType":"solid","borderColorCode":"rgba(46,107,197,0.32)","borderWidth":"5","borderWidthTop":"5","borderWidthRight":"5","borderWidthBottom":"5","borderWidthLeft":"5","borderWidthLock":true,"borderRadius":"10","borderRadiusTop":"10","borderRadiusRight":"10","borderRadiusBottom":"10","borderRadiusLeft":"10","paddingTopTablet":"20","paddingRightTablet":"20","paddingBottomTablet":"20","paddingLeftTablet":"20","paddingLockTablet":true} /-->
<!-- /wp:wd/ch-form --></div>
<!-- /wp:wd/container -->]]></content:encoded>
															<wp:post_id>956</wp:post_id>
					<wp:post_date><![CDATA[2024-08-07 11:58:28]]></wp:post_date>
					<wp:post_date_gmt><![CDATA[2024-08-07 11:58:28]]></wp:post_date_gmt>
					<wp:post_modified><![CDATA[2024-11-08 15:05:20]]></wp:post_modified>
					<wp:post_modified_gmt><![CDATA[2024-11-08 15:05:20]]></wp:post_modified_gmt>
					<wp:comment_status><![CDATA[closed]]></wp:comment_status>
					<wp:post_name><![CDATA[checkout-layout-accessories]]></wp:post_name>
					<wp:status><![CDATA[publish]]></wp:status>
					<wp:post_parent>0</wp:post_parent>
					<wp:menu_order>0</wp:menu_order>
					<wp:post_type><![CDATA[woodmart_layout]]></wp:post_type>
																					<wp:postmeta>
							<wp:meta_key><![CDATA[wd_layout_type]]></wp:meta_key>
							<wp:meta_value><![CDATA[checkout_form]]></wp:meta_value>
						</wp:postmeta>
												<wp:postmeta>
							<wp:meta_key><![CDATA[wd_layout_conditions]]></wp:meta_key>
							<wp:meta_value><![CDATA[a:1:{i:0;a:3:{s:20:"condition_comparison";s:7:"include";s:14:"condition_type";s:13:"checkout_form";s:15:"condition_query";s:0:"";}}]]></wp:meta_value>
						</wp:postmeta>
										</item>
								<item>
					<title><![CDATA[Product archive layout Cases]]></title>
					<link>https://dummy.xtemos.com/woodmart2/accessories-gutenberg/woodmart_layout/product-archive-layout-cases/</link>
					<pubDate>Wed, 07 Aug 2024 08:24:36 +0000</pubDate>
					<dc:creator><![CDATA[maksimkliakhin]]></dc:creator>
					<guid isPermaLink="false">https://dummy.xtemos.com/woodmart2/accessories-gutenberg/?post_type=woodmart_layout&#038;p=901</guid>
											<content:encoded><![CDATA[<!-- wp:wd/woo-page-title {"blockId":"b9f93943-bba3-4585-9da1-e332a4d4a53c","stretch":true,"marginTop":"-40","marginBottom":"60","marginBottomTablet":"40"} /-->

<!-- wp:wd/woo-notices {"blockId":"3c517244-b373-46af-b2ab-a847c330e484"} /-->

<!-- wp:wd/container {"blockId":"18d1068e-4c50-4487-ab8e-fecbb67ea1d8","direction":"row","justify":"space-between","marginBottom":"30","directionMobile":"column"} -->
<div id="wd-18d1068e" class="wp-block-wd-container wd-dir-row wd-dir-col-sm"><!-- wp:wd/title {"blockId":"1cf6666a-b89b-401f-914e-9ef3065963cf","content":"Choose Your Phone","tpFontSize":"26"} -->
<h2 id="wd-1cf6666a" class="wp-block-wd-title title">Choose Your Phone</h2>
<!-- /wp:wd/title -->

<!-- wp:wd/button {"blockId":"cbc17a20-8437-42bb-a6ac-345f3a508037","design":"link"} -->
<a id="wd-cbc17a20" class="wp-block-wd-button btn btn-style-link btn-size-default" href="#"><span>More Models</span></a>
<!-- /wp:wd/button --></div>
<!-- /wp:wd/container -->

<!-- wp:wd/product-categories {"blockId":"22de3d94-df0d-4f8e-b860-f1525e47d6ea","data_source":"wc_query","number":"8","hide_empty":false,"categories_design":"alt","image_container_width":"102","custom_rounding_size":"50","style":"carousel","spacing":"30","img_size":"large","marginBottom":"30","slides_per_view":"6","hide_pagination_control":true,"sync_parent_id":"wd_b9db7f35","custom_rounding_sizeUnits":"%","slides_per_viewTablet":"4","hide_pagination_controlTablet":true,"hide_pagination_controlMobile":true} /-->

<!-- wp:wd/brands {"blockId":"95fd6939-e866-4f80-8089-b0711fe4e743","number":"6","filter_in_current_category":true,"style":"grid","columns":6,"marginTop":"10","marginBottom":"30","sync_parent_id":"wd_94e7a8e8","columnsTablet":3,"columnsMobile":2} /-->

<!-- wp:wd/carousel {"blockId":"87eea496-0538-432f-b0f6-d7b13d8d194f","currentSlide":2,"paginationControl":false,"paginationControlTablet":false,"paginationControlMobile":false,"syncParentId":"wd_87eea496","marginBottom":"80","slidesPerViewTablet":"2","slidesPerViewMobile":"1","marginBottomTablet":"60","marginBottomMobile":"40"} -->
<div id="wd-87eea496" class="wp-block-wd-carousel wd-carousel-container"><div class="wd-carousel-inner"><div class="wd-carousel wd-grid" style="--wd-col-lg:3;--wd-col-md:2;--wd-col-sm:1;--wd-gap-lg:20px;--wd-gap-sm:10px" data-scroll_per_page="yes"><div class="wd-carousel-wrap"><!-- wp:wd/carousel-item {"blockId":"6ab673b0-c468-42b0-b858-220625f3ab16"} -->
<div id="wd-6ab673b0" class="wp-block-wd-carousel-item wd-carousel-item"><!-- wp:wd/cover {"blockId":"cb12f157-4b25-4928-b32c-cc7054ace1de","hover":"zoom-in","aspectRatio":"asImage","imageAspectRatio":"/","height":"460","bgImage":{"id":906,"url":"http://dummy.xtemos.com/woodmart2/accessories-gutenberg/wp-content/uploads/sites/26/2024/08/mag-safe-case-category.jpg"}} -->
<div id="wd-cb12f157" class="wp-block-wd-cover wd-hover-parent wd-hover-zoom-in"><div class="wd-block-cover-img"></div><a class="wd-block-cover-link wd-fill" href="#" aria-label="Cover link"></a><!-- wp:wd/container {"blockId":"b1b1bd0a-ba38-4ac8-89c2-a461d00bb8e1","metadata":{"name":"Banner content"}} -->
<div id="wd-b1b1bd0a" class="wp-block-wd-container wd-dir-col"><!-- wp:wd/paragraph {"blockId":"4e8d687e-78ad-435e-ae2b-fc4c98162974","colorVariable":"\u002d\u002dwd-primary-color","tpFontFamily":"var(\u002d\u002dwd-title-font)","tpFontVariant":"600","tpFontWeight":"600","tpFontSizeTablet":"14"} -->
<p id="wd-4e8d687e" class="wp-block-wd-paragraph">Safe your phone</p>
<!-- /wp:wd/paragraph -->

<!-- wp:wd/title {"blockId":"6ef7a0d6-c733-4eab-aafa-5db10a5598fe","content":"MagSafe Case","tpFontSize":"26","marginBottom":"10","tpFontSizeTablet":"20"} -->
<h2 id="wd-6ef7a0d6" class="wp-block-wd-title title">MagSafe Case</h2>
<!-- /wp:wd/title -->

<!-- wp:wd/button {"blockId":"95a6b59f-c728-4db8-98cf-d1114fbffbcb","predefinedColor":"primary","shape":"semi-round"} -->
<a id="wd-95a6b59f" class="wp-block-wd-button btn btn-style-default btn-color-primary btn-size-default btn-shape-semi-round" href="#"><span>View more</span></a>
<!-- /wp:wd/button --></div>
<!-- /wp:wd/container --></div>
<!-- /wp:wd/cover --></div>
<!-- /wp:wd/carousel-item -->

<!-- wp:wd/carousel-item {"blockId":"9d4a79df-f965-46e4-8fa7-1ccbe148c504"} -->
<div id="wd-9d4a79df" class="wp-block-wd-carousel-item wd-carousel-item"><!-- wp:wd/cover {"blockId":"e57a8594-4bbe-4b0c-a4ee-fad60e0e7e17","hover":"zoom-in","aspectRatio":"asImage","imageAspectRatio":"/","height":"460","bgImage":{"id":905,"url":"http://dummy.xtemos.com/woodmart2/accessories-gutenberg/wp-content/uploads/sites/26/2024/08/fabric-case-category.jpg"}} -->
<div id="wd-e57a8594" class="wp-block-wd-cover wd-hover-parent wd-hover-zoom-in"><div class="wd-block-cover-img"></div><a class="wd-block-cover-link wd-fill" href="#" aria-label="Cover link"></a><!-- wp:wd/container {"blockId":"a558d8f8-92df-4901-aca2-d22bc1c8ffe7","metadata":{"name":"Banner content"}} -->
<div id="wd-a558d8f8" class="wp-block-wd-container wd-dir-col"><!-- wp:wd/paragraph {"blockId":"03c07003-72f9-4c1f-b490-a42e3220ebce","colorVariable":"\u002d\u002dwd-primary-color","tpFontFamily":"var(\u002d\u002dwd-title-font)","tpFontVariant":"600","tpFontWeight":"600","tpFontSizeTablet":"14"} -->
<p id="wd-03c07003" class="wp-block-wd-paragraph">Popular</p>
<!-- /wp:wd/paragraph -->

<!-- wp:wd/title {"blockId":"f51e5870-5aff-4502-9a93-f894f60ebd54","content":"Fabric Case","tpFontSize":"26","marginBottom":"10","tpFontSizeTablet":"20"} -->
<h2 id="wd-f51e5870" class="wp-block-wd-title title">Fabric Case</h2>
<!-- /wp:wd/title -->

<!-- wp:wd/button {"blockId":"2e3cec2f-2df7-44f6-bbc0-7ae98c14d5cf","predefinedColor":"primary","shape":"semi-round"} -->
<a id="wd-2e3cec2f" class="wp-block-wd-button btn btn-style-default btn-color-primary btn-size-default btn-shape-semi-round" href="#"><span>View more</span></a>
<!-- /wp:wd/button --></div>
<!-- /wp:wd/container --></div>
<!-- /wp:wd/cover --></div>
<!-- /wp:wd/carousel-item -->

<!-- wp:wd/carousel-item {"blockId":"510b359a-26ce-4b7c-8915-4d4ceb5d2cf1"} -->
<div id="wd-510b359a" class="wp-block-wd-carousel-item wd-carousel-item"><!-- wp:wd/cover {"blockId":"19616a0b-5ac5-4831-8255-acdf82bb1aee","hover":"zoom-in","aspectRatio":"asImage","imageAspectRatio":"/","height":"460","bgImage":{"id":907,"url":"http://dummy.xtemos.com/woodmart2/accessories-gutenberg/wp-content/uploads/sites/26/2024/08/silicone-case-category.jpg"}} -->
<div id="wd-19616a0b" class="wp-block-wd-cover wd-hover-parent wd-hover-zoom-in"><div class="wd-block-cover-img"></div><a class="wd-block-cover-link wd-fill" href="#" aria-label="Cover link"></a><!-- wp:wd/container {"blockId":"8efe9508-9218-4cb6-a78c-181ed72d89ca","metadata":{"name":"Banner content"}} -->
<div id="wd-8efe9508" class="wp-block-wd-container wd-dir-col"><!-- wp:wd/paragraph {"blockId":"4ce1f6b6-ba3f-451a-bbfe-901fb2a5c68c","colorVariable":"\u002d\u002dwd-primary-color","tpFontFamily":"var(\u002d\u002dwd-title-font)","tpFontVariant":"600","tpFontWeight":"600","tpFontSizeTablet":"14"} -->
<p id="wd-4ce1f6b6" class="wp-block-wd-paragraph">Your style</p>
<!-- /wp:wd/paragraph -->

<!-- wp:wd/title {"blockId":"ca7424fb-63a1-479d-bd43-7e9dacfa22b2","content":"Silicone Case","tpFontSize":"26","marginBottom":"10","tpFontSizeTablet":"22"} -->
<h2 id="wd-ca7424fb" class="wp-block-wd-title title">Silicone Case</h2>
<!-- /wp:wd/title -->

<!-- wp:wd/button {"blockId":"b9ab9e47-56aa-4e5b-a19c-2e15b88e0433","predefinedColor":"primary","shape":"semi-round"} -->
<a id="wd-b9ab9e47" class="wp-block-wd-button btn btn-style-default btn-color-primary btn-size-default btn-shape-semi-round" href="#"><span>View more</span></a>
<!-- /wp:wd/button --></div>
<!-- /wp:wd/container --></div>
<!-- /wp:wd/cover --></div>
<!-- /wp:wd/carousel-item --></div></div><div class="wd-nav-arrows wd-pos-sep wd-hover-1 wd-icon-1"><div class="wd-btn-arrow wd-prev"><div class="wd-arrow-inner"></div></div><div class="wd-btn-arrow wd-next"><div class="wd-arrow-inner"></div></div></div></div></div>
<!-- /wp:wd/carousel -->

<!-- wp:wd/paragraph {"blockId":"8ba387a2-43bd-46b8-b745-61026e19f571","textAlign":"center","colorVariable":"\u002d\u002dwd-primary-color","tpFontFamily":"var(\u002d\u002dwd-title-font)","tpFontVariant":"600","tpFontWeight":"600","marginBottom":"10","tpFontSizeTablet":"14"} -->
<p id="wd-8ba387a2" class="wp-block-wd-paragraph wd-align">Hurry up to buy</p>
<!-- /wp:wd/paragraph -->

<!-- wp:wd/title {"blockId":"52de9c85-b698-4c58-b20e-02187e3dee61","textAlign":"center","content":"Popular Products","tpFontSize":"36","marginBottom":"10","tpFontSizeTablet":"26"} -->
<h2 id="wd-52de9c85" class="wp-block-wd-title title wd-align">Popular Products</h2>
<!-- /wp:wd/title -->

<!-- wp:wd/paragraph {"blockId":"3e09b03a-c44e-488f-8b3a-56d5a560cd83","textAlign":"center","tpFontSizeTablet":"15"} -->
<p id="wd-3e09b03a" class="wp-block-wd-paragraph wd-align">How can you evaluate content without design</p>
<!-- /wp:wd/paragraph -->

<!-- wp:wd/products {"blockId":"8ce012a7-004d-4c03-9500-887de3277eec","layout":"carousel","marginBottom":"30","slides_per_view":"5","hide_pagination_control":true,"sync_parent_id":"wd_0010ed1c","marginBottomMobile":"0","slides_per_viewTablet":"3","slides_per_viewMobile":"2","hide_pagination_controlTablet":true,"hide_pagination_controlMobile":true} /-->]]></content:encoded>
															<wp:post_id>901</wp:post_id>
					<wp:post_date><![CDATA[2024-08-07 08:24:36]]></wp:post_date>
					<wp:post_date_gmt><![CDATA[2024-08-07 08:24:36]]></wp:post_date_gmt>
					<wp:post_modified><![CDATA[2024-10-25 06:41:43]]></wp:post_modified>
					<wp:post_modified_gmt><![CDATA[2024-10-25 06:41:43]]></wp:post_modified_gmt>
					<wp:comment_status><![CDATA[closed]]></wp:comment_status>
					<wp:post_name><![CDATA[product-archive-layout-cases]]></wp:post_name>
					<wp:status><![CDATA[publish]]></wp:status>
					<wp:post_parent>0</wp:post_parent>
					<wp:menu_order>0</wp:menu_order>
					<wp:post_type><![CDATA[woodmart_layout]]></wp:post_type>
																					<wp:postmeta>
							<wp:meta_key><![CDATA[wd_layout_type]]></wp:meta_key>
							<wp:meta_value><![CDATA[shop_archive]]></wp:meta_value>
						</wp:postmeta>
												<wp:postmeta>
							<wp:meta_key><![CDATA[wd_layout_conditions]]></wp:meta_key>
							<wp:meta_value><![CDATA[a:1:{i:0;a:3:{s:20:"condition_comparison";s:7:"include";s:14:"condition_type";s:12:"product_term";s:15:"condition_query";s:2:"16";}}]]></wp:meta_value>
						</wp:postmeta>
										</item>
								<item>
					<title><![CDATA[fabric-case-category]]></title>
					<link>https://dummy.xtemos.com/woodmart2/accessories-gutenberg/woodmart_layout/product-archive-layout-cases/fabric-case-category-2/</link>
					<pubDate>Wed, 07 Aug 2024 08:36:09 +0000</pubDate>
					<dc:creator><![CDATA[maksimkliakhin]]></dc:creator>
					<guid isPermaLink="false">http://dummy.xtemos.com/woodmart2/accessories-gutenberg/wp-content/uploads/sites/26/2024/08/fabric-case-category.jpg</guid>
															<wp:post_id>905</wp:post_id>
					<wp:post_date><![CDATA[2024-08-07 08:36:09]]></wp:post_date>
					<wp:post_date_gmt><![CDATA[2024-08-07 08:36:09]]></wp:post_date_gmt>
					<wp:post_modified><![CDATA[2024-08-07 08:36:09]]></wp:post_modified>
					<wp:post_modified_gmt><![CDATA[2024-08-07 08:36:09]]></wp:post_modified_gmt>
					<wp:comment_status><![CDATA[open]]></wp:comment_status>
					<wp:post_name><![CDATA[fabric-case-category-2]]></wp:post_name>
					<wp:status><![CDATA[inherit]]></wp:status>
					<wp:post_parent>901</wp:post_parent>
					<wp:menu_order>0</wp:menu_order>
					<wp:post_type><![CDATA[attachment]]></wp:post_type>
											<wp:attachment_url><![CDATA[http://dummy.xtemos.com/woodmart2/accessories-gutenberg/wp-content/uploads/sites/26/2024/08/fabric-case-category.jpg]]></wp:attachment_url>
																					<wp:postmeta>
							<wp:meta_key><![CDATA[_wp_attached_file]]></wp:meta_key>
							<wp:meta_value><![CDATA[2024/08/fabric-case-category.jpg]]></wp:meta_value>
						</wp:postmeta>
										</item>
								<item>
					<title><![CDATA[mag-safe-case-category]]></title>
					<link>https://dummy.xtemos.com/woodmart2/accessories-gutenberg/woodmart_layout/product-archive-layout-cases/mag-safe-case-category-2/</link>
					<pubDate>Wed, 07 Aug 2024 08:36:10 +0000</pubDate>
					<dc:creator><![CDATA[maksimkliakhin]]></dc:creator>
					<guid isPermaLink="false">http://dummy.xtemos.com/woodmart2/accessories-gutenberg/wp-content/uploads/sites/26/2024/08/mag-safe-case-category.jpg</guid>
															<wp:post_id>906</wp:post_id>
					<wp:post_date><![CDATA[2024-08-07 08:36:10]]></wp:post_date>
					<wp:post_date_gmt><![CDATA[2024-08-07 08:36:10]]></wp:post_date_gmt>
					<wp:post_modified><![CDATA[2024-08-07 08:36:10]]></wp:post_modified>
					<wp:post_modified_gmt><![CDATA[2024-08-07 08:36:10]]></wp:post_modified_gmt>
					<wp:comment_status><![CDATA[open]]></wp:comment_status>
					<wp:post_name><![CDATA[mag-safe-case-category-2]]></wp:post_name>
					<wp:status><![CDATA[inherit]]></wp:status>
					<wp:post_parent>901</wp:post_parent>
					<wp:menu_order>0</wp:menu_order>
					<wp:post_type><![CDATA[attachment]]></wp:post_type>
											<wp:attachment_url><![CDATA[http://dummy.xtemos.com/woodmart2/accessories-gutenberg/wp-content/uploads/sites/26/2024/08/mag-safe-case-category.jpg]]></wp:attachment_url>
																					<wp:postmeta>
							<wp:meta_key><![CDATA[_wp_attached_file]]></wp:meta_key>
							<wp:meta_value><![CDATA[2024/08/mag-safe-case-category.jpg]]></wp:meta_value>
						</wp:postmeta>
										</item>
								<item>
					<title><![CDATA[silicone-case-category]]></title>
					<link>https://dummy.xtemos.com/woodmart2/accessories-gutenberg/woodmart_layout/product-archive-layout-cases/silicone-case-category-2/</link>
					<pubDate>Wed, 07 Aug 2024 08:36:11 +0000</pubDate>
					<dc:creator><![CDATA[maksimkliakhin]]></dc:creator>
					<guid isPermaLink="false">http://dummy.xtemos.com/woodmart2/accessories-gutenberg/wp-content/uploads/sites/26/2024/08/silicone-case-category.jpg</guid>
															<wp:post_id>907</wp:post_id>
					<wp:post_date><![CDATA[2024-08-07 08:36:11]]></wp:post_date>
					<wp:post_date_gmt><![CDATA[2024-08-07 08:36:11]]></wp:post_date_gmt>
					<wp:post_modified><![CDATA[2024-08-07 08:36:11]]></wp:post_modified>
					<wp:post_modified_gmt><![CDATA[2024-08-07 08:36:11]]></wp:post_modified_gmt>
					<wp:comment_status><![CDATA[open]]></wp:comment_status>
					<wp:post_name><![CDATA[silicone-case-category-2]]></wp:post_name>
					<wp:status><![CDATA[inherit]]></wp:status>
					<wp:post_parent>901</wp:post_parent>
					<wp:menu_order>0</wp:menu_order>
					<wp:post_type><![CDATA[attachment]]></wp:post_type>
											<wp:attachment_url><![CDATA[http://dummy.xtemos.com/woodmart2/accessories-gutenberg/wp-content/uploads/sites/26/2024/08/silicone-case-category.jpg]]></wp:attachment_url>
																					<wp:postmeta>
							<wp:meta_key><![CDATA[_wp_attached_file]]></wp:meta_key>
							<wp:meta_value><![CDATA[2024/08/silicone-case-category.jpg]]></wp:meta_value>
						</wp:postmeta>
										</item>
								<item>
					<title><![CDATA[limited-edition-straps-category]]></title>
					<link>https://dummy.xtemos.com/woodmart2/accessories-gutenberg/woodmart_layout/product-archive-layout-straps/limited-edition-straps-category-2/</link>
					<pubDate>Wed, 07 Aug 2024 09:27:55 +0000</pubDate>
					<dc:creator><![CDATA[maksimkliakhin]]></dc:creator>
					<guid isPermaLink="false">http://dummy.xtemos.com/woodmart2/accessories-gutenberg/wp-content/uploads/sites/26/2024/08/limited-edition-straps-category.jpg</guid>
															<wp:post_id>921</wp:post_id>
					<wp:post_date><![CDATA[2024-08-07 09:27:55]]></wp:post_date>
					<wp:post_date_gmt><![CDATA[2024-08-07 09:27:55]]></wp:post_date_gmt>
					<wp:post_modified><![CDATA[2024-08-07 09:27:55]]></wp:post_modified>
					<wp:post_modified_gmt><![CDATA[2024-08-07 09:27:55]]></wp:post_modified_gmt>
					<wp:comment_status><![CDATA[open]]></wp:comment_status>
					<wp:post_name><![CDATA[limited-edition-straps-category-2]]></wp:post_name>
					<wp:status><![CDATA[inherit]]></wp:status>
					<wp:post_parent>917</wp:post_parent>
					<wp:menu_order>0</wp:menu_order>
					<wp:post_type><![CDATA[attachment]]></wp:post_type>
											<wp:attachment_url><![CDATA[http://dummy.xtemos.com/woodmart2/accessories-gutenberg/wp-content/uploads/sites/26/2024/08/limited-edition-straps-category.jpg]]></wp:attachment_url>
																					<wp:postmeta>
							<wp:meta_key><![CDATA[_wp_attached_file]]></wp:meta_key>
							<wp:meta_value><![CDATA[2024/08/limited-edition-straps-category.jpg]]></wp:meta_value>
						</wp:postmeta>
										</item>
								<item>
					<title><![CDATA[new-44mm-straps-category]]></title>
					<link>https://dummy.xtemos.com/woodmart2/accessories-gutenberg/woodmart_layout/product-archive-layout-straps/new-44mm-straps-category-2/</link>
					<pubDate>Wed, 07 Aug 2024 09:28:07 +0000</pubDate>
					<dc:creator><![CDATA[maksimkliakhin]]></dc:creator>
					<guid isPermaLink="false">http://dummy.xtemos.com/woodmart2/accessories-gutenberg/wp-content/uploads/sites/26/2024/08/new-44mm-straps-category.jpg</guid>
															<wp:post_id>922</wp:post_id>
					<wp:post_date><![CDATA[2024-08-07 09:28:07]]></wp:post_date>
					<wp:post_date_gmt><![CDATA[2024-08-07 09:28:07]]></wp:post_date_gmt>
					<wp:post_modified><![CDATA[2024-08-07 09:28:07]]></wp:post_modified>
					<wp:post_modified_gmt><![CDATA[2024-08-07 09:28:07]]></wp:post_modified_gmt>
					<wp:comment_status><![CDATA[open]]></wp:comment_status>
					<wp:post_name><![CDATA[new-44mm-straps-category-2]]></wp:post_name>
					<wp:status><![CDATA[inherit]]></wp:status>
					<wp:post_parent>917</wp:post_parent>
					<wp:menu_order>0</wp:menu_order>
					<wp:post_type><![CDATA[attachment]]></wp:post_type>
											<wp:attachment_url><![CDATA[http://dummy.xtemos.com/woodmart2/accessories-gutenberg/wp-content/uploads/sites/26/2024/08/new-44mm-straps-category.jpg]]></wp:attachment_url>
																					<wp:postmeta>
							<wp:meta_key><![CDATA[_wp_attached_file]]></wp:meta_key>
							<wp:meta_value><![CDATA[2024/08/new-44mm-straps-category.jpg]]></wp:meta_value>
						</wp:postmeta>
										</item>
				</channel>
</rss>
	